observation_id,student_id,camera_id,campus_zone,observation_timestamp,person_detected,detection_confidence,tracking_id,identity_verified
OBS_100000,STU1001,CAM005,Academic Block Corridor,2023-10-23 10:04:00,1,0.88,TRK_2072,1
OBS_100001,STU1002,CAM004,Computer Laboratory Corridor,2023-10-23 09:39:00,1,0.95,TRK_4368,1
OBS_100002,STU1002,CAM004,Computer Laboratory Corridor,2023-10-23 11:02:00,1,0.91,TRK_2181,1
OBS_100003,STU1003,CAM004,Computer Laboratory Corridor,2023-10-23 09:43:00,1,0.92,TRK_1620,1
OBS_100004,STU1003,CAM001,Main Building Entrance,2023-10-23 10:09:00,1,0.76,TRK_5127,1
OBS_100005,STU1004,CAM002,Library Entrance,2023-10-23 09:20:00,1,0.97,TRK_7678,1
OBS_100006,STU1005,CAM004,Computer Laboratory Corridor,2023-10-23 08:44:00,1,0.85,TRK_1276,1
OBS_100007,STU1005,CAM001,Main Building Entrance,2023-10-23 09:48:00,1,0.88,TRK_2036,1
OBS_100008,STU1005,CAM001,Main Building Entrance,2023-10-23 11:17:00,1,0.92,TRK_2189,1
OBS_100009,STU1005,CAM005,Academic Block Corridor,2023-10-23 12:17:00,1,0.78,TRK_5937,1
OBS_100010,STU1006,CAM004,Computer Laboratory Corridor,2023-10-23 09:36:00,1,0.84,TRK_1504,1
OBS_100011,STU1007,CAM005,Academic Block Corridor,2023-10-23 09:41:00,1,0.8,TRK_7406,1
OBS_100012,STU1007,CAM003,Canteen Entrance,2023-10-23 11:05:00,1,0.98,TRK_3360,1
OBS_100013,STU1007,CAM003,Canteen Entrance,2023-10-23 11:58:00,1,0.98,TRK_1182,1
OBS_100014,STU1007,CAM005,Academic Block Corridor,2023-10-23 13:23:00,1,0.78,TRK_1684,1
OBS_100015,STU1008,CAM005,Academic Block Corridor,2023-10-23 10:56:00,1,0.84,TRK_9970,1
OBS_100016,STU1009,CAM002,Library Entrance,2023-10-23 09:02:00,1,0.93,TRK_6633,1
OBS_100017,STU1010,CAM005,Academic Block Corridor,2023-10-23 09:49:00,1,0.78,TRK_4014,1
OBS_100018,STU1010,CAM005,Academic Block Corridor,2023-10-23 10:32:00,1,0.95,TRK_4183,1
OBS_100019,STU1011,CAM005,Academic Block Corridor,2023-10-23 09:20:00,1,0.95,TRK_9992,1
OBS_100020,STU1012,CAM001,Main Building Entrance,2023-10-23 10:21:00,1,0.82,TRK_2103,1
OBS_100021,STU1012,CAM001,Main Building Entrance,2023-10-23 11:08:00,1,0.8,TRK_8982,1
OBS_100022,STU1012,CAM003,Canteen Entrance,2023-10-23 12:05:00,1,0.78,TRK_4842,1
OBS_100023,STU1012,CAM003,Canteen Entrance,2023-10-23 12:32:00,1,0.9,TRK_4170,1
OBS_100024,STU1013,CAM004,Computer Laboratory Corridor,2023-10-23 09:36:00,1,0.83,TRK_6008,1
OBS_100025,STU1013,CAM002,Library Entrance,2023-10-23 11:05:00,1,0.89,TRK_6971,0
OBS_100026,STU1013,CAM004,Computer Laboratory Corridor,2023-10-23 12:00:00,1,0.79,TRK_6131,1
OBS_100027,STU1014,CAM004,Computer Laboratory Corridor,2023-10-23 09:54:00,1,0.82,TRK_6889,1
OBS_100028,STU1014,CAM003,Canteen Entrance,2023-10-23 10:26:00,1,0.96,TRK_8583,1
OBS_100029,STU1015,CAM003,Canteen Entrance,2023-10-23 09:34:00,1,0.87,TRK_2783,1
OBS_100030,STU1015,CAM005,Academic Block Corridor,2023-10-23 10:11:00,1,0.77,TRK_5597,1
OBS_100031,STU1015,CAM005,Academic Block Corridor,2023-10-23 10:43:00,1,0.8,TRK_2252,1
OBS_100032,STU1015,CAM001,Main Building Entrance,2023-10-23 11:07:00,1,0.95,TRK_1511,1
OBS_100033,STU1016,CAM002,Library Entrance,2023-10-23 09:06:00,1,0.97,TRK_5269,1
OBS_100034,STU1016,CAM005,Academic Block Corridor,2023-10-23 10:30:00,1,0.86,TRK_3435,1
OBS_100035,STU1016,CAM004,Computer Laboratory Corridor,2023-10-23 11:31:00,1,0.8,TRK_5767,1
OBS_100036,STU1016,CAM004,Computer Laboratory Corridor,2023-10-23 12:03:00,1,0.87,TRK_2483,1
OBS_100037,STU1017,CAM005,Academic Block Corridor,2023-10-23 09:26:00,1,0.75,TRK_4913,1
OBS_100038,STU1017,CAM005,Academic Block Corridor,2023-10-23 10:02:00,1,0.78,TRK_3608,1
OBS_100039,STU1017,CAM005,Academic Block Corridor,2023-10-23 10:39:00,1,0.98,TRK_3395,1
OBS_100040,STU1017,CAM003,Canteen Entrance,2023-10-23 11:55:00,1,0.76,TRK_8989,1
OBS_100041,STU1019,CAM003,Canteen Entrance,2023-10-23 09:40:00,1,0.84,TRK_1701,1
OBS_100042,STU1019,CAM005,Academic Block Corridor,2023-10-23 10:21:00,1,0.97,TRK_6918,1
OBS_100043,STU1020,CAM004,Computer Laboratory Corridor,2023-10-23 09:28:00,1,0.96,TRK_1653,1
OBS_100044,STU1020,CAM001,Main Building Entrance,2023-10-23 10:24:00,1,0.92,TRK_9542,1
OBS_100045,STU1020,CAM003,Canteen Entrance,2023-10-23 11:14:00,1,0.89,TRK_3848,1
OBS_100046,STU1020,CAM004,Computer Laboratory Corridor,2023-10-23 12:17:00,1,0.84,TRK_2275,1
OBS_100047,STU1021,CAM002,Library Entrance,2023-10-23 10:12:00,1,0.87,TRK_6781,1
OBS_100048,STU1021,CAM004,Computer Laboratory Corridor,2023-10-23 11:11:00,1,0.94,TRK_1108,1
OBS_100049,STU1021,CAM002,Library Entrance,2023-10-23 12:30:00,1,0.86,TRK_4768,1
OBS_100050,STU1022,CAM003,Canteen Entrance,2023-10-23 08:53:00,1,0.8,TRK_4062,1
OBS_100051,STU1024,CAM005,Academic Block Corridor,2023-10-23 10:11:00,1,0.92,TRK_2938,1
OBS_100052,STU1024,CAM004,Computer Laboratory Corridor,2023-10-23 10:55:00,1,0.94,TRK_2856,1
OBS_100053,STU1025,CAM004,Computer Laboratory Corridor,2023-10-23 09:48:00,1,0.8,TRK_3641,1
OBS_100054,STU1025,CAM001,Main Building Entrance,2023-10-23 10:55:00,1,0.81,TRK_3095,1
OBS_100055,STU1025,CAM005,Academic Block Corridor,2023-10-23 12:23:00,1,0.79,TRK_9399,1
OBS_100056,STU1025,CAM005,Academic Block Corridor,2023-10-23 12:43:00,1,0.79,TRK_3725,0
OBS_100057,STU1026,CAM005,Academic Block Corridor,2023-10-23 08:53:00,1,0.98,TRK_1305,1
OBS_100058,STU1026,CAM001,Main Building Entrance,2023-10-23 09:44:00,1,0.8,TRK_8723,1
OBS_100059,STU1026,CAM002,Library Entrance,2023-10-23 11:00:00,1,0.8,TRK_7730,1
OBS_100060,STU1028,CAM002,Library Entrance,2023-10-23 09:54:00,1,0.9,TRK_9369,1
OBS_100061,STU1028,CAM002,Library Entrance,2023-10-23 10:42:00,1,0.92,TRK_6614,1
OBS_100062,STU1030,CAM001,Main Building Entrance,2023-10-23 10:27:00,1,0.81,TRK_7315,1
OBS_100063,STU1030,CAM001,Main Building Entrance,2023-10-23 10:58:00,1,0.75,TRK_9564,1
OBS_100064,STU1030,CAM004,Computer Laboratory Corridor,2023-10-23 12:17:00,1,0.95,TRK_2577,1
OBS_100065,STU1030,CAM004,Computer Laboratory Corridor,2023-10-23 12:54:00,1,0.97,TRK_1639,1
OBS_100066,STU1031,CAM004,Computer Laboratory Corridor,2023-10-23 08:06:00,1,0.91,TRK_9835,1
OBS_100067,STU1032,CAM005,Academic Block Corridor,2023-10-23 10:22:00,1,0.85,TRK_1711,1
OBS_100068,STU1033,CAM004,Computer Laboratory Corridor,2023-10-23 09:45:00,1,0.94,TRK_7246,0
OBS_100069,STU1033,CAM005,Academic Block Corridor,2023-10-23 10:44:00,1,0.94,TRK_2600,1
OBS_100070,STU1033,CAM002,Library Entrance,2023-10-23 11:53:00,1,0.81,TRK_4809,1
OBS_100071,STU1033,CAM003,Canteen Entrance,2023-10-23 12:18:00,1,0.89,TRK_9908,1
OBS_100072,STU1034,CAM002,Library Entrance,2023-10-23 08:27:00,1,0.75,TRK_1116,1
OBS_100073,STU1034,CAM005,Academic Block Corridor,2023-10-23 09:55:00,1,0.78,TRK_1117,1
OBS_100074,STU1034,CAM002,Library Entrance,2023-10-23 10:58:00,1,0.92,TRK_6175,1
OBS_100075,STU1034,CAM003,Canteen Entrance,2023-10-23 12:05:00,1,0.78,TRK_7980,1
OBS_100076,STU1035,CAM005,Academic Block Corridor,2023-10-23 08:37:00,1,0.85,TRK_6990,1
OBS_100077,STU1035,CAM004,Computer Laboratory Corridor,2023-10-23 09:27:00,1,0.93,TRK_7770,1
OBS_100078,STU1035,CAM005,Academic Block Corridor,2023-10-23 10:52:00,1,0.87,TRK_7065,1
OBS_100079,STU1036,CAM003,Canteen Entrance,2023-10-23 09:48:00,1,0.89,TRK_7522,1
OBS_100080,STU1036,CAM001,Main Building Entrance,2023-10-23 10:20:00,1,0.93,TRK_8317,1
OBS_100081,STU1036,CAM001,Main Building Entrance,2023-10-23 10:55:00,1,0.8,TRK_7562,1
OBS_100082,STU1036,CAM005,Academic Block Corridor,2023-10-23 11:53:00,1,0.9,TRK_1852,1
OBS_100083,STU1038,CAM001,Main Building Entrance,2023-10-23 09:14:00,1,0.94,TRK_3381,1
OBS_100084,STU1038,CAM005,Academic Block Corridor,2023-10-23 10:29:00,1,0.85,TRK_2049,1
OBS_100085,STU1039,CAM003,Canteen Entrance,2023-10-23 08:26:00,1,0.77,TRK_1618,1
OBS_100086,STU1039,CAM004,Computer Laboratory Corridor,2023-10-23 09:30:00,1,0.9,TRK_9536,1
OBS_100087,STU1039,CAM005,Academic Block Corridor,2023-10-23 10:21:00,1,0.76,TRK_3871,1
OBS_100088,STU1040,CAM001,Main Building Entrance,2023-10-23 08:41:00,1,0.8,TRK_9489,1
OBS_100089,STU1040,CAM002,Library Entrance,2023-10-23 09:32:00,1,0.76,TRK_9364,1
OBS_100090,STU1040,CAM002,Library Entrance,2023-10-23 10:53:00,1,0.9,TRK_1590,1
OBS_100091,STU1040,CAM002,Library Entrance,2023-10-23 11:54:00,1,0.91,TRK_3579,1
OBS_100092,STU1041,CAM004,Computer Laboratory Corridor,2023-10-23 09:16:00,1,0.83,TRK_7474,1
OBS_100093,STU1042,CAM002,Library Entrance,2023-10-23 10:37:00,1,0.87,TRK_2124,1
OBS_100094,STU1042,CAM005,Academic Block Corridor,2023-10-23 11:03:00,1,0.82,TRK_6703,1
OBS_100095,STU1042,CAM003,Canteen Entrance,2023-10-23 12:02:00,1,0.8,TRK_4187,1
OBS_100096,STU1042,CAM004,Computer Laboratory Corridor,2023-10-23 13:15:00,1,0.89,TRK_5277,0
OBS_100097,STU1044,CAM005,Academic Block Corridor,2023-10-23 08:50:00,1,0.78,TRK_2185,1
OBS_100098,STU1044,CAM003,Canteen Entrance,2023-10-23 10:09:00,1,0.83,TRK_2917,1
OBS_100099,STU1045,CAM005,Academic Block Corridor,2023-10-23 09:04:00,1,0.81,TRK_8254,1
OBS_100100,STU1045,CAM005,Academic Block Corridor,2023-10-23 10:07:00,1,0.87,TRK_4985,1
OBS_100101,STU1045,CAM004,Computer Laboratory Corridor,2023-10-23 11:05:00,1,0.91,TRK_1448,1
OBS_100102,STU1046,CAM003,Canteen Entrance,2023-10-23 08:54:00,1,0.77,TRK_4610,1
OBS_100103,STU1046,CAM003,Canteen Entrance,2023-10-23 09:38:00,1,0.85,TRK_6785,1
OBS_100104,STU1046,CAM005,Academic Block Corridor,2023-10-23 10:59:00,1,0.75,TRK_5314,1
OBS_100105,STU1046,CAM003,Canteen Entrance,2023-10-23 11:45:00,1,0.77,TRK_6603,1
OBS_100106,STU1047,CAM002,Library Entrance,2023-10-23 10:06:00,1,0.86,TRK_6792,1
OBS_100107,STU1048,CAM003,Canteen Entrance,2023-10-23 09:11:00,1,0.79,TRK_4115,0
OBS_100108,STU1048,CAM002,Library Entrance,2023-10-23 10:29:00,1,0.81,TRK_4965,1
OBS_100109,STU1049,CAM002,Library Entrance,2023-10-23 08:22:00,1,0.8,TRK_5091,1
OBS_100110,STU1049,CAM002,Library Entrance,2023-10-23 09:22:00,1,0.94,TRK_2964,1
OBS_100111,STU1049,CAM004,Computer Laboratory Corridor,2023-10-23 09:47:00,1,0.9,TRK_9871,1
OBS_100112,STU1050,CAM003,Canteen Entrance,2023-10-23 09:56:00,1,0.9,TRK_9066,1
OBS_100113,STU1051,CAM002,Library Entrance,2023-10-23 10:03:00,1,0.99,TRK_9374,1
OBS_100114,STU1051,CAM004,Computer Laboratory Corridor,2023-10-23 10:53:00,1,0.8,TRK_3101,1
OBS_100115,STU1051,CAM005,Academic Block Corridor,2023-10-23 11:14:00,1,0.94,TRK_8836,1
OBS_100116,STU1052,CAM003,Canteen Entrance,2023-10-23 10:39:00,1,0.84,TRK_3863,1
OBS_100117,STU1053,CAM005,Academic Block Corridor,2023-10-23 08:01:00,1,0.86,TRK_1137,1
OBS_100118,STU1053,CAM002,Library Entrance,2023-10-23 08:17:00,1,0.84,TRK_2650,1
OBS_100119,STU1053,CAM003,Canteen Entrance,2023-10-23 09:13:00,1,0.9,TRK_5254,1
OBS_100120,STU1053,CAM005,Academic Block Corridor,2023-10-23 09:51:00,1,0.81,TRK_5413,1
OBS_100121,STU1054,CAM003,Canteen Entrance,2023-10-23 09:20:00,1,0.79,TRK_7945,1
OBS_100122,STU1054,CAM004,Computer Laboratory Corridor,2023-10-23 10:01:00,1,0.92,TRK_7099,1
OBS_100123,STU1054,CAM004,Computer Laboratory Corridor,2023-10-23 11:02:00,1,0.82,TRK_3947,1
OBS_100124,STU1054,CAM002,Library Entrance,2023-10-23 12:30:00,1,0.99,TRK_4744,1
OBS_100125,STU1055,CAM002,Library Entrance,2023-10-23 09:58:00,1,0.88,TRK_7240,1
OBS_100126,STU1056,CAM002,Library Entrance,2023-10-23 09:35:00,1,0.86,TRK_1159,1
OBS_100127,STU1056,CAM004,Computer Laboratory Corridor,2023-10-23 10:12:00,1,0.87,TRK_9470,1
OBS_100128,STU1057,CAM003,Canteen Entrance,2023-10-23 10:00:00,1,0.81,TRK_1781,1
OBS_100129,STU1057,CAM001,Main Building Entrance,2023-10-23 11:05:00,1,0.92,TRK_1983,1
OBS_100130,STU1057,CAM003,Canteen Entrance,2023-10-23 11:47:00,1,0.86,TRK_2577,1
OBS_100131,STU1058,CAM003,Canteen Entrance,2023-10-23 09:54:00,1,0.84,TRK_5222,1
OBS_100132,STU1058,CAM001,Main Building Entrance,2023-10-23 10:53:00,1,0.85,TRK_6752,1
OBS_100133,STU1058,CAM005,Academic Block Corridor,2023-10-23 11:33:00,1,0.89,TRK_9821,1
OBS_100134,STU1058,CAM003,Canteen Entrance,2023-10-23 12:10:00,1,0.84,TRK_9363,1
OBS_100135,STU1059,CAM001,Main Building Entrance,2023-10-23 09:03:00,1,0.84,TRK_5694,1
OBS_100136,STU1059,CAM002,Library Entrance,2023-10-23 10:17:00,1,0.96,TRK_6527,1
OBS_100137,STU1059,CAM005,Academic Block Corridor,2023-10-23 11:25:00,1,0.89,TRK_2168,1
OBS_100138,STU1059,CAM002,Library Entrance,2023-10-23 11:50:00,1,0.83,TRK_6136,1
OBS_100139,STU1060,CAM003,Canteen Entrance,2023-10-23 08:56:00,1,0.9,TRK_7479,1
OBS_100140,STU1060,CAM004,Computer Laboratory Corridor,2023-10-23 09:45:00,1,0.94,TRK_6950,1
OBS_100141,STU1060,CAM005,Academic Block Corridor,2023-10-23 11:15:00,1,0.98,TRK_7782,1
OBS_100142,STU1062,CAM001,Main Building Entrance,2023-10-23 08:42:00,1,0.78,TRK_4844,1
OBS_100143,STU1062,CAM001,Main Building Entrance,2023-10-23 09:29:00,1,0.8,TRK_7505,1
OBS_100144,STU1064,CAM001,Main Building Entrance,2023-10-23 08:15:00,1,0.97,TRK_8752,1
OBS_100145,STU1066,CAM004,Computer Laboratory Corridor,2023-10-23 08:09:00,1,0.88,TRK_2363,1
OBS_100146,STU1067,CAM005,Academic Block Corridor,2023-10-23 08:53:00,1,0.79,TRK_7387,1
OBS_100147,STU1068,CAM002,Library Entrance,2023-10-23 08:52:00,1,0.93,TRK_8260,1
OBS_100148,STU1068,CAM002,Library Entrance,2023-10-23 09:23:00,1,0.88,TRK_3795,1
OBS_100149,STU1068,CAM001,Main Building Entrance,2023-10-23 09:41:00,1,0.91,TRK_6328,1
OBS_100150,STU1069,CAM005,Academic Block Corridor,2023-10-23 10:24:00,1,0.97,TRK_9987,1
OBS_100151,STU1069,CAM002,Library Entrance,2023-10-23 11:35:00,1,0.98,TRK_9835,1
OBS_100152,STU1069,CAM005,Academic Block Corridor,2023-10-23 12:12:00,1,0.89,TRK_8126,1
OBS_100153,STU1069,CAM005,Academic Block Corridor,2023-10-23 13:34:00,1,0.82,TRK_6688,1
OBS_100154,STU1070,CAM002,Library Entrance,2023-10-23 09:40:00,1,0.94,TRK_8239,1
OBS_100155,STU1070,CAM003,Canteen Entrance,2023-10-23 10:34:00,1,0.85,TRK_3551,1
OBS_100156,STU1070,CAM001,Main Building Entrance,2023-10-23 11:27:00,1,0.75,TRK_3233,1
OBS_100157,STU1070,CAM003,Canteen Entrance,2023-10-23 12:26:00,1,0.86,TRK_1136,1
OBS_100158,STU1071,CAM003,Canteen Entrance,2023-10-23 10:46:00,1,0.75,TRK_8052,1
OBS_100159,STU1071,CAM005,Academic Block Corridor,2023-10-23 11:38:00,1,0.81,TRK_1118,1
OBS_100160,STU1071,CAM003,Canteen Entrance,2023-10-23 13:03:00,1,0.8,TRK_8161,1
OBS_100161,STU1071,CAM002,Library Entrance,2023-10-23 14:08:00,1,0.79,TRK_7385,1
OBS_100162,STU1073,CAM003,Canteen Entrance,2023-10-23 09:45:00,1,0.77,TRK_4924,1
OBS_100163,STU1073,CAM005,Academic Block Corridor,2023-10-23 11:06:00,1,0.94,TRK_5454,1
OBS_100164,STU1073,CAM005,Academic Block Corridor,2023-10-23 11:57:00,1,0.94,TRK_7765,1
OBS_100165,STU1073,CAM001,Main Building Entrance,2023-10-23 12:36:00,1,0.79,TRK_5744,1
OBS_100166,STU1074,CAM005,Academic Block Corridor,2023-10-23 09:59:00,1,0.86,TRK_9060,1
OBS_100167,STU1077,CAM001,Main Building Entrance,2023-10-23 09:24:00,1,0.79,TRK_9764,1
OBS_100168,STU1077,CAM002,Library Entrance,2023-10-23 09:41:00,1,0.98,TRK_5622,1
OBS_100169,STU1078,CAM004,Computer Laboratory Corridor,2023-10-23 08:18:00,1,0.92,TRK_4814,1
OBS_100170,STU1078,CAM002,Library Entrance,2023-10-23 08:44:00,1,0.75,TRK_4558,1
OBS_100171,STU1078,CAM004,Computer Laboratory Corridor,2023-10-23 09:42:00,1,0.82,TRK_9165,1
OBS_100172,STU1079,CAM001,Main Building Entrance,2023-10-23 08:44:00,1,0.83,TRK_3393,1
OBS_100173,STU1079,CAM003,Canteen Entrance,2023-10-23 09:06:00,1,0.94,TRK_2169,1
OBS_100174,STU1079,CAM004,Computer Laboratory Corridor,2023-10-23 10:30:00,1,0.79,TRK_5097,1
OBS_100175,STU1080,CAM001,Main Building Entrance,2023-10-23 08:28:00,1,0.98,TRK_5078,1
OBS_100176,STU1080,CAM004,Computer Laboratory Corridor,2023-10-23 09:32:00,1,0.81,TRK_1549,1
OBS_100177,STU1080,CAM004,Computer Laboratory Corridor,2023-10-23 10:12:00,1,0.93,TRK_2539,1
OBS_100178,STU1080,CAM002,Library Entrance,2023-10-23 11:33:00,1,0.86,TRK_6113,1
OBS_100179,STU1081,CAM001,Main Building Entrance,2023-10-23 09:47:00,1,0.93,TRK_9534,1
OBS_100180,STU1081,CAM003,Canteen Entrance,2023-10-23 10:17:00,1,0.87,TRK_5895,1
OBS_100181,STU1081,CAM003,Canteen Entrance,2023-10-23 10:57:00,1,0.96,TRK_4568,1
OBS_100182,STU1082,CAM004,Computer Laboratory Corridor,2023-10-23 09:11:00,1,0.83,TRK_3742,1
OBS_100183,STU1084,CAM001,Main Building Entrance,2023-10-23 09:37:00,1,0.84,TRK_4982,1
OBS_100184,STU1084,CAM001,Main Building Entrance,2023-10-23 09:53:00,1,0.89,TRK_8786,1
OBS_100185,STU1084,CAM003,Canteen Entrance,2023-10-23 10:27:00,1,0.93,TRK_5075,1
OBS_100186,STU1085,CAM001,Main Building Entrance,2023-10-23 10:05:00,1,0.91,TRK_6544,1
OBS_100187,STU1085,CAM001,Main Building Entrance,2023-10-23 10:27:00,1,0.84,TRK_3521,1
OBS_100188,STU1086,CAM004,Computer Laboratory Corridor,2023-10-23 09:02:00,1,0.81,TRK_6690,1
OBS_100189,STU1087,CAM001,Main Building Entrance,2023-10-23 08:31:00,1,0.92,TRK_6868,1
OBS_100190,STU1087,CAM003,Canteen Entrance,2023-10-23 09:03:00,1,0.97,TRK_8951,0
OBS_100191,STU1087,CAM005,Academic Block Corridor,2023-10-23 10:14:00,1,0.82,TRK_9029,1
OBS_100192,STU1087,CAM005,Academic Block Corridor,2023-10-23 10:53:00,1,0.79,TRK_6696,1
OBS_100193,STU1088,CAM003,Canteen Entrance,2023-10-23 09:24:00,1,0.96,TRK_3627,1
OBS_100194,STU1088,CAM005,Academic Block Corridor,2023-10-23 09:47:00,1,0.79,TRK_5844,1
OBS_100195,STU1088,CAM005,Academic Block Corridor,2023-10-23 10:35:00,1,0.84,TRK_1011,1
OBS_100196,STU1089,CAM001,Main Building Entrance,2023-10-23 09:42:00,1,0.9,TRK_6965,1
OBS_100197,STU1089,CAM003,Canteen Entrance,2023-10-23 10:27:00,1,0.92,TRK_9830,0
OBS_100198,STU1089,CAM002,Library Entrance,2023-10-23 11:31:00,1,0.88,TRK_9151,1
OBS_100199,STU1089,CAM002,Library Entrance,2023-10-23 12:56:00,1,0.9,TRK_6285,1
OBS_100200,STU1090,CAM001,Main Building Entrance,2023-10-23 09:39:00,1,0.77,TRK_2092,1
OBS_100201,STU1090,CAM002,Library Entrance,2023-10-23 09:59:00,1,0.79,TRK_1512,1
OBS_100202,STU1090,CAM001,Main Building Entrance,2023-10-23 10:39:00,1,0.87,TRK_2617,1
OBS_100203,STU1090,CAM005,Academic Block Corridor,2023-10-23 10:58:00,1,0.9,TRK_7366,1
OBS_100204,STU1091,CAM005,Academic Block Corridor,2023-10-23 09:33:00,1,0.92,TRK_5193,1
OBS_100205,STU1091,CAM003,Canteen Entrance,2023-10-23 09:54:00,1,0.8,TRK_2161,1
OBS_100206,STU1091,CAM002,Library Entrance,2023-10-23 10:10:00,1,0.91,TRK_2310,1
OBS_100207,STU1091,CAM001,Main Building Entrance,2023-10-23 11:24:00,1,0.84,TRK_7814,1
OBS_100208,STU1092,CAM005,Academic Block Corridor,2023-10-23 08:27:00,1,0.81,TRK_1666,1
OBS_100209,STU1092,CAM003,Canteen Entrance,2023-10-23 08:51:00,1,0.77,TRK_4537,0
OBS_100210,STU1092,CAM001,Main Building Entrance,2023-10-23 10:12:00,1,0.77,TRK_4784,1
OBS_100211,STU1093,CAM002,Library Entrance,2023-10-23 08:55:00,1,0.88,TRK_5075,1
OBS_100212,STU1093,CAM002,Library Entrance,2023-10-23 10:22:00,1,0.88,TRK_7802,1
OBS_100213,STU1093,CAM005,Academic Block Corridor,2023-10-23 10:50:00,1,0.84,TRK_8515,1
OBS_100214,STU1093,CAM001,Main Building Entrance,2023-10-23 11:59:00,1,0.79,TRK_3955,0
OBS_100215,STU1094,CAM003,Canteen Entrance,2023-10-23 10:48:00,1,0.91,TRK_9747,1
OBS_100216,STU1094,CAM003,Canteen Entrance,2023-10-23 11:59:00,1,0.97,TRK_6319,0
OBS_100217,STU1094,CAM004,Computer Laboratory Corridor,2023-10-23 13:01:00,1,0.93,TRK_8054,1
OBS_100218,STU1094,CAM005,Academic Block Corridor,2023-10-23 13:57:00,1,0.81,TRK_9939,1
OBS_100219,STU1095,CAM005,Academic Block Corridor,2023-10-23 09:48:00,1,0.97,TRK_5162,1
OBS_100220,STU1095,CAM004,Computer Laboratory Corridor,2023-10-23 10:49:00,1,0.86,TRK_7505,1
OBS_100221,STU1096,CAM003,Canteen Entrance,2023-10-23 09:16:00,1,0.89,TRK_9480,1
OBS_100222,STU1097,CAM001,Main Building Entrance,2023-10-23 09:56:00,1,0.82,TRK_4635,1
OBS_100223,STU1097,CAM003,Canteen Entrance,2023-10-23 10:38:00,1,0.76,TRK_5521,1
OBS_100224,STU1099,CAM001,Main Building Entrance,2023-10-23 09:57:00,1,0.86,TRK_3557,1
OBS_100225,STU1099,CAM003,Canteen Entrance,2023-10-23 10:29:00,1,0.84,TRK_5093,1
OBS_100226,STU1100,CAM003,Canteen Entrance,2023-10-23 09:13:00,1,0.77,TRK_7550,1
OBS_100227,STU1100,CAM002,Library Entrance,2023-10-23 10:40:00,1,0.93,TRK_6319,1
OBS_100228,STU1101,CAM004,Computer Laboratory Corridor,2023-10-23 09:53:00,1,0.95,TRK_2562,1
OBS_100229,STU1101,CAM001,Main Building Entrance,2023-10-23 10:46:00,1,0.93,TRK_7251,1
OBS_100230,STU1101,CAM001,Main Building Entrance,2023-10-23 11:11:00,1,0.97,TRK_6478,1
OBS_100231,STU1101,CAM004,Computer Laboratory Corridor,2023-10-23 12:10:00,1,0.85,TRK_2974,1
OBS_100232,STU1102,CAM004,Computer Laboratory Corridor,2023-10-23 09:30:00,1,0.76,TRK_9591,1
OBS_100233,STU1102,CAM003,Canteen Entrance,2023-10-23 09:50:00,1,0.88,TRK_3450,0
OBS_100234,STU1104,CAM002,Library Entrance,2023-10-23 10:15:00,1,0.79,TRK_7436,1
OBS_100235,STU1104,CAM005,Academic Block Corridor,2023-10-23 11:27:00,1,0.89,TRK_2475,1
OBS_100236,STU1104,CAM004,Computer Laboratory Corridor,2023-10-23 12:10:00,1,0.82,TRK_7460,1
OBS_100237,STU1105,CAM003,Canteen Entrance,2023-10-23 08:18:00,1,0.77,TRK_1807,1
OBS_100238,STU1105,CAM004,Computer Laboratory Corridor,2023-10-23 09:43:00,1,0.81,TRK_7529,1
OBS_100239,STU1108,CAM002,Library Entrance,2023-10-23 08:31:00,1,0.87,TRK_4245,1
OBS_100240,STU1108,CAM004,Computer Laboratory Corridor,2023-10-23 09:48:00,1,0.91,TRK_4212,1
OBS_100241,STU1108,CAM005,Academic Block Corridor,2023-10-23 11:14:00,1,0.99,TRK_9589,1
OBS_100242,STU1108,CAM002,Library Entrance,2023-10-23 12:00:00,1,0.77,TRK_8046,0
OBS_100243,STU1109,CAM001,Main Building Entrance,2023-10-23 10:22:00,1,0.78,TRK_7776,1
OBS_100244,STU1109,CAM003,Canteen Entrance,2023-10-23 11:31:00,1,0.83,TRK_6254,1
OBS_100245,STU1109,CAM005,Academic Block Corridor,2023-10-23 12:30:00,1,0.91,TRK_5994,1
OBS_100246,STU1111,CAM005,Academic Block Corridor,2023-10-23 10:00:00,1,0.95,TRK_8245,1
OBS_100247,STU1111,CAM004,Computer Laboratory Corridor,2023-10-23 10:33:00,1,0.76,TRK_4825,1
OBS_100248,STU1112,CAM002,Library Entrance,2023-10-23 10:13:00,1,0.93,TRK_2405,1
OBS_100249,STU1112,CAM001,Main Building Entrance,2023-10-23 10:42:00,1,0.81,TRK_3419,1
OBS_100250,STU1113,CAM003,Canteen Entrance,2023-10-23 07:55:00,1,0.92,TRK_2823,1
OBS_100251,STU1113,CAM004,Computer Laboratory Corridor,2023-10-23 08:49:00,1,0.86,TRK_6437,1
OBS_100252,STU1113,CAM005,Academic Block Corridor,2023-10-23 09:30:00,1,0.8,TRK_9952,1
OBS_100253,STU1114,CAM004,Computer Laboratory Corridor,2023-10-23 10:11:00,1,0.9,TRK_3315,0
OBS_100254,STU1114,CAM004,Computer Laboratory Corridor,2023-10-23 10:28:00,1,0.89,TRK_9631,1
OBS_100255,STU1114,CAM003,Canteen Entrance,2023-10-23 10:48:00,1,0.79,TRK_5653,1
OBS_100256,STU1115,CAM001,Main Building Entrance,2023-10-23 09:33:00,1,0.86,TRK_1136,1
OBS_100257,STU1115,CAM004,Computer Laboratory Corridor,2023-10-23 09:56:00,1,0.91,TRK_6901,1
OBS_100258,STU1116,CAM003,Canteen Entrance,2023-10-23 08:55:00,1,0.96,TRK_7332,1
OBS_100259,STU1117,CAM005,Academic Block Corridor,2023-10-23 09:42:00,1,0.98,TRK_2631,1
OBS_100260,STU1117,CAM004,Computer Laboratory Corridor,2023-10-23 10:37:00,1,0.96,TRK_9709,1
OBS_100261,STU1118,CAM002,Library Entrance,2023-10-23 09:49:00,1,0.87,TRK_8503,1
OBS_100262,STU1119,CAM002,Library Entrance,2023-10-23 09:19:00,1,0.97,TRK_5995,1
OBS_100263,STU1120,CAM004,Computer Laboratory Corridor,2023-10-23 09:00:00,1,0.93,TRK_1301,1
OBS_100264,STU1120,CAM003,Canteen Entrance,2023-10-23 09:59:00,1,0.84,TRK_5953,1
OBS_100265,STU1120,CAM005,Academic Block Corridor,2023-10-23 10:44:00,1,0.82,TRK_2015,1
OBS_100266,STU1121,CAM001,Main Building Entrance,2023-10-23 09:58:00,1,0.98,TRK_5590,1
OBS_100267,STU1121,CAM002,Library Entrance,2023-10-23 10:41:00,1,0.83,TRK_7436,0
OBS_100268,STU1121,CAM001,Main Building Entrance,2023-10-23 11:13:00,1,0.93,TRK_9531,1
OBS_100269,STU1123,CAM002,Library Entrance,2023-10-23 08:59:00,1,0.89,TRK_7987,1
OBS_100270,STU1123,CAM005,Academic Block Corridor,2023-10-23 09:53:00,1,0.83,TRK_9883,1
OBS_100271,STU1124,CAM002,Library Entrance,2023-10-23 09:23:00,1,0.89,TRK_4314,1
OBS_100272,STU1124,CAM003,Canteen Entrance,2023-10-23 09:55:00,1,0.92,TRK_9582,1
OBS_100273,STU1125,CAM002,Library Entrance,2023-10-23 10:16:00,1,0.91,TRK_3589,1
OBS_100274,STU1125,CAM001,Main Building Entrance,2023-10-23 11:11:00,1,0.88,TRK_2939,1
OBS_100275,STU1126,CAM002,Library Entrance,2023-10-23 10:06:00,1,0.92,TRK_6221,1
OBS_100276,STU1126,CAM004,Computer Laboratory Corridor,2023-10-23 11:13:00,1,0.82,TRK_5485,1
OBS_100277,STU1127,CAM001,Main Building Entrance,2023-10-23 08:22:00,1,0.78,TRK_1429,1
OBS_100278,STU1127,CAM005,Academic Block Corridor,2023-10-23 09:11:00,1,0.89,TRK_4783,1
OBS_100279,STU1128,CAM001,Main Building Entrance,2023-10-23 08:26:00,1,0.84,TRK_8808,1
OBS_100280,STU1128,CAM005,Academic Block Corridor,2023-10-23 08:58:00,1,0.95,TRK_8680,0
OBS_100281,STU1129,CAM004,Computer Laboratory Corridor,2023-10-23 08:36:00,1,0.87,TRK_3253,1
OBS_100282,STU1129,CAM002,Library Entrance,2023-10-23 09:11:00,1,0.8,TRK_7694,1
OBS_100283,STU1129,CAM003,Canteen Entrance,2023-10-23 09:27:00,1,0.98,TRK_4646,1
OBS_100284,STU1132,CAM001,Main Building Entrance,2023-10-23 09:08:00,1,0.79,TRK_8197,1
OBS_100285,STU1132,CAM003,Canteen Entrance,2023-10-23 10:25:00,1,0.96,TRK_5043,0
OBS_100286,STU1134,CAM001,Main Building Entrance,2023-10-23 09:26:00,1,0.9,TRK_7232,1
OBS_100287,STU1134,CAM004,Computer Laboratory Corridor,2023-10-23 10:21:00,1,0.9,TRK_9784,1
OBS_100288,STU1134,CAM001,Main Building Entrance,2023-10-23 11:43:00,1,0.87,TRK_8399,1
OBS_100289,STU1134,CAM001,Main Building Entrance,2023-10-23 12:56:00,1,0.96,TRK_5025,1
OBS_100290,STU1137,CAM005,Academic Block Corridor,2023-10-23 09:28:00,1,0.84,TRK_1807,1
OBS_100291,STU1137,CAM003,Canteen Entrance,2023-10-23 10:07:00,1,0.86,TRK_5989,1
OBS_100292,STU1137,CAM004,Computer Laboratory Corridor,2023-10-23 10:58:00,1,0.79,TRK_5823,1
OBS_100293,STU1137,CAM005,Academic Block Corridor,2023-10-23 11:19:00,1,0.97,TRK_8595,1
OBS_100294,STU1139,CAM005,Academic Block Corridor,2023-10-23 08:40:00,1,0.78,TRK_9952,1
OBS_100295,STU1139,CAM004,Computer Laboratory Corridor,2023-10-23 09:12:00,1,0.85,TRK_8387,1
OBS_100296,STU1139,CAM002,Library Entrance,2023-10-23 09:30:00,1,0.86,TRK_4308,1
OBS_100297,STU1139,CAM001,Main Building Entrance,2023-10-23 10:43:00,1,0.81,TRK_3686,1
OBS_100298,STU1140,CAM001,Main Building Entrance,2023-10-23 08:57:00,1,0.92,TRK_6946,1
OBS_100299,STU1141,CAM004,Computer Laboratory Corridor,2023-10-23 09:29:00,1,0.92,TRK_9383,1
OBS_100300,STU1142,CAM005,Academic Block Corridor,2023-10-23 10:30:00,1,0.84,TRK_3799,1
OBS_100301,STU1142,CAM005,Academic Block Corridor,2023-10-23 11:27:00,1,0.96,TRK_3459,1
OBS_100302,STU1144,CAM002,Library Entrance,2023-10-23 08:17:00,1,0.93,TRK_1840,1
OBS_100303,STU1144,CAM003,Canteen Entrance,2023-10-23 09:25:00,1,0.82,TRK_8311,1
OBS_100304,STU1146,CAM001,Main Building Entrance,2023-10-23 08:52:00,1,0.97,TRK_4323,1
OBS_100305,STU1146,CAM005,Academic Block Corridor,2023-10-23 09:07:00,1,0.93,TRK_1200,1
OBS_100306,STU1146,CAM004,Computer Laboratory Corridor,2023-10-23 10:20:00,1,0.96,TRK_9904,1
OBS_100307,STU1147,CAM002,Library Entrance,2023-10-23 09:31:00,1,0.8,TRK_8794,1
OBS_100308,STU1148,CAM004,Computer Laboratory Corridor,2023-10-23 10:17:00,1,0.77,TRK_1107,1
OBS_100309,STU1148,CAM005,Academic Block Corridor,2023-10-23 11:03:00,1,0.82,TRK_4401,0
OBS_100310,STU1148,CAM002,Library Entrance,2023-10-23 11:24:00,1,0.79,TRK_6718,1
OBS_100311,STU1148,CAM002,Library Entrance,2023-10-23 11:43:00,1,0.95,TRK_5889,0
OBS_100312,STU1149,CAM001,Main Building Entrance,2023-10-23 09:02:00,1,0.78,TRK_3920,1
OBS_100313,STU1149,CAM003,Canteen Entrance,2023-10-23 09:37:00,1,0.9,TRK_3906,1
OBS_100314,STU1149,CAM005,Academic Block Corridor,2023-10-23 10:50:00,1,0.84,TRK_1587,1
OBS_100315,STU1151,CAM003,Canteen Entrance,2023-10-23 09:07:00,1,0.84,TRK_7208,1
OBS_100316,STU1152,CAM005,Academic Block Corridor,2023-10-23 08:51:00,1,0.77,TRK_8713,1
OBS_100317,STU1153,CAM003,Canteen Entrance,2023-10-23 09:32:00,1,0.83,TRK_7779,1
OBS_100318,STU1153,CAM002,Library Entrance,2023-10-23 10:54:00,1,0.92,TRK_1953,1
OBS_100319,STU1155,CAM005,Academic Block Corridor,2023-10-23 09:38:00,1,0.99,TRK_8924,1
OBS_100320,STU1156,CAM005,Academic Block Corridor,2023-10-23 09:17:00,1,0.95,TRK_5254,1
OBS_100321,STU1156,CAM005,Academic Block Corridor,2023-10-23 10:39:00,1,0.99,TRK_6797,1
OBS_100322,STU1156,CAM005,Academic Block Corridor,2023-10-23 11:10:00,1,0.89,TRK_9514,1
OBS_100323,STU1157,CAM002,Library Entrance,2023-10-23 10:31:00,1,0.96,TRK_4812,1
OBS_100324,STU1157,CAM002,Library Entrance,2023-10-23 11:23:00,1,0.75,TRK_1392,1
OBS_100325,STU1157,CAM001,Main Building Entrance,2023-10-23 12:37:00,1,0.93,TRK_4396,1
OBS_100326,STU1157,CAM004,Computer Laboratory Corridor,2023-10-23 13:45:00,1,0.76,TRK_6728,1
OBS_100327,STU1158,CAM002,Library Entrance,2023-10-23 07:48:00,1,0.92,TRK_5168,1
OBS_100328,STU1158,CAM003,Canteen Entrance,2023-10-23 08:11:00,1,0.82,TRK_6307,1
OBS_100329,STU1159,CAM003,Canteen Entrance,2023-10-23 09:21:00,1,0.83,TRK_1477,1
OBS_100330,STU1160,CAM003,Canteen Entrance,2023-10-23 09:35:00,1,0.95,TRK_8849,1
OBS_100331,STU1160,CAM001,Main Building Entrance,2023-10-23 10:50:00,1,0.9,TRK_8888,1
OBS_100332,STU1161,CAM005,Academic Block Corridor,2023-10-23 10:42:00,1,0.97,TRK_8577,1
OBS_100333,STU1161,CAM001,Main Building Entrance,2023-10-23 11:49:00,1,0.95,TRK_5904,1
OBS_100334,STU1162,CAM005,Academic Block Corridor,2023-10-23 10:02:00,1,0.75,TRK_6434,1
OBS_100335,STU1162,CAM001,Main Building Entrance,2023-10-23 11:02:00,1,0.98,TRK_5595,1
OBS_100336,STU1162,CAM003,Canteen Entrance,2023-10-23 11:20:00,1,0.99,TRK_9753,1
OBS_100337,STU1163,CAM005,Academic Block Corridor,2023-10-23 10:08:00,1,0.84,TRK_2914,0
OBS_100338,STU1163,CAM003,Canteen Entrance,2023-10-23 11:02:00,1,0.92,TRK_5448,1
OBS_100339,STU1164,CAM004,Computer Laboratory Corridor,2023-10-23 08:38:00,1,0.96,TRK_7088,1
OBS_100340,STU1164,CAM003,Canteen Entrance,2023-10-23 09:50:00,1,0.8,TRK_5953,1
OBS_100341,STU1164,CAM001,Main Building Entrance,2023-10-23 10:27:00,1,0.84,TRK_1612,1
OBS_100342,STU1164,CAM001,Main Building Entrance,2023-10-23 11:07:00,1,0.86,TRK_1408,1
OBS_100343,STU1165,CAM002,Library Entrance,2023-10-23 09:48:00,1,0.8,TRK_8921,1
OBS_100344,STU1165,CAM003,Canteen Entrance,2023-10-23 11:10:00,1,0.94,TRK_3347,1
OBS_100345,STU1165,CAM005,Academic Block Corridor,2023-10-23 11:37:00,1,0.91,TRK_3174,1
OBS_100346,STU1165,CAM001,Main Building Entrance,2023-10-23 12:18:00,1,0.86,TRK_9558,1
OBS_100347,STU1166,CAM003,Canteen Entrance,2023-10-23 09:27:00,1,0.97,TRK_2426,1
OBS_100348,STU1168,CAM001,Main Building Entrance,2023-10-23 10:04:00,1,0.77,TRK_6119,1
OBS_100349,STU1168,CAM005,Academic Block Corridor,2023-10-23 10:21:00,1,0.93,TRK_4438,1
OBS_100350,STU1168,CAM002,Library Entrance,2023-10-23 11:17:00,1,0.8,TRK_5532,1
OBS_100351,STU1169,CAM001,Main Building Entrance,2023-10-23 09:04:00,1,0.82,TRK_3580,1
OBS_100352,STU1169,CAM001,Main Building Entrance,2023-10-23 09:54:00,1,0.75,TRK_9422,1
OBS_100353,STU1169,CAM002,Library Entrance,2023-10-23 10:22:00,1,0.88,TRK_6218,1
OBS_100354,STU1170,CAM003,Canteen Entrance,2023-10-23 08:53:00,1,0.89,TRK_3806,1
OBS_100355,STU1170,CAM003,Canteen Entrance,2023-10-23 09:17:00,1,0.9,TRK_6549,1
OBS_100356,STU1170,CAM004,Computer Laboratory Corridor,2023-10-23 10:41:00,1,0.76,TRK_1475,1
OBS_100357,STU1171,CAM001,Main Building Entrance,2023-10-23 09:25:00,1,0.84,TRK_2410,1
OBS_100358,STU1171,CAM004,Computer Laboratory Corridor,2023-10-23 10:34:00,1,0.79,TRK_8304,0
OBS_100359,STU1171,CAM003,Canteen Entrance,2023-10-23 11:34:00,1,0.83,TRK_4246,1
OBS_100360,STU1171,CAM001,Main Building Entrance,2023-10-23 12:57:00,1,0.98,TRK_8629,1
OBS_100361,STU1172,CAM004,Computer Laboratory Corridor,2023-10-23 08:53:00,1,0.77,TRK_6085,1
OBS_100362,STU1172,CAM004,Computer Laboratory Corridor,2023-10-23 10:07:00,1,0.81,TRK_4666,1
OBS_100363,STU1173,CAM003,Canteen Entrance,2023-10-23 09:07:00,1,0.84,TRK_6412,1
OBS_100364,STU1173,CAM004,Computer Laboratory Corridor,2023-10-23 10:03:00,1,0.87,TRK_2070,1
OBS_100365,STU1174,CAM003,Canteen Entrance,2023-10-23 09:29:00,1,0.86,TRK_3798,1
OBS_100366,STU1174,CAM003,Canteen Entrance,2023-10-23 10:20:00,1,0.9,TRK_3087,1
OBS_100367,STU1174,CAM001,Main Building Entrance,2023-10-23 11:40:00,1,0.85,TRK_2752,1
OBS_100368,STU1174,CAM005,Academic Block Corridor,2023-10-23 12:36:00,1,0.91,TRK_5949,1
OBS_100369,STU1175,CAM005,Academic Block Corridor,2023-10-23 09:02:00,1,0.85,TRK_4992,1
OBS_100370,STU1175,CAM002,Library Entrance,2023-10-23 10:27:00,1,0.98,TRK_7288,1
OBS_100371,STU1175,CAM003,Canteen Entrance,2023-10-23 10:50:00,1,0.8,TRK_8063,1
OBS_100372,STU1175,CAM005,Academic Block Corridor,2023-10-23 12:00:00,1,0.94,TRK_9921,1
OBS_100373,STU1176,CAM001,Main Building Entrance,2023-10-23 09:43:00,1,0.93,TRK_8972,1
OBS_100374,STU1176,CAM005,Academic Block Corridor,2023-10-23 10:12:00,1,0.89,TRK_6330,1
OBS_100375,STU1178,CAM002,Library Entrance,2023-10-23 09:54:00,1,0.82,TRK_7648,1
OBS_100376,STU1179,CAM005,Academic Block Corridor,2023-10-23 09:40:00,1,0.94,TRK_7208,1
OBS_100377,STU1180,CAM001,Main Building Entrance,2023-10-23 09:34:00,1,0.77,TRK_3276,1
OBS_100378,STU1180,CAM001,Main Building Entrance,2023-10-23 11:03:00,1,0.93,TRK_3444,1
OBS_100379,STU1180,CAM005,Academic Block Corridor,2023-10-23 12:15:00,1,0.82,TRK_8326,1
OBS_100380,STU1181,CAM003,Canteen Entrance,2023-10-23 08:36:00,1,0.82,TRK_5989,1
OBS_100381,STU1181,CAM003,Canteen Entrance,2023-10-23 09:46:00,1,0.99,TRK_1133,1
OBS_100382,STU1182,CAM003,Canteen Entrance,2023-10-23 08:15:00,1,0.76,TRK_9992,1
OBS_100383,STU1182,CAM001,Main Building Entrance,2023-10-23 08:36:00,1,0.92,TRK_6885,1
OBS_100384,STU1182,CAM003,Canteen Entrance,2023-10-23 09:05:00,1,0.96,TRK_4854,1
OBS_100385,STU1182,CAM005,Academic Block Corridor,2023-10-23 10:15:00,1,0.84,TRK_6212,1
OBS_100386,STU1183,CAM004,Computer Laboratory Corridor,2023-10-23 10:01:00,1,0.85,TRK_4460,1
OBS_100387,STU1183,CAM004,Computer Laboratory Corridor,2023-10-23 10:38:00,1,0.78,TRK_7301,1
OBS_100388,STU1183,CAM004,Computer Laboratory Corridor,2023-10-23 11:39:00,1,0.79,TRK_3056,1
OBS_100389,STU1183,CAM001,Main Building Entrance,2023-10-23 12:11:00,1,0.77,TRK_1257,1
OBS_100390,STU1184,CAM004,Computer Laboratory Corridor,2023-10-23 09:54:00,1,0.98,TRK_3224,1
OBS_100391,STU1184,CAM002,Library Entrance,2023-10-23 10:19:00,1,0.9,TRK_7813,1
OBS_100392,STU1185,CAM005,Academic Block Corridor,2023-10-23 09:55:00,1,0.79,TRK_9346,1
OBS_100393,STU1185,CAM005,Academic Block Corridor,2023-10-23 11:04:00,1,0.95,TRK_7303,1
OBS_100394,STU1185,CAM002,Library Entrance,2023-10-23 12:04:00,1,0.79,TRK_1121,1
OBS_100395,STU1185,CAM004,Computer Laboratory Corridor,2023-10-23 13:32:00,1,0.95,TRK_4878,1
OBS_100396,STU1186,CAM005,Academic Block Corridor,2023-10-23 09:55:00,1,0.89,TRK_1548,1
OBS_100397,STU1186,CAM005,Academic Block Corridor,2023-10-23 10:14:00,1,0.87,TRK_7038,1
OBS_100398,STU1186,CAM005,Academic Block Corridor,2023-10-23 10:43:00,1,0.87,TRK_2311,1
OBS_100399,STU1187,CAM003,Canteen Entrance,2023-10-23 10:07:00,1,0.86,TRK_2281,1
OBS_100400,STU1187,CAM005,Academic Block Corridor,2023-10-23 11:28:00,1,0.77,TRK_8740,1
OBS_100401,STU1188,CAM005,Academic Block Corridor,2023-10-23 09:38:00,1,0.82,TRK_1864,1
OBS_100402,STU1189,CAM001,Main Building Entrance,2023-10-23 10:41:00,1,0.86,TRK_9399,1
OBS_100403,STU1189,CAM005,Academic Block Corridor,2023-10-23 11:56:00,1,0.93,TRK_7897,1
OBS_100404,STU1189,CAM003,Canteen Entrance,2023-10-23 12:56:00,1,0.82,TRK_1578,1
OBS_100405,STU1190,CAM003,Canteen Entrance,2023-10-23 10:16:00,1,0.76,TRK_8752,1
OBS_100406,STU1190,CAM002,Library Entrance,2023-10-23 11:45:00,1,0.89,TRK_5780,1
OBS_100407,STU1190,CAM003,Canteen Entrance,2023-10-23 12:03:00,1,0.87,TRK_3077,0
OBS_100408,STU1192,CAM003,Canteen Entrance,2023-10-23 10:04:00,1,0.78,TRK_5603,1
OBS_100409,STU1193,CAM001,Main Building Entrance,2023-10-23 10:14:00,1,0.93,TRK_3860,1
OBS_100410,STU1193,CAM002,Library Entrance,2023-10-23 11:44:00,1,0.91,TRK_7058,1
OBS_100411,STU1193,CAM003,Canteen Entrance,2023-10-23 12:21:00,1,0.94,TRK_4869,1
OBS_100412,STU1194,CAM005,Academic Block Corridor,2023-10-23 09:34:00,1,0.96,TRK_6617,1
OBS_100413,STU1194,CAM002,Library Entrance,2023-10-23 09:59:00,1,0.89,TRK_3525,1
OBS_100414,STU1194,CAM004,Computer Laboratory Corridor,2023-10-23 11:17:00,1,0.93,TRK_4898,1
OBS_100415,STU1194,CAM002,Library Entrance,2023-10-23 12:28:00,1,0.8,TRK_6653,1
OBS_100416,STU1196,CAM001,Main Building Entrance,2023-10-23 08:58:00,1,0.76,TRK_8602,1
OBS_100417,STU1197,CAM003,Canteen Entrance,2023-10-23 09:15:00,1,0.86,TRK_9724,1
OBS_100418,STU1197,CAM004,Computer Laboratory Corridor,2023-10-23 09:59:00,1,0.91,TRK_7390,0
OBS_100419,STU1197,CAM003,Canteen Entrance,2023-10-23 11:14:00,1,0.78,TRK_8122,1
OBS_100420,STU1197,CAM003,Canteen Entrance,2023-10-23 11:30:00,1,0.97,TRK_8353,0
OBS_100421,STU1198,CAM005,Academic Block Corridor,2023-10-23 08:39:00,1,0.91,TRK_1672,1
OBS_100422,STU1198,CAM005,Academic Block Corridor,2023-10-23 09:06:00,1,0.9,TRK_8074,1
OBS_100423,STU1198,CAM003,Canteen Entrance,2023-10-23 09:55:00,1,0.81,TRK_2610,1
OBS_100424,STU1198,CAM005,Academic Block Corridor,2023-10-23 10:42:00,1,0.84,TRK_4961,1
OBS_100425,STU1199,CAM003,Canteen Entrance,2023-10-23 09:38:00,1,0.91,TRK_3947,1
OBS_100426,STU1199,CAM005,Academic Block Corridor,2023-10-23 10:33:00,1,0.75,TRK_1138,1
OBS_100427,STU1201,CAM004,Computer Laboratory Corridor,2023-10-23 08:51:00,1,0.77,TRK_2702,1
OBS_100428,STU1202,CAM002,Library Entrance,2023-10-23 09:22:00,1,0.92,TRK_5127,0
OBS_100429,STU1202,CAM001,Main Building Entrance,2023-10-23 10:01:00,1,0.76,TRK_2506,1
OBS_100430,STU1202,CAM005,Academic Block Corridor,2023-10-23 10:23:00,1,0.91,TRK_4552,1
OBS_100431,STU1202,CAM001,Main Building Entrance,2023-10-23 10:53:00,1,0.77,TRK_3128,1
OBS_100432,STU1203,CAM002,Library Entrance,2023-10-23 10:10:00,1,0.97,TRK_4018,1
OBS_100433,STU1203,CAM003,Canteen Entrance,2023-10-23 10:57:00,1,0.86,TRK_2240,1
OBS_100434,STU1203,CAM003,Canteen Entrance,2023-10-23 12:10:00,1,0.93,TRK_6298,1
OBS_100435,STU1203,CAM002,Library Entrance,2023-10-23 12:57:00,1,0.94,TRK_5543,1
OBS_100436,STU1204,CAM004,Computer Laboratory Corridor,2023-10-23 09:27:00,1,0.83,TRK_1984,1
OBS_100437,STU1205,CAM002,Library Entrance,2023-10-23 09:20:00,1,0.86,TRK_9056,1
OBS_100438,STU1205,CAM005,Academic Block Corridor,2023-10-23 10:00:00,1,0.84,TRK_9061,1
OBS_100439,STU1205,CAM002,Library Entrance,2023-10-23 10:28:00,1,0.88,TRK_8065,1
OBS_100440,STU1206,CAM004,Computer Laboratory Corridor,2023-10-23 09:09:00,1,0.92,TRK_2692,1
OBS_100441,STU1206,CAM001,Main Building Entrance,2023-10-23 09:28:00,1,0.77,TRK_5105,1
OBS_100442,STU1207,CAM004,Computer Laboratory Corridor,2023-10-23 08:49:00,1,0.79,TRK_1014,1
OBS_100443,STU1207,CAM004,Computer Laboratory Corridor,2023-10-23 09:08:00,1,0.81,TRK_6403,1
OBS_100444,STU1207,CAM005,Academic Block Corridor,2023-10-23 10:13:00,1,0.75,TRK_9039,1
OBS_100445,STU1207,CAM004,Computer Laboratory Corridor,2023-10-23 11:29:00,1,0.85,TRK_2148,1
OBS_100446,STU1208,CAM004,Computer Laboratory Corridor,2023-10-23 08:02:00,1,0.98,TRK_8898,1
OBS_100447,STU1208,CAM005,Academic Block Corridor,2023-10-23 08:32:00,1,0.88,TRK_6880,1
OBS_100448,STU1209,CAM004,Computer Laboratory Corridor,2023-10-23 09:03:00,1,0.76,TRK_2485,1
OBS_100449,STU1209,CAM005,Academic Block Corridor,2023-10-23 10:04:00,1,0.95,TRK_6571,1
OBS_100450,STU1209,CAM004,Computer Laboratory Corridor,2023-10-23 10:29:00,1,0.93,TRK_5750,1
OBS_100451,STU1210,CAM005,Academic Block Corridor,2023-10-23 09:26:00,1,0.76,TRK_7294,1
OBS_100452,STU1210,CAM003,Canteen Entrance,2023-10-23 10:05:00,1,0.92,TRK_2749,1
OBS_100453,STU1211,CAM001,Main Building Entrance,2023-10-23 10:37:00,1,0.96,TRK_8175,1
OBS_100454,STU1211,CAM002,Library Entrance,2023-10-23 11:16:00,1,0.76,TRK_1415,1
OBS_100455,STU1211,CAM002,Library Entrance,2023-10-23 12:46:00,1,0.87,TRK_2032,1
OBS_100456,STU1213,CAM005,Academic Block Corridor,2023-10-23 08:49:00,1,0.98,TRK_8361,1
OBS_100457,STU1213,CAM001,Main Building Entrance,2023-10-23 09:06:00,1,0.83,TRK_6533,1
OBS_100458,STU1213,CAM004,Computer Laboratory Corridor,2023-10-23 09:26:00,1,0.78,TRK_9570,1
OBS_100459,STU1214,CAM002,Library Entrance,2023-10-23 09:10:00,1,0.93,TRK_4817,1
OBS_100460,STU1214,CAM001,Main Building Entrance,2023-10-23 09:34:00,1,0.93,TRK_9010,1
OBS_100461,STU1214,CAM004,Computer Laboratory Corridor,2023-10-23 09:51:00,1,0.97,TRK_1750,1
OBS_100462,STU1214,CAM002,Library Entrance,2023-10-23 10:37:00,1,0.75,TRK_1818,1
OBS_100463,STU1217,CAM004,Computer Laboratory Corridor,2023-10-23 09:41:00,1,0.9,TRK_2047,1
OBS_100464,STU1217,CAM001,Main Building Entrance,2023-10-23 10:09:00,1,0.87,TRK_4613,1
OBS_100465,STU1217,CAM002,Library Entrance,2023-10-23 10:32:00,1,0.85,TRK_7586,1
OBS_100466,STU1218,CAM005,Academic Block Corridor,2023-10-23 09:11:00,1,0.88,TRK_6268,1
OBS_100467,STU1218,CAM001,Main Building Entrance,2023-10-23 09:53:00,1,0.89,TRK_6496,1
OBS_100468,STU1218,CAM001,Main Building Entrance,2023-10-23 10:16:00,1,0.82,TRK_7801,1
OBS_100469,STU1220,CAM005,Academic Block Corridor,2023-10-23 09:24:00,1,0.79,TRK_4991,1
OBS_100470,STU1220,CAM001,Main Building Entrance,2023-10-23 10:53:00,1,0.78,TRK_7162,1
OBS_100471,STU1221,CAM004,Computer Laboratory Corridor,2023-10-23 08:40:00,1,0.77,TRK_1118,1
OBS_100472,STU1221,CAM001,Main Building Entrance,2023-10-23 09:17:00,1,0.92,TRK_5648,1
OBS_100473,STU1222,CAM002,Library Entrance,2023-10-23 09:47:00,1,0.8,TRK_5439,1
OBS_100474,STU1222,CAM004,Computer Laboratory Corridor,2023-10-23 11:08:00,1,0.85,TRK_3859,1
OBS_100475,STU1222,CAM005,Academic Block Corridor,2023-10-23 11:27:00,1,0.79,TRK_9190,1
OBS_100476,STU1222,CAM003,Canteen Entrance,2023-10-23 11:53:00,1,0.83,TRK_1074,0
OBS_100477,STU1224,CAM001,Main Building Entrance,2023-10-23 08:19:00,1,0.99,TRK_2567,1
OBS_100478,STU1224,CAM005,Academic Block Corridor,2023-10-23 09:20:00,1,0.87,TRK_8605,1
OBS_100479,STU1227,CAM001,Main Building Entrance,2023-10-23 10:01:00,1,0.8,TRK_3444,1
OBS_100480,STU1227,CAM004,Computer Laboratory Corridor,2023-10-23 11:16:00,1,0.79,TRK_1706,1
OBS_100481,STU1228,CAM003,Canteen Entrance,2023-10-23 09:08:00,1,0.8,TRK_5118,1
OBS_100482,STU1229,CAM001,Main Building Entrance,2023-10-23 09:18:00,1,0.78,TRK_1859,1
OBS_100483,STU1229,CAM002,Library Entrance,2023-10-23 10:41:00,1,0.79,TRK_1476,0
OBS_100484,STU1229,CAM005,Academic Block Corridor,2023-10-23 11:58:00,1,0.78,TRK_4855,1
OBS_100485,STU1230,CAM005,Academic Block Corridor,2023-10-23 10:08:00,1,0.83,TRK_4256,1
OBS_100486,STU1230,CAM002,Library Entrance,2023-10-23 11:04:00,1,0.94,TRK_6343,1
OBS_100487,STU1230,CAM001,Main Building Entrance,2023-10-23 11:48:00,1,0.81,TRK_7759,1
OBS_100488,STU1230,CAM004,Computer Laboratory Corridor,2023-10-23 12:28:00,1,0.96,TRK_2204,1
OBS_100489,STU1231,CAM004,Computer Laboratory Corridor,2023-10-23 09:20:00,1,0.76,TRK_8141,1
OBS_100490,STU1231,CAM002,Library Entrance,2023-10-23 09:53:00,1,0.97,TRK_8454,1
OBS_100491,STU1231,CAM004,Computer Laboratory Corridor,2023-10-23 10:30:00,1,0.84,TRK_8499,1
OBS_100492,STU1231,CAM003,Canteen Entrance,2023-10-23 11:09:00,1,0.98,TRK_4313,1
OBS_100493,STU1232,CAM001,Main Building Entrance,2023-10-23 09:13:00,1,0.92,TRK_1977,1
OBS_100494,STU1232,CAM002,Library Entrance,2023-10-23 10:03:00,1,0.78,TRK_8627,1
OBS_100495,STU1232,CAM004,Computer Laboratory Corridor,2023-10-23 11:16:00,1,0.79,TRK_6629,1
OBS_100496,STU1233,CAM005,Academic Block Corridor,2023-10-23 09:32:00,1,0.79,TRK_3784,1
OBS_100497,STU1233,CAM005,Academic Block Corridor,2023-10-23 11:00:00,1,0.96,TRK_2416,1
OBS_100498,STU1235,CAM004,Computer Laboratory Corridor,2023-10-23 10:04:00,1,0.96,TRK_4546,1
OBS_100499,STU1235,CAM004,Computer Laboratory Corridor,2023-10-23 11:34:00,1,0.95,TRK_5573,0
OBS_100500,STU1235,CAM004,Computer Laboratory Corridor,2023-10-23 11:50:00,1,0.93,TRK_5041,1
OBS_100501,STU1235,CAM003,Canteen Entrance,2023-10-23 12:36:00,1,0.85,TRK_4643,1
OBS_100502,STU1236,CAM001,Main Building Entrance,2023-10-23 09:32:00,1,0.85,TRK_1724,1
OBS_100503,STU1236,CAM004,Computer Laboratory Corridor,2023-10-23 09:52:00,1,0.93,TRK_9261,1
OBS_100504,STU1237,CAM005,Academic Block Corridor,2023-10-23 09:48:00,1,0.84,TRK_2605,1
OBS_100505,STU1238,CAM002,Library Entrance,2023-10-23 10:25:00,1,0.77,TRK_1203,1
OBS_100506,STU1238,CAM002,Library Entrance,2023-10-23 11:32:00,1,0.78,TRK_5846,1
OBS_100507,STU1238,CAM001,Main Building Entrance,2023-10-23 12:17:00,1,0.75,TRK_5994,1
OBS_100508,STU1238,CAM004,Computer Laboratory Corridor,2023-10-23 12:52:00,1,0.96,TRK_1399,1
OBS_100509,STU1239,CAM002,Library Entrance,2023-10-23 09:53:00,1,0.96,TRK_7641,1
OBS_100510,STU1239,CAM003,Canteen Entrance,2023-10-23 10:31:00,1,0.9,TRK_1022,1
OBS_100511,STU1239,CAM004,Computer Laboratory Corridor,2023-10-23 10:55:00,1,0.96,TRK_6454,1
OBS_100512,STU1239,CAM001,Main Building Entrance,2023-10-23 12:17:00,1,0.82,TRK_5420,1
OBS_100513,STU1240,CAM005,Academic Block Corridor,2023-10-23 08:49:00,1,0.96,TRK_1898,1
OBS_100514,STU1240,CAM003,Canteen Entrance,2023-10-23 10:09:00,1,0.96,TRK_2818,1
OBS_100515,STU1242,CAM004,Computer Laboratory Corridor,2023-10-23 09:09:00,1,0.9,TRK_6989,0
OBS_100516,STU1242,CAM002,Library Entrance,2023-10-23 10:10:00,1,0.91,TRK_2097,1
OBS_100517,STU1242,CAM002,Library Entrance,2023-10-23 11:36:00,1,0.78,TRK_6487,1
OBS_100518,STU1242,CAM005,Academic Block Corridor,2023-10-23 12:21:00,1,0.78,TRK_8839,0
OBS_100519,STU1243,CAM003,Canteen Entrance,2023-10-23 09:10:00,1,0.83,TRK_5380,1
OBS_100520,STU1243,CAM004,Computer Laboratory Corridor,2023-10-23 10:29:00,1,0.82,TRK_2038,0
OBS_100521,STU1245,CAM004,Computer Laboratory Corridor,2023-10-23 09:13:00,1,0.87,TRK_9629,1
OBS_100522,STU1245,CAM004,Computer Laboratory Corridor,2023-10-23 09:43:00,1,0.92,TRK_9730,1
OBS_100523,STU1245,CAM004,Computer Laboratory Corridor,2023-10-23 10:35:00,1,0.9,TRK_2075,1
OBS_100524,STU1246,CAM001,Main Building Entrance,2023-10-23 09:39:00,1,0.77,TRK_3929,1
OBS_100525,STU1246,CAM001,Main Building Entrance,2023-10-23 10:30:00,1,0.78,TRK_5521,1
OBS_100526,STU1247,CAM004,Computer Laboratory Corridor,2023-10-23 09:42:00,1,0.79,TRK_4346,1
OBS_100527,STU1249,CAM004,Computer Laboratory Corridor,2023-10-23 08:48:00,1,0.98,TRK_9870,1
OBS_100528,STU1250,CAM003,Canteen Entrance,2023-10-23 10:35:00,1,0.85,TRK_1351,1
OBS_100529,STU1250,CAM002,Library Entrance,2023-10-23 11:27:00,1,0.77,TRK_4806,1
OBS_100530,STU1251,CAM005,Academic Block Corridor,2023-10-23 08:58:00,1,0.83,TRK_6346,1
OBS_100531,STU1251,CAM005,Academic Block Corridor,2023-10-23 10:15:00,1,0.91,TRK_9686,1
OBS_100532,STU1251,CAM004,Computer Laboratory Corridor,2023-10-23 11:40:00,1,0.86,TRK_3161,1
OBS_100533,STU1252,CAM003,Canteen Entrance,2023-10-23 09:46:00,1,0.8,TRK_7093,1
OBS_100534,STU1252,CAM001,Main Building Entrance,2023-10-23 10:37:00,1,0.79,TRK_5659,1
OBS_100535,STU1252,CAM002,Library Entrance,2023-10-23 11:50:00,1,0.9,TRK_3634,1
OBS_100536,STU1253,CAM002,Library Entrance,2023-10-23 09:52:00,1,0.95,TRK_3514,1
OBS_100537,STU1253,CAM002,Library Entrance,2023-10-23 10:27:00,1,0.78,TRK_6187,1
OBS_100538,STU1253,CAM002,Library Entrance,2023-10-23 11:55:00,1,0.86,TRK_7056,1
OBS_100539,STU1255,CAM005,Academic Block Corridor,2023-10-23 09:54:00,1,0.92,TRK_6192,1
OBS_100540,STU1255,CAM002,Library Entrance,2023-10-23 10:53:00,1,0.84,TRK_9845,1
OBS_100541,STU1257,CAM003,Canteen Entrance,2023-10-23 10:05:00,1,0.78,TRK_1408,1
OBS_100542,STU1257,CAM004,Computer Laboratory Corridor,2023-10-23 11:11:00,1,0.93,TRK_8504,1
OBS_100543,STU1258,CAM001,Main Building Entrance,2023-10-23 09:12:00,1,0.98,TRK_9948,1
OBS_100544,STU1258,CAM003,Canteen Entrance,2023-10-23 10:31:00,1,0.91,TRK_5842,1
OBS_100545,STU1258,CAM003,Canteen Entrance,2023-10-23 11:46:00,1,0.98,TRK_3409,1
OBS_100546,STU1259,CAM001,Main Building Entrance,2023-10-23 09:44:00,1,0.93,TRK_1656,1
OBS_100547,STU1259,CAM005,Academic Block Corridor,2023-10-23 10:16:00,1,0.78,TRK_1406,0
OBS_100548,STU1259,CAM005,Academic Block Corridor,2023-10-23 11:22:00,1,0.95,TRK_8306,1
OBS_100549,STU1259,CAM001,Main Building Entrance,2023-10-23 12:22:00,1,0.83,TRK_4197,1
OBS_100550,STU1261,CAM002,Library Entrance,2023-10-23 08:57:00,1,0.76,TRK_9821,1
OBS_100551,STU1261,CAM001,Main Building Entrance,2023-10-23 10:09:00,1,0.98,TRK_7462,1
OBS_100552,STU1263,CAM003,Canteen Entrance,2023-10-23 10:36:00,1,0.89,TRK_9381,1
OBS_100553,STU1263,CAM003,Canteen Entrance,2023-10-23 10:58:00,1,0.85,TRK_8006,1
OBS_100554,STU1264,CAM003,Canteen Entrance,2023-10-23 08:51:00,1,0.75,TRK_6651,1
OBS_100555,STU1264,CAM003,Canteen Entrance,2023-10-23 09:50:00,1,0.98,TRK_2435,1
OBS_100556,STU1264,CAM004,Computer Laboratory Corridor,2023-10-23 10:32:00,1,0.93,TRK_7809,1
OBS_100557,STU1265,CAM002,Library Entrance,2023-10-23 10:18:00,1,0.94,TRK_7944,1
OBS_100558,STU1265,CAM002,Library Entrance,2023-10-23 11:26:00,1,0.95,TRK_2410,1
OBS_100559,STU1265,CAM002,Library Entrance,2023-10-23 11:59:00,1,0.82,TRK_9606,1
OBS_100560,STU1265,CAM001,Main Building Entrance,2023-10-23 12:56:00,1,0.97,TRK_7156,1
OBS_100561,STU1267,CAM004,Computer Laboratory Corridor,2023-10-23 08:20:00,1,0.9,TRK_5478,1
OBS_100562,STU1270,CAM005,Academic Block Corridor,2023-10-23 09:36:00,1,0.86,TRK_3243,1
OBS_100563,STU1270,CAM002,Library Entrance,2023-10-23 10:16:00,1,0.95,TRK_5742,1
OBS_100564,STU1270,CAM004,Computer Laboratory Corridor,2023-10-23 11:41:00,1,0.76,TRK_5947,0
OBS_100565,STU1270,CAM003,Canteen Entrance,2023-10-23 13:10:00,1,0.87,TRK_8593,1
OBS_100566,STU1271,CAM001,Main Building Entrance,2023-10-23 08:19:00,1,0.79,TRK_5917,1
OBS_100567,STU1271,CAM001,Main Building Entrance,2023-10-23 09:34:00,1,0.91,TRK_5713,1
OBS_100568,STU1272,CAM004,Computer Laboratory Corridor,2023-10-23 09:38:00,1,0.97,TRK_5009,0
OBS_100569,STU1272,CAM001,Main Building Entrance,2023-10-23 09:56:00,1,0.93,TRK_9078,1
OBS_100570,STU1272,CAM005,Academic Block Corridor,2023-10-23 10:19:00,1,0.93,TRK_8872,0
OBS_100571,STU1272,CAM004,Computer Laboratory Corridor,2023-10-23 11:46:00,1,0.96,TRK_8799,0
OBS_100572,STU1273,CAM005,Academic Block Corridor,2023-10-23 10:18:00,1,0.93,TRK_1287,1
OBS_100573,STU1276,CAM005,Academic Block Corridor,2023-10-23 09:42:00,1,0.76,TRK_6237,0
OBS_100574,STU1276,CAM002,Library Entrance,2023-10-23 10:56:00,1,0.84,TRK_1866,1
OBS_100575,STU1276,CAM003,Canteen Entrance,2023-10-23 11:45:00,1,0.85,TRK_6832,1
OBS_100576,STU1277,CAM003,Canteen Entrance,2023-10-23 09:24:00,1,0.88,TRK_2258,1
OBS_100577,STU1278,CAM001,Main Building Entrance,2023-10-23 09:21:00,1,0.89,TRK_3738,1
OBS_100578,STU1278,CAM003,Canteen Entrance,2023-10-23 10:45:00,1,0.96,TRK_5932,1
OBS_100579,STU1280,CAM001,Main Building Entrance,2023-10-23 09:51:00,1,0.88,TRK_6761,1
OBS_100580,STU1280,CAM001,Main Building Entrance,2023-10-23 10:24:00,1,0.78,TRK_5610,0
OBS_100581,STU1280,CAM004,Computer Laboratory Corridor,2023-10-23 11:26:00,1,0.85,TRK_3671,1
OBS_100582,STU1281,CAM002,Library Entrance,2023-10-23 09:00:00,1,0.87,TRK_4087,1
OBS_100583,STU1282,CAM004,Computer Laboratory Corridor,2023-10-23 08:47:00,1,0.97,TRK_2909,1
OBS_100584,STU1284,CAM004,Computer Laboratory Corridor,2023-10-23 08:38:00,1,0.83,TRK_6940,1
OBS_100585,STU1284,CAM004,Computer Laboratory Corridor,2023-10-23 09:10:00,1,0.96,TRK_9570,0
OBS_100586,STU1285,CAM003,Canteen Entrance,2023-10-23 09:35:00,1,0.76,TRK_2943,1
OBS_100587,STU1285,CAM002,Library Entrance,2023-10-23 10:18:00,1,0.96,TRK_3332,0
OBS_100588,STU1285,CAM003,Canteen Entrance,2023-10-23 11:02:00,1,0.78,TRK_3133,1
OBS_100589,STU1287,CAM001,Main Building Entrance,2023-10-23 09:37:00,1,0.77,TRK_8934,1
OBS_100590,STU1288,CAM002,Library Entrance,2023-10-23 08:31:00,1,0.78,TRK_9412,1
OBS_100591,STU1288,CAM001,Main Building Entrance,2023-10-23 10:01:00,1,0.86,TRK_5145,1
OBS_100592,STU1288,CAM001,Main Building Entrance,2023-10-23 10:21:00,1,0.82,TRK_1168,1
OBS_100593,STU1288,CAM001,Main Building Entrance,2023-10-23 10:48:00,1,0.97,TRK_4365,1
OBS_100594,STU1289,CAM003,Canteen Entrance,2023-10-23 09:59:00,1,0.76,TRK_3384,1
OBS_100595,STU1289,CAM005,Academic Block Corridor,2023-10-23 10:49:00,1,0.83,TRK_3630,1
OBS_100596,STU1290,CAM005,Academic Block Corridor,2023-10-23 10:22:00,1,0.77,TRK_1229,1
OBS_100597,STU1290,CAM002,Library Entrance,2023-10-23 11:44:00,1,0.92,TRK_5617,1
OBS_100598,STU1291,CAM001,Main Building Entrance,2023-10-23 10:14:00,1,0.98,TRK_2616,1
OBS_100599,STU1291,CAM005,Academic Block Corridor,2023-10-23 10:56:00,1,0.95,TRK_8777,1
OBS_100600,STU1295,CAM002,Library Entrance,2023-10-23 10:41:00,1,0.86,TRK_2758,1
OBS_100601,STU1295,CAM003,Canteen Entrance,2023-10-23 11:19:00,1,0.99,TRK_7948,1
OBS_100602,STU1295,CAM005,Academic Block Corridor,2023-10-23 12:01:00,1,0.8,TRK_2848,1
OBS_100603,STU1297,CAM004,Computer Laboratory Corridor,2023-10-23 08:27:00,1,0.78,TRK_3226,1
OBS_100604,STU1297,CAM003,Canteen Entrance,2023-10-23 09:45:00,1,0.92,TRK_1665,1
OBS_100605,STU1297,CAM003,Canteen Entrance,2023-10-23 10:10:00,1,0.87,TRK_7304,1
OBS_100606,STU1298,CAM005,Academic Block Corridor,2023-10-23 10:28:00,1,0.93,TRK_8273,1
OBS_100607,STU1298,CAM005,Academic Block Corridor,2023-10-23 11:11:00,1,0.85,TRK_8011,1
OBS_100608,STU1298,CAM001,Main Building Entrance,2023-10-23 11:50:00,1,0.96,TRK_8793,1
OBS_100609,STU1300,CAM001,Main Building Entrance,2023-10-23 09:10:00,1,0.99,TRK_9055,1
OBS_100610,STU1300,CAM004,Computer Laboratory Corridor,2023-10-23 09:38:00,1,0.86,TRK_2392,1
OBS_100611,STU1300,CAM002,Library Entrance,2023-10-23 10:08:00,1,0.84,TRK_2666,1
OBS_100612,STU1301,CAM003,Canteen Entrance,2023-10-23 08:34:00,1,0.98,TRK_6548,1
OBS_100613,STU1301,CAM005,Academic Block Corridor,2023-10-23 09:14:00,1,0.95,TRK_7623,1
OBS_100614,STU1302,CAM004,Computer Laboratory Corridor,2023-10-23 08:57:00,1,0.92,TRK_5563,1
OBS_100615,STU1303,CAM003,Canteen Entrance,2023-10-23 09:48:00,1,0.86,TRK_7626,1
OBS_100616,STU1303,CAM005,Academic Block Corridor,2023-10-23 11:05:00,1,0.82,TRK_8448,1
OBS_100617,STU1303,CAM001,Main Building Entrance,2023-10-23 11:33:00,1,0.81,TRK_9147,1
OBS_100618,STU1304,CAM001,Main Building Entrance,2023-10-23 09:42:00,1,0.77,TRK_1865,0
OBS_100619,STU1304,CAM004,Computer Laboratory Corridor,2023-10-23 10:05:00,1,0.91,TRK_3934,1
OBS_100620,STU1306,CAM002,Library Entrance,2023-10-23 10:20:00,1,0.82,TRK_2578,1
OBS_100621,STU1306,CAM005,Academic Block Corridor,2023-10-23 10:44:00,1,0.93,TRK_8635,1
OBS_100622,STU1306,CAM003,Canteen Entrance,2023-10-23 11:24:00,1,0.91,TRK_9032,1
OBS_100623,STU1306,CAM003,Canteen Entrance,2023-10-23 12:43:00,1,0.88,TRK_9856,1
OBS_100624,STU1308,CAM004,Computer Laboratory Corridor,2023-10-23 07:54:00,1,0.96,TRK_2951,1
OBS_100625,STU1309,CAM003,Canteen Entrance,2023-10-23 10:02:00,1,0.95,TRK_8250,0
OBS_100626,STU1309,CAM001,Main Building Entrance,2023-10-23 11:15:00,1,0.76,TRK_5965,1
OBS_100627,STU1309,CAM004,Computer Laboratory Corridor,2023-10-23 11:51:00,1,0.85,TRK_6119,1
OBS_100628,STU1309,CAM004,Computer Laboratory Corridor,2023-10-23 12:55:00,1,0.93,TRK_9037,1
OBS_100629,STU1310,CAM005,Academic Block Corridor,2023-10-23 08:47:00,1,0.96,TRK_9301,1
OBS_100630,STU1310,CAM004,Computer Laboratory Corridor,2023-10-23 09:09:00,1,0.81,TRK_7189,1
OBS_100631,STU1310,CAM003,Canteen Entrance,2023-10-23 10:09:00,1,0.83,TRK_1461,1
OBS_100632,STU1310,CAM001,Main Building Entrance,2023-10-23 11:39:00,1,0.78,TRK_7003,1
OBS_100633,STU1311,CAM001,Main Building Entrance,2023-10-23 10:57:00,1,0.93,TRK_6591,1
OBS_100634,STU1311,CAM001,Main Building Entrance,2023-10-23 12:00:00,1,0.85,TRK_6855,1
OBS_100635,STU1311,CAM003,Canteen Entrance,2023-10-23 13:07:00,1,0.76,TRK_5001,1
OBS_100636,STU1312,CAM003,Canteen Entrance,2023-10-23 09:11:00,1,0.89,TRK_2073,1
OBS_100637,STU1312,CAM001,Main Building Entrance,2023-10-23 10:05:00,1,0.83,TRK_1322,1
OBS_100638,STU1313,CAM004,Computer Laboratory Corridor,2023-10-23 07:49:00,1,0.91,TRK_7921,1
OBS_100639,STU1313,CAM005,Academic Block Corridor,2023-10-23 09:16:00,1,0.97,TRK_5368,1
OBS_100640,STU1313,CAM004,Computer Laboratory Corridor,2023-10-23 09:33:00,1,0.89,TRK_6185,1
OBS_100641,STU1314,CAM004,Computer Laboratory Corridor,2023-10-23 09:23:00,1,0.83,TRK_2601,1
OBS_100642,STU1314,CAM001,Main Building Entrance,2023-10-23 10:40:00,1,0.92,TRK_4373,1
OBS_100643,STU1314,CAM004,Computer Laboratory Corridor,2023-10-23 11:38:00,1,0.87,TRK_6563,1
OBS_100644,STU1314,CAM005,Academic Block Corridor,2023-10-23 12:14:00,1,0.82,TRK_8143,0
OBS_100645,STU1315,CAM001,Main Building Entrance,2023-10-23 10:40:00,1,0.95,TRK_9779,1
OBS_100646,STU1315,CAM003,Canteen Entrance,2023-10-23 11:22:00,1,0.81,TRK_5871,1
OBS_100647,STU1316,CAM005,Academic Block Corridor,2023-10-23 08:33:00,1,0.93,TRK_2506,1
OBS_100648,STU1316,CAM001,Main Building Entrance,2023-10-23 10:02:00,1,0.89,TRK_5478,1
OBS_100649,STU1316,CAM005,Academic Block Corridor,2023-10-23 10:25:00,1,0.94,TRK_8786,1
OBS_100650,STU1316,CAM002,Library Entrance,2023-10-23 11:34:00,1,0.83,TRK_2256,1
OBS_100651,STU1317,CAM003,Canteen Entrance,2023-10-23 09:00:00,1,0.85,TRK_9846,1
OBS_100652,STU1317,CAM002,Library Entrance,2023-10-23 09:55:00,1,0.85,TRK_5116,1
OBS_100653,STU1317,CAM004,Computer Laboratory Corridor,2023-10-23 11:15:00,1,0.91,TRK_9971,1
OBS_100654,STU1319,CAM005,Academic Block Corridor,2023-10-23 08:19:00,1,0.96,TRK_9178,1
OBS_100655,STU1319,CAM004,Computer Laboratory Corridor,2023-10-23 09:01:00,1,0.81,TRK_9728,1
OBS_100656,STU1320,CAM001,Main Building Entrance,2023-10-23 09:44:00,1,0.88,TRK_6968,1
OBS_100657,STU1320,CAM002,Library Entrance,2023-10-23 10:58:00,1,0.81,TRK_5919,1
OBS_100658,STU1320,CAM004,Computer Laboratory Corridor,2023-10-23 12:08:00,1,0.83,TRK_2055,1
OBS_100659,STU1320,CAM004,Computer Laboratory Corridor,2023-10-23 12:49:00,1,0.81,TRK_5702,1
OBS_100660,STU1322,CAM005,Academic Block Corridor,2023-10-23 09:37:00,1,0.81,TRK_4907,1
OBS_100661,STU1322,CAM002,Library Entrance,2023-10-23 10:06:00,1,0.8,TRK_5023,1
OBS_100662,STU1323,CAM004,Computer Laboratory Corridor,2023-10-23 10:16:00,1,0.88,TRK_8145,1
OBS_100663,STU1323,CAM001,Main Building Entrance,2023-10-23 11:25:00,1,0.8,TRK_5468,1
OBS_100664,STU1323,CAM001,Main Building Entrance,2023-10-23 11:57:00,1,0.81,TRK_5551,1
OBS_100665,STU1324,CAM004,Computer Laboratory Corridor,2023-10-23 08:44:00,1,0.94,TRK_1906,1
OBS_100666,STU1324,CAM003,Canteen Entrance,2023-10-23 09:09:00,1,0.89,TRK_2041,1
OBS_100667,STU1325,CAM001,Main Building Entrance,2023-10-23 10:01:00,1,0.85,TRK_3302,1
OBS_100668,STU1325,CAM001,Main Building Entrance,2023-10-23 10:46:00,1,0.89,TRK_9196,1
OBS_100669,STU1325,CAM005,Academic Block Corridor,2023-10-23 11:16:00,1,0.91,TRK_9605,1
OBS_100670,STU1325,CAM004,Computer Laboratory Corridor,2023-10-23 12:03:00,1,0.96,TRK_4900,1
OBS_100671,STU1326,CAM003,Canteen Entrance,2023-10-23 08:25:00,1,0.95,TRK_7388,1
OBS_100672,STU1327,CAM002,Library Entrance,2023-10-23 09:40:00,1,0.78,TRK_3869,1
OBS_100673,STU1327,CAM003,Canteen Entrance,2023-10-23 10:22:00,1,0.86,TRK_5166,1
OBS_100674,STU1329,CAM005,Academic Block Corridor,2023-10-23 09:03:00,1,0.84,TRK_2850,1
OBS_100675,STU1330,CAM004,Computer Laboratory Corridor,2023-10-23 10:00:00,1,0.86,TRK_5036,1
OBS_100676,STU1330,CAM002,Library Entrance,2023-10-23 10:50:00,1,0.84,TRK_7025,1
OBS_100677,STU1330,CAM001,Main Building Entrance,2023-10-23 11:44:00,1,0.9,TRK_1570,1
OBS_100678,STU1331,CAM003,Canteen Entrance,2023-10-23 08:16:00,1,0.88,TRK_6067,1
OBS_100679,STU1332,CAM005,Academic Block Corridor,2023-10-23 09:29:00,1,0.96,TRK_8248,1
OBS_100680,STU1332,CAM001,Main Building Entrance,2023-10-23 10:33:00,1,0.97,TRK_7438,1
OBS_100681,STU1332,CAM003,Canteen Entrance,2023-10-23 11:20:00,1,0.77,TRK_4857,1
OBS_100682,STU1333,CAM002,Library Entrance,2023-10-23 09:55:00,1,0.97,TRK_6196,1
OBS_100683,STU1333,CAM001,Main Building Entrance,2023-10-23 11:02:00,1,0.82,TRK_2312,1
OBS_100684,STU1333,CAM004,Computer Laboratory Corridor,2023-10-23 12:19:00,1,0.93,TRK_6451,1
OBS_100685,STU1334,CAM002,Library Entrance,2023-10-23 09:47:00,1,0.92,TRK_9295,1
OBS_100686,STU1334,CAM003,Canteen Entrance,2023-10-23 10:10:00,1,0.85,TRK_9973,1
OBS_100687,STU1334,CAM004,Computer Laboratory Corridor,2023-10-23 11:06:00,1,0.92,TRK_1853,1
OBS_100688,STU1334,CAM004,Computer Laboratory Corridor,2023-10-23 11:44:00,1,0.94,TRK_3229,0
OBS_100689,STU1335,CAM002,Library Entrance,2023-10-23 10:04:00,1,0.9,TRK_6140,1
OBS_100690,STU1336,CAM002,Library Entrance,2023-10-23 09:00:00,1,0.81,TRK_3131,1
OBS_100691,STU1337,CAM004,Computer Laboratory Corridor,2023-10-23 08:54:00,1,0.86,TRK_3187,1
OBS_100692,STU1337,CAM002,Library Entrance,2023-10-23 09:42:00,1,0.91,TRK_6367,1
OBS_100693,STU1337,CAM002,Library Entrance,2023-10-23 10:33:00,1,0.77,TRK_7022,1
OBS_100694,STU1337,CAM004,Computer Laboratory Corridor,2023-10-23 11:11:00,1,0.96,TRK_4677,1
OBS_100695,STU1338,CAM005,Academic Block Corridor,2023-10-23 07:58:00,1,0.91,TRK_4747,0
OBS_100696,STU1340,CAM002,Library Entrance,2023-10-23 08:57:00,1,0.81,TRK_3764,1
OBS_100697,STU1341,CAM005,Academic Block Corridor,2023-10-23 09:23:00,1,0.85,TRK_5262,1
OBS_100698,STU1342,CAM003,Canteen Entrance,2023-10-23 08:13:00,1,0.79,TRK_2922,1
OBS_100699,STU1342,CAM005,Academic Block Corridor,2023-10-23 08:29:00,1,0.85,TRK_8433,1
OBS_100700,STU1343,CAM002,Library Entrance,2023-10-23 09:39:00,1,0.92,TRK_4121,1
OBS_100701,STU1343,CAM003,Canteen Entrance,2023-10-23 10:28:00,1,0.93,TRK_7259,1
OBS_100702,STU1343,CAM004,Computer Laboratory Corridor,2023-10-23 10:59:00,1,0.96,TRK_4531,1
OBS_100703,STU1343,CAM002,Library Entrance,2023-10-23 11:50:00,1,0.85,TRK_7693,1
OBS_100704,STU1344,CAM003,Canteen Entrance,2023-10-23 09:10:00,1,0.98,TRK_4858,1
OBS_100705,STU1344,CAM002,Library Entrance,2023-10-23 10:22:00,1,0.84,TRK_8506,1
OBS_100706,STU1345,CAM004,Computer Laboratory Corridor,2023-10-23 07:54:00,1,0.78,TRK_6296,1
OBS_100707,STU1346,CAM004,Computer Laboratory Corridor,2023-10-23 09:30:00,1,0.92,TRK_5198,1
OBS_100708,STU1346,CAM001,Main Building Entrance,2023-10-23 09:54:00,1,0.88,TRK_1853,1
OBS_100709,STU1346,CAM002,Library Entrance,2023-10-23 10:51:00,1,0.86,TRK_6804,0
OBS_100710,STU1346,CAM001,Main Building Entrance,2023-10-23 11:11:00,1,0.81,TRK_7241,1
OBS_100711,STU1347,CAM003,Canteen Entrance,2023-10-23 09:31:00,1,0.78,TRK_1673,1
OBS_100712,STU1347,CAM002,Library Entrance,2023-10-23 11:00:00,1,0.81,TRK_9253,1
OBS_100713,STU1347,CAM003,Canteen Entrance,2023-10-23 12:18:00,1,0.96,TRK_3161,1
OBS_100714,STU1348,CAM005,Academic Block Corridor,2023-10-23 09:57:00,1,0.85,TRK_5266,1
OBS_100715,STU1349,CAM001,Main Building Entrance,2023-10-23 09:45:00,1,0.98,TRK_9179,1
OBS_100716,STU1350,CAM004,Computer Laboratory Corridor,2023-10-23 10:28:00,1,0.82,TRK_5312,1
OBS_100717,STU1350,CAM005,Academic Block Corridor,2023-10-23 11:16:00,1,0.83,TRK_3703,1
OBS_100718,STU1350,CAM004,Computer Laboratory Corridor,2023-10-23 12:11:00,1,0.93,TRK_3478,1
OBS_100719,STU1351,CAM002,Library Entrance,2023-10-23 09:09:00,1,0.79,TRK_4766,1
OBS_100720,STU1351,CAM001,Main Building Entrance,2023-10-23 09:47:00,1,0.86,TRK_3679,0
OBS_100721,STU1351,CAM004,Computer Laboratory Corridor,2023-10-23 11:01:00,1,0.78,TRK_9108,1
OBS_100722,STU1351,CAM004,Computer Laboratory Corridor,2023-10-23 11:21:00,1,0.84,TRK_8949,1
OBS_100723,STU1352,CAM001,Main Building Entrance,2023-10-23 10:38:00,1,0.95,TRK_3425,1
OBS_100724,STU1352,CAM003,Canteen Entrance,2023-10-23 11:08:00,1,0.77,TRK_5654,1
OBS_100725,STU1352,CAM002,Library Entrance,2023-10-23 11:46:00,1,0.93,TRK_5469,1
OBS_100726,STU1352,CAM005,Academic Block Corridor,2023-10-23 13:13:00,1,0.8,TRK_1067,1
OBS_100727,STU1353,CAM001,Main Building Entrance,2023-10-23 08:49:00,1,0.81,TRK_9161,1
OBS_100728,STU1353,CAM003,Canteen Entrance,2023-10-23 09:16:00,1,0.76,TRK_2998,1
OBS_100729,STU1354,CAM005,Academic Block Corridor,2023-10-23 08:49:00,1,0.97,TRK_2737,1
OBS_100730,STU1354,CAM002,Library Entrance,2023-10-23 09:45:00,1,0.76,TRK_8540,1
OBS_100731,STU1354,CAM004,Computer Laboratory Corridor,2023-10-23 11:01:00,1,0.9,TRK_5412,1
OBS_100732,STU1354,CAM003,Canteen Entrance,2023-10-23 11:16:00,1,0.98,TRK_8423,1
OBS_100733,STU1355,CAM002,Library Entrance,2023-10-23 10:12:00,1,0.8,TRK_1797,1
OBS_100734,STU1355,CAM003,Canteen Entrance,2023-10-23 11:03:00,1,0.94,TRK_2158,1
OBS_100735,STU1355,CAM005,Academic Block Corridor,2023-10-23 12:28:00,1,0.84,TRK_7534,1
OBS_100736,STU1356,CAM002,Library Entrance,2023-10-23 08:51:00,1,0.98,TRK_7535,1
OBS_100737,STU1356,CAM001,Main Building Entrance,2023-10-23 09:17:00,1,0.95,TRK_3669,1
OBS_100738,STU1356,CAM004,Computer Laboratory Corridor,2023-10-23 10:21:00,1,0.82,TRK_3525,1
OBS_100739,STU1357,CAM004,Computer Laboratory Corridor,2023-10-23 09:03:00,1,0.94,TRK_6080,1
OBS_100740,STU1358,CAM001,Main Building Entrance,2023-10-23 09:01:00,1,0.95,TRK_9399,1
OBS_100741,STU1358,CAM004,Computer Laboratory Corridor,2023-10-23 09:41:00,1,0.86,TRK_7358,1
OBS_100742,STU1359,CAM005,Academic Block Corridor,2023-10-23 09:41:00,1,0.89,TRK_2478,1
OBS_100743,STU1359,CAM003,Canteen Entrance,2023-10-23 10:50:00,1,0.9,TRK_8112,1
OBS_100744,STU1359,CAM001,Main Building Entrance,2023-10-23 11:59:00,1,0.76,TRK_6599,1
OBS_100745,STU1359,CAM002,Library Entrance,2023-10-23 13:13:00,1,0.91,TRK_3540,0
OBS_100746,STU1360,CAM005,Academic Block Corridor,2023-10-23 09:23:00,1,0.77,TRK_8671,1
OBS_100747,STU1360,CAM001,Main Building Entrance,2023-10-23 10:33:00,1,0.97,TRK_8825,1
OBS_100748,STU1360,CAM002,Library Entrance,2023-10-23 11:26:00,1,0.99,TRK_5921,1
OBS_100749,STU1360,CAM005,Academic Block Corridor,2023-10-23 12:12:00,1,0.85,TRK_1781,1
OBS_100750,STU1361,CAM005,Academic Block Corridor,2023-10-23 09:29:00,1,0.78,TRK_7961,1
OBS_100751,STU1363,CAM004,Computer Laboratory Corridor,2023-10-23 08:23:00,1,0.91,TRK_5151,1
OBS_100752,STU1363,CAM003,Canteen Entrance,2023-10-23 09:23:00,1,0.89,TRK_9248,1
OBS_100753,STU1363,CAM001,Main Building Entrance,2023-10-23 09:40:00,1,0.93,TRK_8583,1
OBS_100754,STU1363,CAM002,Library Entrance,2023-10-23 10:17:00,1,0.95,TRK_1741,1
OBS_100755,STU1364,CAM003,Canteen Entrance,2023-10-23 10:13:00,1,0.83,TRK_8454,1
OBS_100756,STU1365,CAM003,Canteen Entrance,2023-10-23 08:55:00,1,0.98,TRK_4066,1
OBS_100757,STU1365,CAM002,Library Entrance,2023-10-23 09:37:00,1,0.77,TRK_5248,1
OBS_100758,STU1365,CAM004,Computer Laboratory Corridor,2023-10-23 10:05:00,1,0.88,TRK_1095,1
OBS_100759,STU1365,CAM001,Main Building Entrance,2023-10-23 11:10:00,1,0.75,TRK_8817,1
OBS_100760,STU1366,CAM005,Academic Block Corridor,2023-10-23 10:16:00,1,0.92,TRK_5961,1
OBS_100761,STU1366,CAM004,Computer Laboratory Corridor,2023-10-23 11:17:00,1,0.94,TRK_2435,0
OBS_100762,STU1366,CAM002,Library Entrance,2023-10-23 11:48:00,1,0.75,TRK_2833,1
OBS_100763,STU1366,CAM002,Library Entrance,2023-10-23 12:05:00,1,0.96,TRK_4428,1
OBS_100764,STU1367,CAM002,Library Entrance,2023-10-23 09:06:00,1,0.85,TRK_9824,1
OBS_100765,STU1367,CAM001,Main Building Entrance,2023-10-23 09:45:00,1,0.82,TRK_8592,1
OBS_100766,STU1367,CAM004,Computer Laboratory Corridor,2023-10-23 10:18:00,1,0.85,TRK_2908,1
OBS_100767,STU1367,CAM002,Library Entrance,2023-10-23 10:54:00,1,0.93,TRK_8295,0
OBS_100768,STU1368,CAM001,Main Building Entrance,2023-10-23 08:59:00,1,0.96,TRK_4975,1
OBS_100769,STU1368,CAM003,Canteen Entrance,2023-10-23 09:39:00,1,0.89,TRK_7418,1
OBS_100770,STU1368,CAM003,Canteen Entrance,2023-10-23 10:00:00,1,0.75,TRK_8074,1
OBS_100771,STU1368,CAM004,Computer Laboratory Corridor,2023-10-23 11:08:00,1,0.93,TRK_5764,1
OBS_100772,STU1370,CAM004,Computer Laboratory Corridor,2023-10-23 09:54:00,1,0.87,TRK_8993,1
OBS_100773,STU1373,CAM005,Academic Block Corridor,2023-10-23 08:38:00,1,0.75,TRK_6174,1
OBS_100774,STU1373,CAM001,Main Building Entrance,2023-10-23 10:03:00,1,0.81,TRK_7834,1
OBS_100775,STU1374,CAM004,Computer Laboratory Corridor,2023-10-23 08:15:00,1,0.9,TRK_6681,1
OBS_100776,STU1374,CAM004,Computer Laboratory Corridor,2023-10-23 09:27:00,1,0.75,TRK_5718,1
OBS_100777,STU1374,CAM004,Computer Laboratory Corridor,2023-10-23 10:06:00,1,0.83,TRK_4802,1
OBS_100778,STU1374,CAM002,Library Entrance,2023-10-23 11:25:00,1,0.89,TRK_6556,1
OBS_100779,STU1376,CAM003,Canteen Entrance,2023-10-23 09:51:00,1,0.92,TRK_7395,1
OBS_100780,STU1376,CAM003,Canteen Entrance,2023-10-23 10:59:00,1,0.94,TRK_3654,1
OBS_100781,STU1376,CAM003,Canteen Entrance,2023-10-23 11:40:00,1,0.92,TRK_2412,1
OBS_100782,STU1376,CAM002,Library Entrance,2023-10-23 12:56:00,1,0.79,TRK_3561,1
OBS_100783,STU1377,CAM004,Computer Laboratory Corridor,2023-10-23 08:43:00,1,0.98,TRK_9089,1
OBS_100784,STU1377,CAM002,Library Entrance,2023-10-23 09:36:00,1,0.8,TRK_1770,1
OBS_100785,STU1377,CAM003,Canteen Entrance,2023-10-23 09:53:00,1,0.96,TRK_6849,1
OBS_100786,STU1377,CAM002,Library Entrance,2023-10-23 10:28:00,1,0.95,TRK_9248,1
OBS_100787,STU1378,CAM003,Canteen Entrance,2023-10-23 09:30:00,1,0.85,TRK_4714,1
OBS_100788,STU1379,CAM002,Library Entrance,2023-10-23 10:34:00,1,0.87,TRK_6575,1
OBS_100789,STU1380,CAM005,Academic Block Corridor,2023-10-23 07:52:00,1,0.81,TRK_3476,1
OBS_100790,STU1380,CAM005,Academic Block Corridor,2023-10-23 09:12:00,1,0.91,TRK_1826,1
OBS_100791,STU1380,CAM004,Computer Laboratory Corridor,2023-10-23 10:23:00,1,0.98,TRK_2817,1
OBS_100792,STU1381,CAM005,Academic Block Corridor,2023-10-23 07:59:00,1,0.76,TRK_2727,1
OBS_100793,STU1382,CAM002,Library Entrance,2023-10-23 08:27:00,1,0.97,TRK_3572,1
OBS_100794,STU1382,CAM004,Computer Laboratory Corridor,2023-10-23 09:19:00,1,0.93,TRK_9165,1
OBS_100795,STU1383,CAM003,Canteen Entrance,2023-10-23 10:02:00,1,0.83,TRK_3257,1
OBS_100796,STU1384,CAM004,Computer Laboratory Corridor,2023-10-23 09:51:00,1,0.98,TRK_1107,1
OBS_100797,STU1385,CAM003,Canteen Entrance,2023-10-23 09:49:00,1,0.82,TRK_3805,1
OBS_100798,STU1385,CAM003,Canteen Entrance,2023-10-23 10:14:00,1,0.84,TRK_7799,1
OBS_100799,STU1387,CAM002,Library Entrance,2023-10-23 09:36:00,1,0.93,TRK_9677,1
OBS_100800,STU1387,CAM002,Library Entrance,2023-10-23 10:44:00,1,0.78,TRK_8025,1
OBS_100801,STU1387,CAM004,Computer Laboratory Corridor,2023-10-23 11:51:00,1,0.97,TRK_9456,1
OBS_100802,STU1388,CAM004,Computer Laboratory Corridor,2023-10-23 08:42:00,1,0.78,TRK_1162,1
OBS_100803,STU1388,CAM001,Main Building Entrance,2023-10-23 10:03:00,1,0.77,TRK_6157,1
OBS_100804,STU1388,CAM002,Library Entrance,2023-10-23 11:09:00,1,0.85,TRK_7443,1
OBS_100805,STU1389,CAM005,Academic Block Corridor,2023-10-23 08:14:00,1,0.76,TRK_9516,1
OBS_100806,STU1390,CAM004,Computer Laboratory Corridor,2023-10-23 09:13:00,1,0.96,TRK_5986,1
OBS_100807,STU1390,CAM003,Canteen Entrance,2023-10-23 10:08:00,1,0.75,TRK_5583,1
OBS_100808,STU1390,CAM005,Academic Block Corridor,2023-10-23 11:30:00,1,0.97,TRK_7618,1
OBS_100809,STU1391,CAM005,Academic Block Corridor,2023-10-23 08:50:00,1,0.9,TRK_8244,1
OBS_100810,STU1391,CAM004,Computer Laboratory Corridor,2023-10-23 09:49:00,1,0.94,TRK_5940,1
OBS_100811,STU1391,CAM001,Main Building Entrance,2023-10-23 10:14:00,1,0.88,TRK_7389,1
OBS_100812,STU1391,CAM005,Academic Block Corridor,2023-10-23 10:45:00,1,0.99,TRK_5651,1
OBS_100813,STU1392,CAM005,Academic Block Corridor,2023-10-23 09:01:00,1,0.88,TRK_9541,1
OBS_100814,STU1392,CAM002,Library Entrance,2023-10-23 09:59:00,1,0.76,TRK_9846,1
OBS_100815,STU1393,CAM003,Canteen Entrance,2023-10-23 09:58:00,1,0.92,TRK_9278,1
OBS_100816,STU1393,CAM001,Main Building Entrance,2023-10-23 10:27:00,1,0.95,TRK_5255,1
OBS_100817,STU1393,CAM003,Canteen Entrance,2023-10-23 11:46:00,1,0.78,TRK_3043,1
OBS_100818,STU1395,CAM005,Academic Block Corridor,2023-10-23 09:31:00,1,0.93,TRK_8424,1
OBS_100819,STU1395,CAM002,Library Entrance,2023-10-23 10:29:00,1,0.94,TRK_9737,0
OBS_100820,STU1395,CAM003,Canteen Entrance,2023-10-23 11:13:00,1,0.82,TRK_3293,1
OBS_100821,STU1395,CAM005,Academic Block Corridor,2023-10-23 12:16:00,1,0.93,TRK_2724,1
OBS_100822,STU1396,CAM005,Academic Block Corridor,2023-10-23 09:41:00,1,0.8,TRK_6919,1
OBS_100823,STU1396,CAM001,Main Building Entrance,2023-10-23 10:54:00,1,0.79,TRK_7974,0
OBS_100824,STU1396,CAM001,Main Building Entrance,2023-10-23 12:01:00,1,0.77,TRK_7961,1
OBS_100825,STU1397,CAM002,Library Entrance,2023-10-23 09:24:00,1,0.86,TRK_7050,1
OBS_100826,STU1397,CAM004,Computer Laboratory Corridor,2023-10-23 10:46:00,1,0.89,TRK_9502,1
OBS_100827,STU1398,CAM005,Academic Block Corridor,2023-10-23 09:51:00,1,0.87,TRK_7937,1
OBS_100828,STU1398,CAM004,Computer Laboratory Corridor,2023-10-23 11:02:00,1,0.93,TRK_7830,1
OBS_100829,STU1398,CAM002,Library Entrance,2023-10-23 11:37:00,1,0.87,TRK_8942,1
OBS_100830,STU1398,CAM002,Library Entrance,2023-10-23 12:50:00,1,0.98,TRK_9408,1
OBS_100831,STU1399,CAM004,Computer Laboratory Corridor,2023-10-23 08:19:00,1,0.86,TRK_3569,1
OBS_100832,STU1400,CAM005,Academic Block Corridor,2023-10-23 08:11:00,1,0.95,TRK_2807,1
OBS_100833,STU1400,CAM003,Canteen Entrance,2023-10-23 08:41:00,1,0.89,TRK_1659,1
OBS_100834,STU1400,CAM002,Library Entrance,2023-10-23 10:02:00,1,0.78,TRK_5995,1
OBS_100835,STU1401,CAM003,Canteen Entrance,2023-10-23 08:37:00,1,0.87,TRK_3340,1
OBS_100836,STU1401,CAM005,Academic Block Corridor,2023-10-23 09:10:00,1,0.85,TRK_5999,1
OBS_100837,STU1401,CAM002,Library Entrance,2023-10-23 10:01:00,1,0.79,TRK_9008,0
OBS_100838,STU1403,CAM005,Academic Block Corridor,2023-10-23 09:18:00,1,0.83,TRK_1732,1
OBS_100839,STU1404,CAM005,Academic Block Corridor,2023-10-23 09:25:00,1,0.82,TRK_8411,1
OBS_100840,STU1404,CAM004,Computer Laboratory Corridor,2023-10-23 10:23:00,1,0.86,TRK_3175,1
OBS_100841,STU1404,CAM005,Academic Block Corridor,2023-10-23 10:55:00,1,0.9,TRK_8371,0
OBS_100842,STU1404,CAM002,Library Entrance,2023-10-23 12:07:00,1,0.96,TRK_6328,1
OBS_100843,STU1405,CAM004,Computer Laboratory Corridor,2023-10-23 08:52:00,1,0.81,TRK_7478,1
OBS_100844,STU1406,CAM001,Main Building Entrance,2023-10-23 10:24:00,1,0.98,TRK_8259,1
OBS_100845,STU1406,CAM001,Main Building Entrance,2023-10-23 11:14:00,1,0.96,TRK_1406,1
OBS_100846,STU1406,CAM003,Canteen Entrance,2023-10-23 12:42:00,1,0.88,TRK_3028,1
OBS_100847,STU1407,CAM005,Academic Block Corridor,2023-10-23 09:38:00,1,0.88,TRK_1866,1
OBS_100848,STU1408,CAM005,Academic Block Corridor,2023-10-23 09:05:00,1,0.97,TRK_2970,1
OBS_100849,STU1408,CAM002,Library Entrance,2023-10-23 10:28:00,1,0.98,TRK_5504,0
OBS_100850,STU1410,CAM005,Academic Block Corridor,2023-10-23 09:00:00,1,0.86,TRK_9741,1
OBS_100851,STU1410,CAM004,Computer Laboratory Corridor,2023-10-23 09:56:00,1,0.89,TRK_9052,1
OBS_100852,STU1412,CAM004,Computer Laboratory Corridor,2023-10-23 08:49:00,1,0.79,TRK_1394,1
OBS_100853,STU1413,CAM003,Canteen Entrance,2023-10-23 08:49:00,1,0.77,TRK_2627,1
OBS_100854,STU1413,CAM002,Library Entrance,2023-10-23 10:13:00,1,0.82,TRK_3992,1
OBS_100855,STU1413,CAM001,Main Building Entrance,2023-10-23 11:00:00,1,0.79,TRK_7672,1
OBS_100856,STU1414,CAM005,Academic Block Corridor,2023-10-23 09:25:00,1,0.98,TRK_3973,1
OBS_100857,STU1414,CAM001,Main Building Entrance,2023-10-23 09:43:00,1,0.82,TRK_2617,1
OBS_100858,STU1416,CAM004,Computer Laboratory Corridor,2023-10-23 09:41:00,1,0.96,TRK_5225,1
OBS_100859,STU1416,CAM001,Main Building Entrance,2023-10-23 10:44:00,1,0.76,TRK_4925,1
OBS_100860,STU1416,CAM002,Library Entrance,2023-10-23 12:14:00,1,0.87,TRK_9264,1
OBS_100861,STU1417,CAM003,Canteen Entrance,2023-10-23 08:41:00,1,0.76,TRK_8615,1
OBS_100862,STU1417,CAM004,Computer Laboratory Corridor,2023-10-23 10:06:00,1,0.77,TRK_1473,1
OBS_100863,STU1417,CAM002,Library Entrance,2023-10-23 11:13:00,1,0.97,TRK_1305,1
OBS_100864,STU1417,CAM005,Academic Block Corridor,2023-10-23 12:02:00,1,0.98,TRK_2663,1
OBS_100865,STU1418,CAM002,Library Entrance,2023-10-23 09:30:00,1,0.82,TRK_7664,1
OBS_100866,STU1418,CAM001,Main Building Entrance,2023-10-23 10:42:00,1,0.95,TRK_9199,1
OBS_100867,STU1419,CAM003,Canteen Entrance,2023-10-23 08:36:00,1,0.88,TRK_3755,1
OBS_100868,STU1419,CAM005,Academic Block Corridor,2023-10-23 09:22:00,1,0.98,TRK_8401,1
OBS_100869,STU1421,CAM004,Computer Laboratory Corridor,2023-10-23 08:48:00,1,0.98,TRK_5739,1
OBS_100870,STU1422,CAM001,Main Building Entrance,2023-10-23 08:50:00,1,0.97,TRK_8900,1
OBS_100871,STU1422,CAM005,Academic Block Corridor,2023-10-23 09:39:00,1,0.81,TRK_7228,1
OBS_100872,STU1423,CAM005,Academic Block Corridor,2023-10-23 08:19:00,1,0.95,TRK_5609,1
OBS_100873,STU1423,CAM002,Library Entrance,2023-10-23 08:39:00,1,0.93,TRK_2145,0
OBS_100874,STU1423,CAM001,Main Building Entrance,2023-10-23 09:32:00,1,0.84,TRK_3014,1
OBS_100875,STU1424,CAM003,Canteen Entrance,2023-10-23 10:45:00,1,0.96,TRK_4454,1
OBS_100876,STU1424,CAM003,Canteen Entrance,2023-10-23 12:04:00,1,0.96,TRK_6613,1
OBS_100877,STU1425,CAM003,Canteen Entrance,2023-10-23 09:29:00,1,0.81,TRK_6269,1
OBS_100878,STU1425,CAM002,Library Entrance,2023-10-23 10:27:00,1,0.86,TRK_6381,0
OBS_100879,STU1425,CAM002,Library Entrance,2023-10-23 10:44:00,1,0.91,TRK_1033,1
OBS_100880,STU1426,CAM001,Main Building Entrance,2023-10-23 08:17:00,1,0.91,TRK_7769,1
OBS_100881,STU1426,CAM004,Computer Laboratory Corridor,2023-10-23 09:43:00,1,0.93,TRK_9816,1
OBS_100882,STU1426,CAM001,Main Building Entrance,2023-10-23 10:08:00,1,0.88,TRK_8293,1
OBS_100883,STU1426,CAM003,Canteen Entrance,2023-10-23 10:38:00,1,0.98,TRK_7166,1
OBS_100884,STU1427,CAM002,Library Entrance,2023-10-23 10:28:00,1,0.95,TRK_1138,1
OBS_100885,STU1427,CAM004,Computer Laboratory Corridor,2023-10-23 10:58:00,1,0.84,TRK_4161,1
OBS_100886,STU1427,CAM001,Main Building Entrance,2023-10-23 12:09:00,1,0.8,TRK_1324,1
OBS_100887,STU1428,CAM002,Library Entrance,2023-10-23 08:59:00,1,0.77,TRK_5967,1
OBS_100888,STU1428,CAM002,Library Entrance,2023-10-23 09:42:00,1,0.99,TRK_6947,1
OBS_100889,STU1428,CAM003,Canteen Entrance,2023-10-23 10:01:00,1,0.87,TRK_4425,1
OBS_100890,STU1429,CAM004,Computer Laboratory Corridor,2023-10-23 08:15:00,1,0.78,TRK_5544,1
OBS_100891,STU1430,CAM005,Academic Block Corridor,2023-10-23 08:37:00,1,0.8,TRK_3875,1
OBS_100892,STU1430,CAM005,Academic Block Corridor,2023-10-23 09:00:00,1,0.78,TRK_2065,1
OBS_100893,STU1430,CAM003,Canteen Entrance,2023-10-23 09:31:00,1,0.97,TRK_4734,1
OBS_100894,STU1430,CAM003,Canteen Entrance,2023-10-23 10:52:00,1,0.8,TRK_1378,1
OBS_100895,STU1431,CAM004,Computer Laboratory Corridor,2023-10-23 09:56:00,1,0.75,TRK_7997,1
OBS_100896,STU1431,CAM003,Canteen Entrance,2023-10-23 10:17:00,1,0.85,TRK_7666,1
OBS_100897,STU1431,CAM001,Main Building Entrance,2023-10-23 11:07:00,1,0.91,TRK_8644,1
OBS_100898,STU1432,CAM005,Academic Block Corridor,2023-10-23 09:20:00,1,0.93,TRK_4678,1
OBS_100899,STU1432,CAM003,Canteen Entrance,2023-10-23 09:41:00,1,0.97,TRK_9723,1
OBS_100900,STU1432,CAM003,Canteen Entrance,2023-10-23 10:53:00,1,0.75,TRK_4188,1
OBS_100901,STU1432,CAM001,Main Building Entrance,2023-10-23 11:50:00,1,0.96,TRK_1415,1
OBS_100902,STU1433,CAM001,Main Building Entrance,2023-10-23 09:01:00,1,0.97,TRK_4225,1
OBS_100903,STU1433,CAM003,Canteen Entrance,2023-10-23 09:37:00,1,0.82,TRK_2584,1
OBS_100904,STU1434,CAM004,Computer Laboratory Corridor,2023-10-23 09:56:00,1,0.94,TRK_6477,1
OBS_100905,STU1436,CAM001,Main Building Entrance,2023-10-23 08:44:00,1,0.86,TRK_6583,1
OBS_100906,STU1436,CAM003,Canteen Entrance,2023-10-23 09:05:00,1,0.87,TRK_4878,1
OBS_100907,STU1436,CAM005,Academic Block Corridor,2023-10-23 09:29:00,1,0.9,TRK_2567,1
OBS_100908,STU1438,CAM001,Main Building Entrance,2023-10-23 09:30:00,1,0.77,TRK_1994,1
OBS_100909,STU1438,CAM004,Computer Laboratory Corridor,2023-10-23 09:49:00,1,0.83,TRK_2065,1
OBS_100910,STU1438,CAM001,Main Building Entrance,2023-10-23 10:20:00,1,0.97,TRK_8240,0
OBS_100911,STU1438,CAM003,Canteen Entrance,2023-10-23 10:42:00,1,0.9,TRK_8075,1
OBS_100912,STU1439,CAM001,Main Building Entrance,2023-10-23 09:55:00,1,0.88,TRK_5831,1
OBS_100913,STU1440,CAM001,Main Building Entrance,2023-10-23 09:10:00,1,0.9,TRK_7735,1
OBS_100914,STU1440,CAM005,Academic Block Corridor,2023-10-23 09:54:00,1,0.94,TRK_1173,1
OBS_100915,STU1440,CAM004,Computer Laboratory Corridor,2023-10-23 11:07:00,1,0.86,TRK_8014,1
OBS_100916,STU1440,CAM003,Canteen Entrance,2023-10-23 11:34:00,1,0.91,TRK_1425,1
OBS_100917,STU1443,CAM003,Canteen Entrance,2023-10-23 10:04:00,1,0.89,TRK_2769,1
OBS_100918,STU1443,CAM001,Main Building Entrance,2023-10-23 10:32:00,1,0.89,TRK_2106,1
OBS_100919,STU1443,CAM002,Library Entrance,2023-10-23 12:02:00,1,0.97,TRK_3064,1
OBS_100920,STU1443,CAM003,Canteen Entrance,2023-10-23 13:22:00,1,0.84,TRK_8887,1
OBS_100921,STU1445,CAM002,Library Entrance,2023-10-23 08:23:00,1,0.78,TRK_1722,1
OBS_100922,STU1445,CAM002,Library Entrance,2023-10-23 08:45:00,1,0.82,TRK_8140,1
OBS_100923,STU1445,CAM003,Canteen Entrance,2023-10-23 10:05:00,1,0.82,TRK_9866,1
OBS_100924,STU1445,CAM002,Library Entrance,2023-10-23 10:38:00,1,0.86,TRK_6618,1
OBS_100925,STU1448,CAM001,Main Building Entrance,2023-10-23 08:54:00,1,0.87,TRK_3369,1
OBS_100926,STU1448,CAM002,Library Entrance,2023-10-23 09:16:00,1,0.87,TRK_1894,1
OBS_100927,STU1448,CAM003,Canteen Entrance,2023-10-23 10:25:00,1,0.8,TRK_4282,1
OBS_100928,STU1449,CAM003,Canteen Entrance,2023-10-23 09:35:00,1,0.8,TRK_8794,1
OBS_100929,STU1449,CAM005,Academic Block Corridor,2023-10-23 10:49:00,1,0.92,TRK_6499,1
OBS_100930,STU1450,CAM003,Canteen Entrance,2023-10-23 09:29:00,1,0.79,TRK_8443,1
OBS_100931,STU1450,CAM004,Computer Laboratory Corridor,2023-10-23 09:49:00,1,0.8,TRK_1060,1
OBS_100932,STU1450,CAM002,Library Entrance,2023-10-23 10:32:00,1,0.86,TRK_4492,1
OBS_100933,STU1451,CAM003,Canteen Entrance,2023-10-23 10:38:00,1,0.94,TRK_7158,1
OBS_100934,STU1451,CAM004,Computer Laboratory Corridor,2023-10-23 11:19:00,1,0.79,TRK_1110,1
OBS_100935,STU1452,CAM001,Main Building Entrance,2023-10-23 09:36:00,1,0.84,TRK_2887,1
OBS_100936,STU1452,CAM003,Canteen Entrance,2023-10-23 10:09:00,1,0.86,TRK_6896,1
OBS_100937,STU1452,CAM001,Main Building Entrance,2023-10-23 10:29:00,1,0.8,TRK_5654,1
OBS_100938,STU1454,CAM003,Canteen Entrance,2023-10-23 09:52:00,1,0.92,TRK_6567,1
OBS_100939,STU1454,CAM002,Library Entrance,2023-10-23 11:17:00,1,0.79,TRK_1352,1
OBS_100940,STU1455,CAM001,Main Building Entrance,2023-10-23 08:59:00,1,0.76,TRK_3248,1
OBS_100941,STU1455,CAM001,Main Building Entrance,2023-10-23 10:02:00,1,0.83,TRK_4444,1
OBS_100942,STU1456,CAM002,Library Entrance,2023-10-23 09:53:00,1,0.84,TRK_7100,1
OBS_100943,STU1456,CAM005,Academic Block Corridor,2023-10-23 10:29:00,1,0.98,TRK_8106,1
OBS_100944,STU1456,CAM001,Main Building Entrance,2023-10-23 10:52:00,1,0.78,TRK_3142,1
OBS_100945,STU1457,CAM005,Academic Block Corridor,2023-10-23 08:10:00,1,0.84,TRK_7131,1
OBS_100946,STU1457,CAM005,Academic Block Corridor,2023-10-23 09:05:00,1,0.85,TRK_5006,1
OBS_100947,STU1458,CAM002,Library Entrance,2023-10-23 09:25:00,1,0.96,TRK_5819,1
OBS_100948,STU1460,CAM002,Library Entrance,2023-10-23 09:38:00,1,0.76,TRK_5588,1
OBS_100949,STU1460,CAM005,Academic Block Corridor,2023-10-23 10:09:00,1,0.98,TRK_9011,1
OBS_100950,STU1461,CAM004,Computer Laboratory Corridor,2023-10-23 09:29:00,1,0.94,TRK_2062,1
OBS_100951,STU1461,CAM005,Academic Block Corridor,2023-10-23 10:05:00,1,0.84,TRK_9342,1
OBS_100952,STU1462,CAM005,Academic Block Corridor,2023-10-23 09:47:00,1,0.86,TRK_6272,1
OBS_100953,STU1462,CAM005,Academic Block Corridor,2023-10-23 10:49:00,1,0.92,TRK_9106,1
OBS_100954,STU1462,CAM003,Canteen Entrance,2023-10-23 12:04:00,1,0.89,TRK_1599,1
OBS_100955,STU1464,CAM002,Library Entrance,2023-10-23 09:28:00,1,0.86,TRK_4840,1
OBS_100956,STU1464,CAM002,Library Entrance,2023-10-23 10:33:00,1,0.82,TRK_7178,1
OBS_100957,STU1466,CAM003,Canteen Entrance,2023-10-23 10:05:00,1,0.88,TRK_3200,1
OBS_100958,STU1466,CAM003,Canteen Entrance,2023-10-23 10:30:00,1,0.86,TRK_6760,1
OBS_100959,STU1467,CAM001,Main Building Entrance,2023-10-23 09:18:00,1,0.86,TRK_6511,1
OBS_100960,STU1467,CAM004,Computer Laboratory Corridor,2023-10-23 10:27:00,1,0.86,TRK_7700,1
OBS_100961,STU1468,CAM003,Canteen Entrance,2023-10-23 10:47:00,1,0.82,TRK_1404,1
OBS_100962,STU1468,CAM004,Computer Laboratory Corridor,2023-10-23 11:24:00,1,0.81,TRK_2243,1
OBS_100963,STU1468,CAM001,Main Building Entrance,2023-10-23 12:24:00,1,0.82,TRK_9220,1
OBS_100964,STU1469,CAM002,Library Entrance,2023-10-23 08:23:00,1,0.77,TRK_2168,1
OBS_100965,STU1470,CAM005,Academic Block Corridor,2023-10-23 08:58:00,1,0.8,TRK_4221,1
OBS_100966,STU1470,CAM003,Canteen Entrance,2023-10-23 09:55:00,1,0.82,TRK_5496,1
OBS_100967,STU1470,CAM005,Academic Block Corridor,2023-10-23 10:34:00,1,0.99,TRK_9898,1
OBS_100968,STU1471,CAM003,Canteen Entrance,2023-10-23 09:07:00,1,0.82,TRK_6679,1
OBS_100969,STU1471,CAM004,Computer Laboratory Corridor,2023-10-23 10:13:00,1,0.95,TRK_1194,1
OBS_100970,STU1471,CAM005,Academic Block Corridor,2023-10-23 11:28:00,1,0.99,TRK_3445,1
OBS_100971,STU1472,CAM002,Library Entrance,2023-10-23 08:56:00,1,0.92,TRK_4438,1
OBS_100972,STU1472,CAM002,Library Entrance,2023-10-23 10:11:00,1,0.87,TRK_8679,1
OBS_100973,STU1472,CAM003,Canteen Entrance,2023-10-23 11:25:00,1,0.94,TRK_6129,1
OBS_100974,STU1472,CAM004,Computer Laboratory Corridor,2023-10-23 12:04:00,1,0.93,TRK_7843,0
OBS_100975,STU1473,CAM004,Computer Laboratory Corridor,2023-10-23 10:18:00,1,0.95,TRK_1493,1
OBS_100976,STU1473,CAM002,Library Entrance,2023-10-23 11:20:00,1,0.89,TRK_3102,1
OBS_100977,STU1474,CAM004,Computer Laboratory Corridor,2023-10-23 09:34:00,1,0.94,TRK_6810,1
OBS_100978,STU1474,CAM002,Library Entrance,2023-10-23 10:32:00,1,0.85,TRK_7608,1
OBS_100979,STU1474,CAM003,Canteen Entrance,2023-10-23 11:55:00,1,0.83,TRK_1380,1
OBS_100980,STU1475,CAM002,Library Entrance,2023-10-23 08:15:00,1,0.98,TRK_6410,1
OBS_100981,STU1478,CAM002,Library Entrance,2023-10-23 09:40:00,1,0.98,TRK_2043,1
OBS_100982,STU1478,CAM004,Computer Laboratory Corridor,2023-10-23 11:03:00,1,0.8,TRK_2779,1
OBS_100983,STU1478,CAM005,Academic Block Corridor,2023-10-23 12:00:00,1,0.98,TRK_5991,1
OBS_100984,STU1478,CAM002,Library Entrance,2023-10-23 12:26:00,1,0.78,TRK_3910,1
OBS_100985,STU1479,CAM001,Main Building Entrance,2023-10-23 09:40:00,1,0.79,TRK_2138,1
OBS_100986,STU1480,CAM002,Library Entrance,2023-10-23 08:28:00,1,0.81,TRK_9591,1
OBS_100987,STU1480,CAM004,Computer Laboratory Corridor,2023-10-23 08:51:00,1,0.76,TRK_9495,1
OBS_100988,STU1480,CAM002,Library Entrance,2023-10-23 09:07:00,1,0.83,TRK_7731,1
OBS_100989,STU1480,CAM002,Library Entrance,2023-10-23 10:12:00,1,0.99,TRK_3115,1
OBS_100990,STU1481,CAM001,Main Building Entrance,2023-10-23 10:17:00,1,0.84,TRK_4382,1
OBS_100991,STU1481,CAM002,Library Entrance,2023-10-23 10:48:00,1,0.82,TRK_8778,1
OBS_100992,STU1481,CAM005,Academic Block Corridor,2023-10-23 11:23:00,1,0.89,TRK_6084,1
OBS_100993,STU1481,CAM002,Library Entrance,2023-10-23 12:53:00,1,0.87,TRK_8519,1
OBS_100994,STU1482,CAM001,Main Building Entrance,2023-10-23 08:21:00,1,0.99,TRK_8302,1
OBS_100995,STU1482,CAM004,Computer Laboratory Corridor,2023-10-23 08:44:00,1,0.9,TRK_5044,1
OBS_100996,STU1482,CAM003,Canteen Entrance,2023-10-23 10:06:00,1,0.97,TRK_9043,1
OBS_100997,STU1483,CAM005,Academic Block Corridor,2023-10-23 10:41:00,1,0.76,TRK_2492,1
OBS_100998,STU1483,CAM004,Computer Laboratory Corridor,2023-10-23 11:32:00,1,0.83,TRK_5873,1
OBS_100999,STU1483,CAM005,Academic Block Corridor,2023-10-23 12:37:00,1,0.95,TRK_3869,1
OBS_101000,STU1483,CAM002,Library Entrance,2023-10-23 13:45:00,1,0.79,TRK_8079,1
OBS_101001,STU1484,CAM002,Library Entrance,2023-10-23 10:28:00,1,0.92,TRK_2565,1
OBS_101002,STU1484,CAM001,Main Building Entrance,2023-10-23 11:33:00,1,0.81,TRK_3587,1
OBS_101003,STU1484,CAM005,Academic Block Corridor,2023-10-23 12:23:00,1,0.82,TRK_2093,1
OBS_101004,STU1484,CAM004,Computer Laboratory Corridor,2023-10-23 13:05:00,1,0.85,TRK_2986,1
OBS_101005,STU1485,CAM001,Main Building Entrance,2023-10-23 09:23:00,1,0.87,TRK_6341,1
OBS_101006,STU1485,CAM004,Computer Laboratory Corridor,2023-10-23 10:30:00,1,0.79,TRK_4397,1
OBS_101007,STU1485,CAM001,Main Building Entrance,2023-10-23 11:49:00,1,0.86,TRK_2199,1
OBS_101008,STU1486,CAM003,Canteen Entrance,2023-10-23 09:31:00,1,0.93,TRK_4185,1
OBS_101009,STU1486,CAM001,Main Building Entrance,2023-10-23 10:36:00,1,0.75,TRK_2878,1
OBS_101010,STU1486,CAM003,Canteen Entrance,2023-10-23 11:08:00,1,0.91,TRK_8606,1
OBS_101011,STU1486,CAM004,Computer Laboratory Corridor,2023-10-23 12:25:00,1,0.77,TRK_9985,1
OBS_101012,STU1487,CAM002,Library Entrance,2023-10-23 09:55:00,1,0.86,TRK_5573,1
OBS_101013,STU1487,CAM002,Library Entrance,2023-10-23 10:30:00,1,0.95,TRK_2646,1
OBS_101014,STU1488,CAM001,Main Building Entrance,2023-10-23 09:26:00,1,0.88,TRK_7403,1
OBS_101015,STU1488,CAM001,Main Building Entrance,2023-10-23 10:02:00,1,0.91,TRK_1183,1
OBS_101016,STU1489,CAM004,Computer Laboratory Corridor,2023-10-23 09:25:00,1,0.84,TRK_4549,1
OBS_101017,STU1489,CAM005,Academic Block Corridor,2023-10-23 09:44:00,1,0.8,TRK_1782,1
OBS_101018,STU1489,CAM001,Main Building Entrance,2023-10-23 11:05:00,1,0.84,TRK_6051,1
OBS_101019,STU1490,CAM005,Academic Block Corridor,2023-10-23 08:00:00,1,0.75,TRK_7183,0
OBS_101020,STU1490,CAM002,Library Entrance,2023-10-23 08:40:00,1,0.84,TRK_4908,1
OBS_101021,STU1490,CAM001,Main Building Entrance,2023-10-23 09:20:00,1,0.75,TRK_1457,1
OBS_101022,STU1490,CAM003,Canteen Entrance,2023-10-23 09:36:00,1,0.95,TRK_2035,1
OBS_101023,STU1491,CAM002,Library Entrance,2023-10-23 08:52:00,1,0.92,TRK_1721,1
OBS_101024,STU1491,CAM005,Academic Block Corridor,2023-10-23 10:00:00,1,0.78,TRK_6359,1
OBS_101025,STU1492,CAM002,Library Entrance,2023-10-23 09:26:00,1,0.9,TRK_9875,1
OBS_101026,STU1492,CAM004,Computer Laboratory Corridor,2023-10-23 10:31:00,1,0.78,TRK_4502,1
OBS_101027,STU1492,CAM003,Canteen Entrance,2023-10-23 10:59:00,1,0.83,TRK_1245,1
OBS_101028,STU1493,CAM001,Main Building Entrance,2023-10-23 08:58:00,1,0.84,TRK_8516,1
OBS_101029,STU1493,CAM001,Main Building Entrance,2023-10-23 09:41:00,1,0.91,TRK_5562,1
OBS_101030,STU1493,CAM001,Main Building Entrance,2023-10-23 10:43:00,1,0.77,TRK_4580,1
OBS_101031,STU1493,CAM003,Canteen Entrance,2023-10-23 11:50:00,1,0.93,TRK_9185,1
OBS_101032,STU1494,CAM005,Academic Block Corridor,2023-10-23 10:51:00,1,0.79,TRK_2552,1
OBS_101033,STU1495,CAM002,Library Entrance,2023-10-23 10:03:00,1,0.83,TRK_6209,1
OBS_101034,STU1495,CAM001,Main Building Entrance,2023-10-23 11:19:00,1,0.83,TRK_8354,1
OBS_101035,STU1495,CAM005,Academic Block Corridor,2023-10-23 12:22:00,1,0.9,TRK_4808,1
OBS_101036,STU1496,CAM001,Main Building Entrance,2023-10-23 08:54:00,1,0.9,TRK_3032,1
OBS_101037,STU1497,CAM004,Computer Laboratory Corridor,2023-10-23 08:49:00,1,0.93,TRK_2300,1
OBS_101038,STU1497,CAM002,Library Entrance,2023-10-23 09:11:00,1,0.84,TRK_5859,1
OBS_101039,STU1497,CAM002,Library Entrance,2023-10-23 09:51:00,1,0.84,TRK_1621,1
OBS_101040,STU1498,CAM003,Canteen Entrance,2023-10-23 08:50:00,1,0.78,TRK_6202,1
OBS_101041,STU1498,CAM005,Academic Block Corridor,2023-10-23 09:10:00,1,0.94,TRK_7797,1
OBS_101042,STU1499,CAM002,Library Entrance,2023-10-23 08:05:00,1,0.95,TRK_6427,1
OBS_101043,STU1499,CAM002,Library Entrance,2023-10-23 09:03:00,1,0.8,TRK_1885,1
OBS_101044,STU1499,CAM002,Library Entrance,2023-10-23 09:49:00,1,0.9,TRK_7250,1
OBS_101045,STU1500,CAM004,Computer Laboratory Corridor,2023-10-23 08:27:00,1,0.9,TRK_2058,1
OBS_101046,STU1500,CAM001,Main Building Entrance,2023-10-23 09:44:00,1,0.98,TRK_1853,1
OBS_101047,STU1500,CAM002,Library Entrance,2023-10-23 10:17:00,1,0.78,TRK_3845,1
OBS_101048,STU1501,CAM005,Academic Block Corridor,2023-10-23 08:36:00,1,0.77,TRK_8652,1
OBS_101049,STU1501,CAM002,Library Entrance,2023-10-23 09:30:00,1,0.92,TRK_5012,1
OBS_101050,STU1502,CAM005,Academic Block Corridor,2023-10-23 09:06:00,1,0.81,TRK_5675,1
OBS_101051,STU1502,CAM004,Computer Laboratory Corridor,2023-10-23 10:34:00,1,0.98,TRK_4299,1
OBS_101052,STU1502,CAM004,Computer Laboratory Corridor,2023-10-23 11:23:00,1,0.77,TRK_6891,1
OBS_101053,STU1502,CAM004,Computer Laboratory Corridor,2023-10-23 12:28:00,1,0.79,TRK_8231,1
OBS_101054,STU1504,CAM005,Academic Block Corridor,2023-10-23 09:41:00,1,0.93,TRK_3553,1
OBS_101055,STU1504,CAM001,Main Building Entrance,2023-10-23 10:57:00,1,0.93,TRK_8002,1
OBS_101056,STU1504,CAM003,Canteen Entrance,2023-10-23 11:22:00,1,0.89,TRK_3503,1
OBS_101057,STU1504,CAM002,Library Entrance,2023-10-23 12:47:00,1,0.81,TRK_8596,1
OBS_101058,STU1505,CAM003,Canteen Entrance,2023-10-23 09:51:00,1,0.84,TRK_8878,1
OBS_101059,STU1505,CAM003,Canteen Entrance,2023-10-23 10:15:00,1,0.78,TRK_8688,1
OBS_101060,STU1505,CAM002,Library Entrance,2023-10-23 10:55:00,1,0.97,TRK_1068,1
OBS_101061,STU1506,CAM003,Canteen Entrance,2023-10-23 10:27:00,1,0.87,TRK_7812,1
OBS_101062,STU1507,CAM004,Computer Laboratory Corridor,2023-10-23 09:29:00,1,0.87,TRK_2167,1
OBS_101063,STU1507,CAM001,Main Building Entrance,2023-10-23 10:36:00,1,0.99,TRK_3039,1
OBS_101064,STU1507,CAM005,Academic Block Corridor,2023-10-23 11:40:00,1,0.79,TRK_8148,1
OBS_101065,STU1507,CAM003,Canteen Entrance,2023-10-23 12:27:00,1,0.87,TRK_9005,1
OBS_101066,STU1508,CAM004,Computer Laboratory Corridor,2023-10-23 08:51:00,1,0.97,TRK_5043,1
OBS_101067,STU1508,CAM004,Computer Laboratory Corridor,2023-10-23 09:37:00,1,0.76,TRK_6921,1
OBS_101068,STU1508,CAM002,Library Entrance,2023-10-23 09:55:00,1,0.81,TRK_8462,1
OBS_101069,STU1510,CAM002,Library Entrance,2023-10-23 08:28:00,1,0.89,TRK_3644,1
OBS_101070,STU1510,CAM001,Main Building Entrance,2023-10-23 08:44:00,1,0.94,TRK_7297,1
OBS_101071,STU1511,CAM001,Main Building Entrance,2023-10-23 10:43:00,1,0.87,TRK_4093,1
OBS_101072,STU1511,CAM002,Library Entrance,2023-10-23 11:52:00,1,0.95,TRK_5143,1
OBS_101073,STU1511,CAM005,Academic Block Corridor,2023-10-23 12:45:00,1,0.98,TRK_7271,1
OBS_101074,STU1511,CAM003,Canteen Entrance,2023-10-23 14:15:00,1,0.93,TRK_2456,1
OBS_101075,STU1513,CAM003,Canteen Entrance,2023-10-23 10:43:00,1,0.95,TRK_5407,1
OBS_101076,STU1514,CAM003,Canteen Entrance,2023-10-23 09:02:00,1,0.75,TRK_3759,0
OBS_101077,STU1514,CAM001,Main Building Entrance,2023-10-23 10:19:00,1,0.77,TRK_7845,1
OBS_101078,STU1515,CAM004,Computer Laboratory Corridor,2023-10-23 08:39:00,1,0.79,TRK_7138,1
OBS_101079,STU1515,CAM002,Library Entrance,2023-10-23 09:17:00,1,0.8,TRK_3981,1
OBS_101080,STU1515,CAM001,Main Building Entrance,2023-10-23 10:36:00,1,0.86,TRK_4482,1
OBS_101081,STU1515,CAM002,Library Entrance,2023-10-23 11:14:00,1,0.76,TRK_3993,1
OBS_101082,STU1516,CAM004,Computer Laboratory Corridor,2023-10-23 09:49:00,1,0.86,TRK_2789,1
OBS_101083,STU1516,CAM001,Main Building Entrance,2023-10-23 10:25:00,1,0.82,TRK_7188,0
OBS_101084,STU1517,CAM001,Main Building Entrance,2023-10-23 09:05:00,1,0.83,TRK_4846,1
OBS_101085,STU1519,CAM001,Main Building Entrance,2023-10-23 09:52:00,1,0.75,TRK_5359,1
OBS_101086,STU1519,CAM005,Academic Block Corridor,2023-10-23 10:07:00,1,0.94,TRK_1685,1
OBS_101087,STU1519,CAM002,Library Entrance,2023-10-23 10:34:00,1,0.88,TRK_1118,1
OBS_101088,STU1519,CAM005,Academic Block Corridor,2023-10-23 11:37:00,1,0.87,TRK_5355,1
OBS_101089,STU1520,CAM003,Canteen Entrance,2023-10-23 10:11:00,1,0.9,TRK_6514,1
OBS_101090,STU1520,CAM003,Canteen Entrance,2023-10-23 11:13:00,1,0.99,TRK_4925,1
OBS_101091,STU1520,CAM004,Computer Laboratory Corridor,2023-10-23 12:14:00,1,0.84,TRK_1937,1
OBS_101092,STU1520,CAM003,Canteen Entrance,2023-10-23 13:14:00,1,0.94,TRK_1050,1
OBS_101093,STU1522,CAM002,Library Entrance,2023-10-23 09:09:00,1,0.76,TRK_3013,1
OBS_101094,STU1522,CAM003,Canteen Entrance,2023-10-23 10:31:00,1,0.98,TRK_5072,1
OBS_101095,STU1522,CAM004,Computer Laboratory Corridor,2023-10-23 11:33:00,1,0.9,TRK_8785,1
OBS_101096,STU1522,CAM004,Computer Laboratory Corridor,2023-10-23 12:53:00,1,0.91,TRK_1051,1
OBS_101097,STU1523,CAM003,Canteen Entrance,2023-10-23 07:50:00,1,0.96,TRK_6333,1
OBS_101098,STU1523,CAM002,Library Entrance,2023-10-23 09:01:00,1,0.9,TRK_7556,1
OBS_101099,STU1523,CAM003,Canteen Entrance,2023-10-23 09:26:00,1,0.85,TRK_8800,1
OBS_101100,STU1524,CAM003,Canteen Entrance,2023-10-23 10:23:00,1,0.9,TRK_3345,1
OBS_101101,STU1525,CAM004,Computer Laboratory Corridor,2023-10-23 09:12:00,1,0.94,TRK_5937,1
OBS_101102,STU1526,CAM004,Computer Laboratory Corridor,2023-10-23 08:18:00,1,0.98,TRK_8899,1
OBS_101103,STU1526,CAM002,Library Entrance,2023-10-23 09:42:00,1,0.81,TRK_3792,1
OBS_101104,STU1526,CAM001,Main Building Entrance,2023-10-23 10:08:00,1,0.85,TRK_1478,1
OBS_101105,STU1526,CAM003,Canteen Entrance,2023-10-23 10:43:00,1,0.97,TRK_5593,1
OBS_101106,STU1527,CAM004,Computer Laboratory Corridor,2023-10-23 08:30:00,1,0.98,TRK_3016,1
OBS_101107,STU1527,CAM005,Academic Block Corridor,2023-10-23 09:02:00,1,0.9,TRK_9060,1
OBS_101108,STU1528,CAM002,Library Entrance,2023-10-23 08:42:00,1,0.97,TRK_2059,1
OBS_101109,STU1529,CAM004,Computer Laboratory Corridor,2023-10-23 08:40:00,1,0.91,TRK_8159,1
OBS_101110,STU1529,CAM002,Library Entrance,2023-10-23 09:24:00,1,0.81,TRK_5767,1
OBS_101111,STU1529,CAM001,Main Building Entrance,2023-10-23 09:50:00,1,0.77,TRK_4082,1
OBS_101112,STU1530,CAM003,Canteen Entrance,2023-10-23 09:14:00,1,0.78,TRK_6134,1
OBS_101113,STU1531,CAM001,Main Building Entrance,2023-10-23 10:43:00,1,0.82,TRK_9775,1
OBS_101114,STU1531,CAM004,Computer Laboratory Corridor,2023-10-23 11:22:00,1,0.99,TRK_6237,1
OBS_101115,STU1531,CAM002,Library Entrance,2023-10-23 12:23:00,1,0.87,TRK_4639,1
OBS_101116,STU1531,CAM004,Computer Laboratory Corridor,2023-10-23 12:51:00,1,0.75,TRK_8546,1
OBS_101117,STU1532,CAM003,Canteen Entrance,2023-10-23 08:50:00,1,0.95,TRK_9189,1
OBS_101118,STU1532,CAM002,Library Entrance,2023-10-23 10:03:00,1,0.89,TRK_3389,1
OBS_101119,STU1532,CAM005,Academic Block Corridor,2023-10-23 10:22:00,1,0.83,TRK_9230,1
OBS_101120,STU1533,CAM005,Academic Block Corridor,2023-10-23 09:34:00,1,0.86,TRK_4534,1
OBS_101121,STU1534,CAM004,Computer Laboratory Corridor,2023-10-23 10:19:00,1,0.76,TRK_6458,1
OBS_101122,STU1534,CAM002,Library Entrance,2023-10-23 10:53:00,1,0.95,TRK_4687,1
OBS_101123,STU1534,CAM002,Library Entrance,2023-10-23 11:14:00,1,0.96,TRK_7419,1
OBS_101124,STU1534,CAM002,Library Entrance,2023-10-23 12:07:00,1,0.99,TRK_9977,1
OBS_101125,STU1535,CAM004,Computer Laboratory Corridor,2023-10-23 08:30:00,1,0.91,TRK_6706,1
OBS_101126,STU1535,CAM004,Computer Laboratory Corridor,2023-10-23 09:35:00,1,0.77,TRK_5637,1
OBS_101127,STU1535,CAM002,Library Entrance,2023-10-23 10:26:00,1,0.92,TRK_9978,1
OBS_101128,STU1535,CAM001,Main Building Entrance,2023-10-23 11:31:00,1,0.78,TRK_1886,1
OBS_101129,STU1536,CAM002,Library Entrance,2023-10-23 09:08:00,1,0.89,TRK_8239,1
OBS_101130,STU1536,CAM003,Canteen Entrance,2023-10-23 10:24:00,1,0.97,TRK_4436,1
OBS_101131,STU1536,CAM002,Library Entrance,2023-10-23 11:06:00,1,0.93,TRK_1149,1
OBS_101132,STU1537,CAM001,Main Building Entrance,2023-10-23 10:41:00,1,0.91,TRK_3418,1
OBS_101133,STU1537,CAM004,Computer Laboratory Corridor,2023-10-23 11:44:00,1,0.91,TRK_3756,1
OBS_101134,STU1537,CAM001,Main Building Entrance,2023-10-23 12:06:00,1,0.84,TRK_8763,1
OBS_101135,STU1538,CAM001,Main Building Entrance,2023-10-23 08:02:00,1,0.99,TRK_6545,1
OBS_101136,STU1538,CAM004,Computer Laboratory Corridor,2023-10-23 09:32:00,1,0.98,TRK_7619,1
OBS_101137,STU1539,CAM001,Main Building Entrance,2023-10-23 08:04:00,1,0.81,TRK_9005,1
OBS_101138,STU1539,CAM005,Academic Block Corridor,2023-10-23 08:57:00,1,0.98,TRK_7150,1
OBS_101139,STU1540,CAM004,Computer Laboratory Corridor,2023-10-23 10:44:00,1,0.82,TRK_8292,1
OBS_101140,STU1541,CAM001,Main Building Entrance,2023-10-23 07:52:00,1,0.78,TRK_2999,1
OBS_101141,STU1541,CAM005,Academic Block Corridor,2023-10-23 09:09:00,1,0.8,TRK_8856,1
OBS_101142,STU1541,CAM001,Main Building Entrance,2023-10-23 09:59:00,1,0.94,TRK_3967,1
OBS_101143,STU1542,CAM004,Computer Laboratory Corridor,2023-10-23 10:44:00,1,0.82,TRK_3051,1
OBS_101144,STU1542,CAM003,Canteen Entrance,2023-10-23 11:11:00,1,0.77,TRK_9806,1
OBS_101145,STU1542,CAM004,Computer Laboratory Corridor,2023-10-23 11:49:00,1,0.95,TRK_1323,1
OBS_101146,STU1542,CAM005,Academic Block Corridor,2023-10-23 12:54:00,1,0.95,TRK_9684,1
OBS_101147,STU1544,CAM005,Academic Block Corridor,2023-10-23 09:38:00,1,0.95,TRK_9830,1
OBS_101148,STU1544,CAM002,Library Entrance,2023-10-23 10:08:00,1,0.98,TRK_2922,1
OBS_101149,STU1544,CAM005,Academic Block Corridor,2023-10-23 10:46:00,1,0.92,TRK_1087,1
OBS_101150,STU1544,CAM004,Computer Laboratory Corridor,2023-10-23 12:12:00,1,0.94,TRK_3015,1
OBS_101151,STU1545,CAM005,Academic Block Corridor,2023-10-23 09:04:00,1,0.8,TRK_3641,1
OBS_101152,STU1546,CAM003,Canteen Entrance,2023-10-23 09:44:00,1,0.95,TRK_1573,1
OBS_101153,STU1547,CAM005,Academic Block Corridor,2023-10-23 08:22:00,1,0.82,TRK_9919,1
OBS_101154,STU1548,CAM001,Main Building Entrance,2023-10-23 09:06:00,1,0.81,TRK_1756,1
OBS_101155,STU1548,CAM003,Canteen Entrance,2023-10-23 10:27:00,1,0.91,TRK_8289,1
OBS_101156,STU1549,CAM004,Computer Laboratory Corridor,2023-10-23 09:33:00,1,0.92,TRK_9563,1
OBS_101157,STU1549,CAM005,Academic Block Corridor,2023-10-23 10:33:00,1,0.88,TRK_4438,1
OBS_101158,STU1550,CAM002,Library Entrance,2023-10-23 08:47:00,1,0.76,TRK_3321,1
OBS_101159,STU1553,CAM002,Library Entrance,2023-10-23 08:16:00,1,0.89,TRK_4539,1
OBS_101160,STU1553,CAM003,Canteen Entrance,2023-10-23 09:46:00,1,0.82,TRK_7914,1
OBS_101161,STU1553,CAM005,Academic Block Corridor,2023-10-23 10:10:00,1,0.81,TRK_7255,1
OBS_101162,STU1555,CAM004,Computer Laboratory Corridor,2023-10-23 09:58:00,1,0.77,TRK_5164,1
OBS_101163,STU1555,CAM002,Library Entrance,2023-10-23 11:07:00,1,0.88,TRK_2156,1
OBS_101164,STU1557,CAM003,Canteen Entrance,2023-10-23 09:12:00,1,0.89,TRK_9379,1
OBS_101165,STU1557,CAM004,Computer Laboratory Corridor,2023-10-23 09:47:00,1,0.95,TRK_6183,1
OBS_101166,STU1557,CAM004,Computer Laboratory Corridor,2023-10-23 10:57:00,1,0.76,TRK_5055,1
OBS_101167,STU1558,CAM001,Main Building Entrance,2023-10-23 10:11:00,1,0.88,TRK_9984,1
OBS_101168,STU1561,CAM003,Canteen Entrance,2023-10-23 08:00:00,1,0.9,TRK_6944,1
OBS_101169,STU1561,CAM003,Canteen Entrance,2023-10-23 08:57:00,1,0.79,TRK_4698,1
OBS_101170,STU1561,CAM001,Main Building Entrance,2023-10-23 09:47:00,1,0.77,TRK_4640,1
OBS_101171,STU1561,CAM001,Main Building Entrance,2023-10-23 10:50:00,1,0.94,TRK_3023,1
OBS_101172,STU1562,CAM003,Canteen Entrance,2023-10-23 09:27:00,1,0.89,TRK_9021,1
OBS_101173,STU1562,CAM005,Academic Block Corridor,2023-10-23 09:54:00,1,0.83,TRK_5620,1
OBS_101174,STU1563,CAM001,Main Building Entrance,2023-10-23 08:14:00,1,0.79,TRK_7382,1
OBS_101175,STU1563,CAM003,Canteen Entrance,2023-10-23 08:52:00,1,0.94,TRK_9711,1
OBS_101176,STU1563,CAM005,Academic Block Corridor,2023-10-23 10:17:00,1,0.96,TRK_7597,1
OBS_101177,STU1564,CAM002,Library Entrance,2023-10-23 09:25:00,1,0.81,TRK_9414,0
OBS_101178,STU1564,CAM002,Library Entrance,2023-10-23 09:59:00,1,0.78,TRK_5380,1
OBS_101179,STU1564,CAM003,Canteen Entrance,2023-10-23 10:20:00,1,0.92,TRK_5081,1
OBS_101180,STU1564,CAM004,Computer Laboratory Corridor,2023-10-23 11:28:00,1,0.79,TRK_6799,1
OBS_101181,STU1565,CAM003,Canteen Entrance,2023-10-23 10:09:00,1,0.82,TRK_8008,1
OBS_101182,STU1565,CAM002,Library Entrance,2023-10-23 11:30:00,1,0.82,TRK_2424,1
OBS_101183,STU1565,CAM004,Computer Laboratory Corridor,2023-10-23 12:24:00,1,0.93,TRK_2476,1
OBS_101184,STU1565,CAM001,Main Building Entrance,2023-10-23 12:49:00,1,0.93,TRK_2534,0
OBS_101185,STU1566,CAM001,Main Building Entrance,2023-10-23 09:46:00,1,0.77,TRK_5683,1
OBS_101186,STU1566,CAM004,Computer Laboratory Corridor,2023-10-23 11:11:00,1,0.94,TRK_1175,1
OBS_101187,STU1567,CAM002,Library Entrance,2023-10-23 09:51:00,1,0.87,TRK_9437,1
OBS_101188,STU1567,CAM001,Main Building Entrance,2023-10-23 11:14:00,1,0.85,TRK_4115,1
OBS_101189,STU1567,CAM004,Computer Laboratory Corridor,2023-10-23 11:29:00,1,0.92,TRK_6653,0
OBS_101190,STU1567,CAM005,Academic Block Corridor,2023-10-23 12:15:00,1,0.91,TRK_1693,1
OBS_101191,STU1568,CAM005,Academic Block Corridor,2023-10-23 08:50:00,1,0.97,TRK_3864,1
OBS_101192,STU1568,CAM003,Canteen Entrance,2023-10-23 09:14:00,1,0.95,TRK_9416,1
OBS_101193,STU1568,CAM001,Main Building Entrance,2023-10-23 10:14:00,1,0.85,TRK_7211,1
OBS_101194,STU1568,CAM003,Canteen Entrance,2023-10-23 10:50:00,1,0.98,TRK_6537,1
OBS_101195,STU1569,CAM001,Main Building Entrance,2023-10-23 09:43:00,1,0.82,TRK_8915,1
OBS_101196,STU1569,CAM003,Canteen Entrance,2023-10-23 10:35:00,1,0.8,TRK_7449,1
OBS_101197,STU1570,CAM005,Academic Block Corridor,2023-10-23 08:47:00,1,0.95,TRK_1580,1
OBS_101198,STU1570,CAM005,Academic Block Corridor,2023-10-23 10:01:00,1,0.95,TRK_1942,1
OBS_101199,STU1571,CAM005,Academic Block Corridor,2023-10-23 08:25:00,1,0.86,TRK_5888,1
OBS_101200,STU1571,CAM001,Main Building Entrance,2023-10-23 09:25:00,1,0.75,TRK_4050,1
OBS_101201,STU1571,CAM003,Canteen Entrance,2023-10-23 10:31:00,1,0.75,TRK_8058,1
OBS_101202,STU1572,CAM001,Main Building Entrance,2023-10-23 08:13:00,1,0.88,TRK_3518,1
OBS_101203,STU1572,CAM001,Main Building Entrance,2023-10-23 09:20:00,1,0.97,TRK_1113,1
OBS_101204,STU1572,CAM003,Canteen Entrance,2023-10-23 09:54:00,1,0.8,TRK_7477,1
OBS_101205,STU1572,CAM003,Canteen Entrance,2023-10-23 10:56:00,1,0.84,TRK_3984,1
OBS_101206,STU1573,CAM004,Computer Laboratory Corridor,2023-10-23 08:05:00,1,0.91,TRK_8198,1
OBS_101207,STU1573,CAM002,Library Entrance,2023-10-23 08:40:00,1,0.83,TRK_8110,1
OBS_101208,STU1573,CAM003,Canteen Entrance,2023-10-23 08:55:00,1,0.96,TRK_4251,1
OBS_101209,STU1574,CAM003,Canteen Entrance,2023-10-23 09:16:00,1,0.76,TRK_7464,1
OBS_101210,STU1576,CAM001,Main Building Entrance,2023-10-23 08:47:00,1,0.79,TRK_4260,1
OBS_101211,STU1576,CAM003,Canteen Entrance,2023-10-23 10:03:00,1,0.78,TRK_9012,1
OBS_101212,STU1576,CAM004,Computer Laboratory Corridor,2023-10-23 11:28:00,1,0.94,TRK_3087,1
OBS_101213,STU1576,CAM004,Computer Laboratory Corridor,2023-10-23 12:24:00,1,0.87,TRK_7370,0
OBS_101214,STU1577,CAM001,Main Building Entrance,2023-10-23 08:30:00,1,0.94,TRK_3066,1
OBS_101215,STU1577,CAM003,Canteen Entrance,2023-10-23 09:04:00,1,0.87,TRK_4874,1
OBS_101216,STU1578,CAM004,Computer Laboratory Corridor,2023-10-23 09:02:00,1,0.98,TRK_1131,1
OBS_101217,STU1580,CAM003,Canteen Entrance,2023-10-23 10:23:00,1,0.82,TRK_2353,1
OBS_101218,STU1580,CAM002,Library Entrance,2023-10-23 11:32:00,1,0.9,TRK_9376,1
OBS_101219,STU1580,CAM002,Library Entrance,2023-10-23 12:10:00,1,0.82,TRK_2884,1
OBS_101220,STU1580,CAM002,Library Entrance,2023-10-23 12:58:00,1,0.91,TRK_8031,1
OBS_101221,STU1581,CAM001,Main Building Entrance,2023-10-23 09:58:00,1,0.92,TRK_9230,1
OBS_101222,STU1581,CAM002,Library Entrance,2023-10-23 10:36:00,1,0.99,TRK_3436,1
OBS_101223,STU1582,CAM002,Library Entrance,2023-10-23 08:45:00,1,0.85,TRK_5486,1
OBS_101224,STU1582,CAM002,Library Entrance,2023-10-23 09:24:00,1,0.85,TRK_4270,1
OBS_101225,STU1583,CAM004,Computer Laboratory Corridor,2023-10-23 08:13:00,1,0.85,TRK_6020,0
OBS_101226,STU1584,CAM003,Canteen Entrance,2023-10-23 09:28:00,1,0.85,TRK_2005,0
OBS_101227,STU1584,CAM004,Computer Laboratory Corridor,2023-10-23 10:48:00,1,0.9,TRK_5985,1
OBS_101228,STU1585,CAM003,Canteen Entrance,2023-10-23 10:02:00,1,0.82,TRK_6751,1
OBS_101229,STU1587,CAM003,Canteen Entrance,2023-10-23 10:12:00,1,0.96,TRK_3977,1
OBS_101230,STU1587,CAM001,Main Building Entrance,2023-10-23 10:32:00,1,0.76,TRK_6269,1
OBS_101231,STU1587,CAM003,Canteen Entrance,2023-10-23 11:14:00,1,0.86,TRK_2650,1
OBS_101232,STU1587,CAM002,Library Entrance,2023-10-23 12:24:00,1,0.81,TRK_9049,1
OBS_101233,STU1588,CAM003,Canteen Entrance,2023-10-23 09:57:00,1,0.78,TRK_1223,1
OBS_101234,STU1588,CAM002,Library Entrance,2023-10-23 11:22:00,1,0.83,TRK_6920,1
OBS_101235,STU1588,CAM005,Academic Block Corridor,2023-10-23 12:52:00,1,0.9,TRK_4903,1
OBS_101236,STU1590,CAM005,Academic Block Corridor,2023-10-23 09:23:00,1,0.84,TRK_2742,1
OBS_101237,STU1590,CAM005,Academic Block Corridor,2023-10-23 09:54:00,1,0.78,TRK_4120,1
OBS_101238,STU1590,CAM004,Computer Laboratory Corridor,2023-10-23 10:33:00,1,0.97,TRK_2226,1
OBS_101239,STU1591,CAM004,Computer Laboratory Corridor,2023-10-23 09:35:00,1,0.99,TRK_4309,1
OBS_101240,STU1591,CAM002,Library Entrance,2023-10-23 10:58:00,1,0.76,TRK_4140,1
OBS_101241,STU1591,CAM005,Academic Block Corridor,2023-10-23 12:06:00,1,0.92,TRK_6690,1
OBS_101242,STU1593,CAM001,Main Building Entrance,2023-10-23 10:29:00,1,0.97,TRK_2109,1
OBS_101243,STU1593,CAM004,Computer Laboratory Corridor,2023-10-23 11:45:00,1,0.88,TRK_9255,1
OBS_101244,STU1593,CAM002,Library Entrance,2023-10-23 12:02:00,1,0.89,TRK_3112,1
OBS_101245,STU1595,CAM005,Academic Block Corridor,2023-10-23 08:12:00,1,0.76,TRK_4116,1
OBS_101246,STU1595,CAM004,Computer Laboratory Corridor,2023-10-23 09:17:00,1,0.91,TRK_9412,1
OBS_101247,STU1595,CAM002,Library Entrance,2023-10-23 09:41:00,1,0.86,TRK_9344,1
OBS_101248,STU1596,CAM004,Computer Laboratory Corridor,2023-10-23 09:00:00,1,0.85,TRK_5448,1
OBS_101249,STU1596,CAM002,Library Entrance,2023-10-23 09:41:00,1,0.75,TRK_4568,1
OBS_101250,STU1596,CAM001,Main Building Entrance,2023-10-23 11:11:00,1,0.96,TRK_9401,1
OBS_101251,STU1596,CAM005,Academic Block Corridor,2023-10-23 12:24:00,1,0.92,TRK_9602,1
OBS_101252,STU1597,CAM002,Library Entrance,2023-10-23 08:30:00,1,0.82,TRK_5399,1
OBS_101253,STU1597,CAM001,Main Building Entrance,2023-10-23 09:55:00,1,0.79,TRK_1747,1
OBS_101254,STU1597,CAM002,Library Entrance,2023-10-23 11:18:00,1,0.82,TRK_3427,1
OBS_101255,STU1598,CAM003,Canteen Entrance,2023-10-23 09:19:00,1,0.96,TRK_1844,1
OBS_101256,STU1598,CAM002,Library Entrance,2023-10-23 10:05:00,1,0.88,TRK_1022,1
OBS_101257,STU1598,CAM005,Academic Block Corridor,2023-10-23 11:04:00,1,0.98,TRK_6317,1
OBS_101258,STU1599,CAM003,Canteen Entrance,2023-10-23 08:57:00,1,0.92,TRK_7690,0
OBS_101259,STU1600,CAM001,Main Building Entrance,2023-10-23 08:26:00,1,0.9,TRK_1170,1
OBS_101260,STU1600,CAM002,Library Entrance,2023-10-23 09:26:00,1,0.93,TRK_5582,1
OBS_101261,STU1600,CAM003,Canteen Entrance,2023-10-23 10:03:00,1,0.98,TRK_9804,1
OBS_101262,STU1605,CAM003,Canteen Entrance,2023-10-23 10:30:00,1,0.96,TRK_4377,1
OBS_101263,STU1606,CAM003,Canteen Entrance,2023-10-23 09:56:00,1,0.81,TRK_7479,1
OBS_101264,STU1606,CAM004,Computer Laboratory Corridor,2023-10-23 10:30:00,1,0.81,TRK_8109,1
OBS_101265,STU1606,CAM002,Library Entrance,2023-10-23 11:32:00,1,0.97,TRK_2535,1
OBS_101266,STU1606,CAM002,Library Entrance,2023-10-23 12:50:00,1,0.86,TRK_3885,1
OBS_101267,STU1607,CAM004,Computer Laboratory Corridor,2023-10-23 09:40:00,1,0.98,TRK_3955,1
OBS_101268,STU1607,CAM001,Main Building Entrance,2023-10-23 10:31:00,1,0.82,TRK_3911,1
OBS_101269,STU1608,CAM001,Main Building Entrance,2023-10-23 10:06:00,1,0.78,TRK_7986,1
OBS_101270,STU1608,CAM004,Computer Laboratory Corridor,2023-10-23 10:52:00,1,0.97,TRK_7594,1
OBS_101271,STU1608,CAM005,Academic Block Corridor,2023-10-23 11:19:00,1,0.78,TRK_1193,1
OBS_101272,STU1608,CAM004,Computer Laboratory Corridor,2023-10-23 11:46:00,1,0.84,TRK_2802,1
OBS_101273,STU1609,CAM002,Library Entrance,2023-10-23 07:57:00,1,0.81,TRK_2369,1
OBS_101274,STU1610,CAM005,Academic Block Corridor,2023-10-23 08:21:00,1,0.75,TRK_1153,1
OBS_101275,STU1610,CAM005,Academic Block Corridor,2023-10-23 08:49:00,1,0.93,TRK_6544,1
OBS_101276,STU1610,CAM002,Library Entrance,2023-10-23 09:14:00,1,0.78,TRK_8279,1
OBS_101277,STU1612,CAM003,Canteen Entrance,2023-10-23 10:03:00,1,0.86,TRK_4994,1
OBS_101278,STU1612,CAM005,Academic Block Corridor,2023-10-23 10:25:00,1,0.92,TRK_9906,1
OBS_101279,STU1616,CAM001,Main Building Entrance,2023-10-23 09:35:00,1,0.77,TRK_5861,1
OBS_101280,STU1617,CAM004,Computer Laboratory Corridor,2023-10-23 08:59:00,1,0.78,TRK_4675,1
OBS_101281,STU1618,CAM004,Computer Laboratory Corridor,2023-10-23 09:44:00,1,0.84,TRK_6788,1
OBS_101282,STU1619,CAM004,Computer Laboratory Corridor,2023-10-23 09:28:00,1,0.91,TRK_2841,1
OBS_101283,STU1619,CAM002,Library Entrance,2023-10-23 10:45:00,1,0.99,TRK_4678,1
OBS_101284,STU1619,CAM003,Canteen Entrance,2023-10-23 11:13:00,1,0.84,TRK_6467,0
OBS_101285,STU1620,CAM001,Main Building Entrance,2023-10-23 09:14:00,1,0.96,TRK_3475,1
OBS_101286,STU1621,CAM005,Academic Block Corridor,2023-10-23 09:20:00,1,0.83,TRK_3971,1
OBS_101287,STU1621,CAM002,Library Entrance,2023-10-23 10:29:00,1,0.96,TRK_5940,1
OBS_101288,STU1622,CAM001,Main Building Entrance,2023-10-23 08:49:00,1,0.82,TRK_9179,0
OBS_101289,STU1622,CAM003,Canteen Entrance,2023-10-23 09:51:00,1,0.94,TRK_2251,1
OBS_101290,STU1622,CAM002,Library Entrance,2023-10-23 10:06:00,1,0.94,TRK_3401,1
OBS_101291,STU1623,CAM004,Computer Laboratory Corridor,2023-10-23 09:44:00,1,0.86,TRK_8838,1
OBS_101292,STU1623,CAM001,Main Building Entrance,2023-10-23 10:07:00,1,0.89,TRK_5562,1
OBS_101293,STU1623,CAM001,Main Building Entrance,2023-10-23 10:40:00,1,0.83,TRK_3089,1
OBS_101294,STU1624,CAM003,Canteen Entrance,2023-10-23 09:57:00,1,0.83,TRK_7944,0
OBS_101295,STU1624,CAM004,Computer Laboratory Corridor,2023-10-23 11:13:00,1,0.89,TRK_6463,1
OBS_101296,STU1625,CAM004,Computer Laboratory Corridor,2023-10-23 08:38:00,1,0.85,TRK_9144,1
OBS_101297,STU1625,CAM005,Academic Block Corridor,2023-10-23 10:01:00,1,0.87,TRK_9785,1
OBS_101298,STU1626,CAM001,Main Building Entrance,2023-10-23 09:02:00,1,0.89,TRK_7911,1
OBS_101299,STU1626,CAM005,Academic Block Corridor,2023-10-23 10:24:00,1,0.94,TRK_4593,1
OBS_101300,STU1628,CAM003,Canteen Entrance,2023-10-23 09:03:00,1,0.75,TRK_1281,1
OBS_101301,STU1631,CAM004,Computer Laboratory Corridor,2023-10-23 10:29:00,1,0.98,TRK_2804,1
OBS_101302,STU1631,CAM003,Canteen Entrance,2023-10-23 10:51:00,1,0.84,TRK_3283,1
OBS_101303,STU1631,CAM004,Computer Laboratory Corridor,2023-10-23 11:43:00,1,0.78,TRK_7898,1
OBS_101304,STU1632,CAM002,Library Entrance,2023-10-23 08:27:00,1,0.76,TRK_3257,1
OBS_101305,STU1632,CAM002,Library Entrance,2023-10-23 08:57:00,1,0.84,TRK_1431,1
OBS_101306,STU1633,CAM001,Main Building Entrance,2023-10-23 10:05:00,1,0.92,TRK_2208,1
OBS_101307,STU1633,CAM005,Academic Block Corridor,2023-10-23 11:21:00,1,0.96,TRK_1494,1
OBS_101308,STU1633,CAM003,Canteen Entrance,2023-10-23 11:54:00,1,0.78,TRK_5014,0
OBS_101309,STU1633,CAM001,Main Building Entrance,2023-10-23 12:18:00,1,0.89,TRK_7823,1
OBS_101310,STU1634,CAM004,Computer Laboratory Corridor,2023-10-23 09:37:00,1,0.93,TRK_9641,0
OBS_101311,STU1634,CAM004,Computer Laboratory Corridor,2023-10-23 10:30:00,1,0.85,TRK_6526,1
OBS_101312,STU1636,CAM003,Canteen Entrance,2023-10-23 09:34:00,1,0.78,TRK_1983,1
OBS_101313,STU1636,CAM005,Academic Block Corridor,2023-10-23 09:53:00,1,0.93,TRK_9245,1
OBS_101314,STU1636,CAM001,Main Building Entrance,2023-10-23 10:28:00,1,0.85,TRK_7940,1
OBS_101315,STU1636,CAM005,Academic Block Corridor,2023-10-23 11:41:00,1,0.92,TRK_5227,1
OBS_101316,STU1637,CAM004,Computer Laboratory Corridor,2023-10-23 08:37:00,1,0.97,TRK_5453,1
OBS_101317,STU1637,CAM005,Academic Block Corridor,2023-10-23 09:03:00,1,0.84,TRK_3050,1
OBS_101318,STU1637,CAM004,Computer Laboratory Corridor,2023-10-23 09:45:00,1,0.9,TRK_4586,1
OBS_101319,STU1638,CAM005,Academic Block Corridor,2023-10-23 10:05:00,1,0.9,TRK_2264,1
OBS_101320,STU1638,CAM004,Computer Laboratory Corridor,2023-10-23 11:19:00,1,0.83,TRK_7637,1
OBS_101321,STU1638,CAM002,Library Entrance,2023-10-23 12:22:00,1,0.76,TRK_7086,1
OBS_101322,STU1638,CAM002,Library Entrance,2023-10-23 13:31:00,1,0.81,TRK_2710,1
OBS_101323,STU1639,CAM005,Academic Block Corridor,2023-10-23 09:52:00,1,0.94,TRK_6496,1
OBS_101324,STU1640,CAM003,Canteen Entrance,2023-10-23 10:14:00,1,0.79,TRK_2744,1
OBS_101325,STU1641,CAM005,Academic Block Corridor,2023-10-23 08:30:00,1,0.75,TRK_6064,1
OBS_101326,STU1643,CAM002,Library Entrance,2023-10-23 10:30:00,1,0.9,TRK_1530,1
OBS_101327,STU1643,CAM003,Canteen Entrance,2023-10-23 11:15:00,1,0.77,TRK_1735,1
OBS_101328,STU1644,CAM001,Main Building Entrance,2023-10-23 08:20:00,1,0.83,TRK_6056,1
OBS_101329,STU1644,CAM003,Canteen Entrance,2023-10-23 08:36:00,1,0.93,TRK_7523,1
OBS_101330,STU1644,CAM002,Library Entrance,2023-10-23 09:55:00,1,0.83,TRK_7400,1
OBS_101331,STU1644,CAM002,Library Entrance,2023-10-23 10:55:00,1,0.92,TRK_2595,1
OBS_101332,STU1645,CAM005,Academic Block Corridor,2023-10-23 09:17:00,1,0.77,TRK_3460,1
OBS_101333,STU1645,CAM005,Academic Block Corridor,2023-10-23 09:35:00,1,0.94,TRK_8814,1
OBS_101334,STU1645,CAM001,Main Building Entrance,2023-10-23 11:05:00,1,0.82,TRK_3482,1
OBS_101335,STU1646,CAM001,Main Building Entrance,2023-10-23 09:16:00,1,0.98,TRK_4794,1
OBS_101336,STU1646,CAM002,Library Entrance,2023-10-23 09:58:00,1,0.93,TRK_3638,1
OBS_101337,STU1646,CAM005,Academic Block Corridor,2023-10-23 11:17:00,1,0.99,TRK_9573,1
OBS_101338,STU1646,CAM004,Computer Laboratory Corridor,2023-10-23 12:15:00,1,0.94,TRK_6554,1
OBS_101339,STU1648,CAM005,Academic Block Corridor,2023-10-23 10:16:00,1,0.96,TRK_8059,1
OBS_101340,STU1648,CAM004,Computer Laboratory Corridor,2023-10-23 10:36:00,1,0.81,TRK_2228,1
OBS_101341,STU1648,CAM005,Academic Block Corridor,2023-10-23 11:10:00,1,0.9,TRK_9151,1
OBS_101342,STU1650,CAM002,Library Entrance,2023-10-23 08:43:00,1,0.93,TRK_6071,1
OBS_101343,STU1651,CAM001,Main Building Entrance,2023-10-23 09:21:00,1,0.86,TRK_3780,1
OBS_101344,STU1652,CAM001,Main Building Entrance,2023-10-23 08:36:00,1,0.82,TRK_6952,1
OBS_101345,STU1652,CAM001,Main Building Entrance,2023-10-23 09:36:00,1,0.77,TRK_8548,1
OBS_101346,STU1652,CAM004,Computer Laboratory Corridor,2023-10-23 10:24:00,1,0.98,TRK_8242,1
OBS_101347,STU1653,CAM005,Academic Block Corridor,2023-10-23 08:44:00,1,0.87,TRK_6955,1
OBS_101348,STU1653,CAM004,Computer Laboratory Corridor,2023-10-23 09:35:00,1,0.85,TRK_3113,1
OBS_101349,STU1654,CAM005,Academic Block Corridor,2023-10-23 10:11:00,1,0.95,TRK_6138,1
OBS_101350,STU1654,CAM001,Main Building Entrance,2023-10-23 11:13:00,1,0.91,TRK_9289,1
OBS_101351,STU1654,CAM003,Canteen Entrance,2023-10-23 12:25:00,1,0.96,TRK_1699,1
OBS_101352,STU1654,CAM002,Library Entrance,2023-10-23 12:47:00,1,0.92,TRK_1130,1
OBS_101353,STU1655,CAM003,Canteen Entrance,2023-10-23 09:30:00,1,0.84,TRK_7541,1
OBS_101354,STU1655,CAM002,Library Entrance,2023-10-23 09:54:00,1,0.84,TRK_8573,1
OBS_101355,STU1658,CAM004,Computer Laboratory Corridor,2023-10-23 08:35:00,1,0.86,TRK_9767,0
OBS_101356,STU1659,CAM001,Main Building Entrance,2023-10-23 08:54:00,1,0.79,TRK_2775,1
OBS_101357,STU1659,CAM004,Computer Laboratory Corridor,2023-10-23 09:59:00,1,0.8,TRK_6385,1
OBS_101358,STU1659,CAM003,Canteen Entrance,2023-10-23 10:22:00,1,0.83,TRK_8967,1
OBS_101359,STU1659,CAM004,Computer Laboratory Corridor,2023-10-23 11:04:00,1,0.78,TRK_8447,1
OBS_101360,STU1660,CAM002,Library Entrance,2023-10-23 09:15:00,1,0.98,TRK_3384,1
OBS_101361,STU1661,CAM005,Academic Block Corridor,2023-10-23 09:28:00,1,0.76,TRK_7230,1
OBS_101362,STU1661,CAM003,Canteen Entrance,2023-10-23 09:50:00,1,0.94,TRK_8756,1
OBS_101363,STU1662,CAM002,Library Entrance,2023-10-23 08:35:00,1,0.96,TRK_7929,1
OBS_101364,STU1662,CAM003,Canteen Entrance,2023-10-23 09:24:00,1,0.9,TRK_2369,1
OBS_101365,STU1664,CAM003,Canteen Entrance,2023-10-23 09:33:00,1,0.85,TRK_5887,1
OBS_101366,STU1664,CAM004,Computer Laboratory Corridor,2023-10-23 10:45:00,1,0.88,TRK_5250,1
OBS_101367,STU1665,CAM001,Main Building Entrance,2023-10-23 08:11:00,1,0.96,TRK_8021,1
OBS_101368,STU1665,CAM003,Canteen Entrance,2023-10-23 09:09:00,1,0.79,TRK_6722,1
OBS_101369,STU1666,CAM004,Computer Laboratory Corridor,2023-10-23 08:55:00,1,0.88,TRK_3632,1
OBS_101370,STU1666,CAM003,Canteen Entrance,2023-10-23 10:05:00,1,0.97,TRK_7375,1
OBS_101371,STU1666,CAM005,Academic Block Corridor,2023-10-23 10:21:00,1,0.94,TRK_4253,1
OBS_101372,STU1666,CAM005,Academic Block Corridor,2023-10-23 10:45:00,1,0.9,TRK_6304,0
OBS_101373,STU1667,CAM002,Library Entrance,2023-10-23 08:23:00,1,0.97,TRK_3416,1
OBS_101374,STU1667,CAM003,Canteen Entrance,2023-10-23 09:41:00,1,0.78,TRK_7658,1
OBS_101375,STU1667,CAM005,Academic Block Corridor,2023-10-23 10:29:00,1,0.92,TRK_8381,1
OBS_101376,STU1668,CAM005,Academic Block Corridor,2023-10-23 09:22:00,1,0.77,TRK_4581,1
OBS_101377,STU1668,CAM004,Computer Laboratory Corridor,2023-10-23 10:01:00,1,0.92,TRK_3721,1
OBS_101378,STU1670,CAM003,Canteen Entrance,2023-10-23 08:25:00,1,0.8,TRK_4131,1
OBS_101379,STU1670,CAM001,Main Building Entrance,2023-10-23 09:53:00,1,0.84,TRK_6960,1
OBS_101380,STU1670,CAM003,Canteen Entrance,2023-10-23 10:10:00,1,0.97,TRK_9226,1
OBS_101381,STU1670,CAM004,Computer Laboratory Corridor,2023-10-23 10:40:00,1,0.91,TRK_8471,1
OBS_101382,STU1672,CAM003,Canteen Entrance,2023-10-23 09:20:00,1,0.83,TRK_9887,1
OBS_101383,STU1672,CAM005,Academic Block Corridor,2023-10-23 10:29:00,1,0.98,TRK_6502,1
OBS_101384,STU1672,CAM002,Library Entrance,2023-10-23 10:58:00,1,0.86,TRK_7113,1
OBS_101385,STU1672,CAM005,Academic Block Corridor,2023-10-23 11:35:00,1,0.89,TRK_9892,1
OBS_101386,STU1673,CAM003,Canteen Entrance,2023-10-23 10:26:00,1,0.95,TRK_8167,1
OBS_101387,STU1673,CAM005,Academic Block Corridor,2023-10-23 11:17:00,1,0.98,TRK_2625,1
OBS_101388,STU1673,CAM001,Main Building Entrance,2023-10-23 11:43:00,1,0.77,TRK_1269,1
OBS_101389,STU1673,CAM001,Main Building Entrance,2023-10-23 12:50:00,1,0.87,TRK_9924,1
OBS_101390,STU1675,CAM005,Academic Block Corridor,2023-10-23 09:01:00,1,0.89,TRK_1534,1
OBS_101391,STU1676,CAM002,Library Entrance,2023-10-23 09:48:00,1,0.8,TRK_8448,0
OBS_101392,STU1676,CAM004,Computer Laboratory Corridor,2023-10-23 11:13:00,1,0.78,TRK_8693,1
OBS_101393,STU1676,CAM003,Canteen Entrance,2023-10-23 11:43:00,1,0.98,TRK_8601,1
OBS_101394,STU1677,CAM001,Main Building Entrance,2023-10-23 09:18:00,1,0.98,TRK_4668,1
OBS_101395,STU1677,CAM003,Canteen Entrance,2023-10-23 10:37:00,1,0.81,TRK_5333,1
OBS_101396,STU1677,CAM004,Computer Laboratory Corridor,2023-10-23 11:31:00,1,0.91,TRK_1068,1
OBS_101397,STU1677,CAM001,Main Building Entrance,2023-10-23 12:39:00,1,0.75,TRK_3512,1
OBS_101398,STU1678,CAM005,Academic Block Corridor,2023-10-23 10:21:00,1,0.83,TRK_3792,1
OBS_101399,STU1678,CAM004,Computer Laboratory Corridor,2023-10-23 11:49:00,1,0.81,TRK_7412,1
OBS_101400,STU1678,CAM005,Academic Block Corridor,2023-10-23 12:28:00,1,0.9,TRK_1845,1
OBS_101401,STU1679,CAM004,Computer Laboratory Corridor,2023-10-23 08:56:00,1,0.98,TRK_3846,1
OBS_101402,STU1679,CAM003,Canteen Entrance,2023-10-23 10:02:00,1,0.87,TRK_8166,1
OBS_101403,STU1679,CAM001,Main Building Entrance,2023-10-23 10:46:00,1,0.92,TRK_3069,1
OBS_101404,STU1679,CAM001,Main Building Entrance,2023-10-23 12:05:00,1,0.9,TRK_7422,1
OBS_101405,STU1680,CAM002,Library Entrance,2023-10-23 10:12:00,1,0.98,TRK_4338,1
OBS_101406,STU1680,CAM001,Main Building Entrance,2023-10-23 10:38:00,1,0.76,TRK_1189,1
OBS_101407,STU1680,CAM002,Library Entrance,2023-10-23 12:08:00,1,0.76,TRK_9907,1
OBS_101408,STU1681,CAM004,Computer Laboratory Corridor,2023-10-23 09:18:00,1,0.76,TRK_3138,1
OBS_101409,STU1682,CAM002,Library Entrance,2023-10-23 08:42:00,1,0.81,TRK_4633,1
OBS_101410,STU1682,CAM002,Library Entrance,2023-10-23 09:35:00,1,0.88,TRK_5018,1
OBS_101411,STU1682,CAM003,Canteen Entrance,2023-10-23 10:38:00,1,0.91,TRK_5505,1
OBS_101412,STU1682,CAM002,Library Entrance,2023-10-23 11:03:00,1,0.9,TRK_2694,1
OBS_101413,STU1683,CAM005,Academic Block Corridor,2023-10-23 09:09:00,1,0.78,TRK_3323,1
OBS_101414,STU1684,CAM002,Library Entrance,2023-10-23 09:10:00,1,0.77,TRK_9097,1
OBS_101415,STU1684,CAM002,Library Entrance,2023-10-23 10:11:00,1,0.84,TRK_9045,1
OBS_101416,STU1684,CAM004,Computer Laboratory Corridor,2023-10-23 10:28:00,1,0.77,TRK_2250,1
OBS_101417,STU1685,CAM004,Computer Laboratory Corridor,2023-10-23 10:02:00,1,0.96,TRK_8387,1
OBS_101418,STU1685,CAM002,Library Entrance,2023-10-23 10:37:00,1,0.82,TRK_3927,1
OBS_101419,STU1686,CAM003,Canteen Entrance,2023-10-23 08:38:00,1,0.99,TRK_8928,1
OBS_101420,STU1687,CAM005,Academic Block Corridor,2023-10-23 08:17:00,1,0.93,TRK_2992,1
OBS_101421,STU1688,CAM005,Academic Block Corridor,2023-10-23 08:38:00,1,0.76,TRK_9384,1
OBS_101422,STU1688,CAM002,Library Entrance,2023-10-23 09:12:00,1,0.96,TRK_2880,1
OBS_101423,STU1689,CAM003,Canteen Entrance,2023-10-23 08:07:00,1,0.78,TRK_2367,1
OBS_101424,STU1689,CAM003,Canteen Entrance,2023-10-23 08:38:00,1,0.82,TRK_4264,1
OBS_101425,STU1690,CAM005,Academic Block Corridor,2023-10-23 09:15:00,1,0.91,TRK_8652,1
OBS_101426,STU1691,CAM005,Academic Block Corridor,2023-10-23 09:34:00,1,0.98,TRK_4163,1
OBS_101427,STU1691,CAM002,Library Entrance,2023-10-23 10:21:00,1,0.8,TRK_5605,1
OBS_101428,STU1691,CAM001,Main Building Entrance,2023-10-23 11:26:00,1,0.89,TRK_6105,1
OBS_101429,STU1691,CAM002,Library Entrance,2023-10-23 12:02:00,1,0.98,TRK_8992,1
OBS_101430,STU1692,CAM004,Computer Laboratory Corridor,2023-10-23 09:19:00,1,0.89,TRK_5451,1
OBS_101431,STU1692,CAM005,Academic Block Corridor,2023-10-23 10:14:00,1,0.78,TRK_7275,0
OBS_101432,STU1692,CAM002,Library Entrance,2023-10-23 11:23:00,1,0.89,TRK_7126,1
OBS_101433,STU1692,CAM004,Computer Laboratory Corridor,2023-10-23 11:46:00,1,0.79,TRK_1553,1
OBS_101434,STU1693,CAM004,Computer Laboratory Corridor,2023-10-23 09:25:00,1,0.82,TRK_9691,1
OBS_101435,STU1693,CAM004,Computer Laboratory Corridor,2023-10-23 10:25:00,1,0.76,TRK_3947,1
OBS_101436,STU1693,CAM004,Computer Laboratory Corridor,2023-10-23 11:21:00,1,0.94,TRK_6861,1
OBS_101437,STU1694,CAM002,Library Entrance,2023-10-23 07:57:00,1,0.91,TRK_7094,1
OBS_101438,STU1694,CAM003,Canteen Entrance,2023-10-23 08:30:00,1,0.78,TRK_6219,1
OBS_101439,STU1695,CAM002,Library Entrance,2023-10-23 08:48:00,1,0.86,TRK_6268,1
OBS_101440,STU1697,CAM001,Main Building Entrance,2023-10-23 09:06:00,1,0.84,TRK_4476,1
OBS_101441,STU1697,CAM002,Library Entrance,2023-10-23 10:28:00,1,0.77,TRK_5555,1
OBS_101442,STU1698,CAM004,Computer Laboratory Corridor,2023-10-23 10:46:00,1,0.91,TRK_8130,1
OBS_101443,STU1700,CAM002,Library Entrance,2023-10-23 09:25:00,1,0.8,TRK_9092,1
OBS_101444,STU1700,CAM001,Main Building Entrance,2023-10-23 10:43:00,1,0.99,TRK_7901,1
OBS_101445,STU1700,CAM001,Main Building Entrance,2023-10-23 11:13:00,1,0.86,TRK_6355,1
OBS_101446,STU1701,CAM005,Academic Block Corridor,2023-10-23 10:09:00,1,0.76,TRK_1292,1
OBS_101447,STU1701,CAM001,Main Building Entrance,2023-10-23 11:37:00,1,0.97,TRK_5659,1
OBS_101448,STU1701,CAM004,Computer Laboratory Corridor,2023-10-23 12:08:00,1,0.76,TRK_9740,1
OBS_101449,STU1701,CAM001,Main Building Entrance,2023-10-23 13:30:00,1,0.83,TRK_1266,1
OBS_101450,STU1702,CAM001,Main Building Entrance,2023-10-23 08:56:00,1,0.95,TRK_7800,1
OBS_101451,STU1703,CAM003,Canteen Entrance,2023-10-23 08:43:00,1,0.93,TRK_7559,1
OBS_101452,STU1703,CAM005,Academic Block Corridor,2023-10-23 09:08:00,1,0.94,TRK_9090,1
OBS_101453,STU1703,CAM004,Computer Laboratory Corridor,2023-10-23 09:29:00,1,0.82,TRK_8447,1
OBS_101454,STU1704,CAM003,Canteen Entrance,2023-10-23 09:53:00,1,0.98,TRK_2683,1
OBS_101455,STU1704,CAM002,Library Entrance,2023-10-23 10:11:00,1,0.76,TRK_1170,1
OBS_101456,STU1704,CAM001,Main Building Entrance,2023-10-23 10:43:00,1,0.99,TRK_8138,1
OBS_101457,STU1704,CAM002,Library Entrance,2023-10-23 11:26:00,1,0.77,TRK_7043,1
OBS_101458,STU1705,CAM003,Canteen Entrance,2023-10-23 08:38:00,1,0.96,TRK_1705,1
OBS_101459,STU1706,CAM003,Canteen Entrance,2023-10-23 08:48:00,1,0.77,TRK_6395,1
OBS_101460,STU1707,CAM002,Library Entrance,2023-10-23 08:52:00,1,0.97,TRK_8548,1
OBS_101461,STU1707,CAM002,Library Entrance,2023-10-23 09:22:00,1,0.83,TRK_3424,1
OBS_101462,STU1707,CAM004,Computer Laboratory Corridor,2023-10-23 10:51:00,1,0.9,TRK_3004,1
OBS_101463,STU1707,CAM005,Academic Block Corridor,2023-10-23 12:12:00,1,0.81,TRK_8830,1
OBS_101464,STU1708,CAM003,Canteen Entrance,2023-10-23 09:19:00,1,0.94,TRK_8908,1
OBS_101465,STU1708,CAM001,Main Building Entrance,2023-10-23 10:02:00,1,0.81,TRK_5853,1
OBS_101466,STU1708,CAM003,Canteen Entrance,2023-10-23 10:27:00,1,0.88,TRK_4971,1
OBS_101467,STU1708,CAM001,Main Building Entrance,2023-10-23 11:08:00,1,0.77,TRK_9103,1
OBS_101468,STU1709,CAM001,Main Building Entrance,2023-10-23 08:40:00,1,0.91,TRK_8670,1
OBS_101469,STU1710,CAM004,Computer Laboratory Corridor,2023-10-23 09:21:00,1,0.78,TRK_4418,1
OBS_101470,STU1710,CAM005,Academic Block Corridor,2023-10-23 10:51:00,1,0.87,TRK_6134,1
OBS_101471,STU1710,CAM004,Computer Laboratory Corridor,2023-10-23 11:45:00,1,0.91,TRK_9265,1
OBS_101472,STU1710,CAM002,Library Entrance,2023-10-23 12:13:00,1,0.8,TRK_6957,1
OBS_101473,STU1711,CAM005,Academic Block Corridor,2023-10-23 09:01:00,1,0.87,TRK_7556,1
OBS_101474,STU1711,CAM001,Main Building Entrance,2023-10-23 09:40:00,1,0.82,TRK_3690,1
OBS_101475,STU1711,CAM005,Academic Block Corridor,2023-10-23 10:34:00,1,0.91,TRK_3413,1
OBS_101476,STU1711,CAM001,Main Building Entrance,2023-10-23 11:48:00,1,0.93,TRK_4941,1
OBS_101477,STU1712,CAM002,Library Entrance,2023-10-23 08:53:00,1,0.81,TRK_8802,1
OBS_101478,STU1713,CAM003,Canteen Entrance,2023-10-23 10:13:00,1,0.78,TRK_2377,0
OBS_101479,STU1713,CAM004,Computer Laboratory Corridor,2023-10-23 11:13:00,1,0.8,TRK_7503,1
OBS_101480,STU1713,CAM004,Computer Laboratory Corridor,2023-10-23 12:32:00,1,0.87,TRK_1870,1
OBS_101481,STU1713,CAM003,Canteen Entrance,2023-10-23 13:43:00,1,0.84,TRK_1805,1
OBS_101482,STU1714,CAM002,Library Entrance,2023-10-23 10:15:00,1,0.82,TRK_7597,1
OBS_101483,STU1714,CAM005,Academic Block Corridor,2023-10-23 10:52:00,1,0.82,TRK_9087,1
OBS_101484,STU1714,CAM004,Computer Laboratory Corridor,2023-10-23 12:13:00,1,0.78,TRK_1817,1
OBS_101485,STU1714,CAM001,Main Building Entrance,2023-10-23 12:59:00,1,0.8,TRK_1870,1
OBS_101486,STU1715,CAM003,Canteen Entrance,2023-10-23 10:08:00,1,0.81,TRK_9718,1
OBS_101487,STU1716,CAM002,Library Entrance,2023-10-23 10:07:00,1,0.96,TRK_7628,1
OBS_101488,STU1717,CAM001,Main Building Entrance,2023-10-23 10:19:00,1,0.8,TRK_5395,1
OBS_101489,STU1717,CAM002,Library Entrance,2023-10-23 11:37:00,1,0.79,TRK_4335,1
OBS_101490,STU1717,CAM003,Canteen Entrance,2023-10-23 12:36:00,1,0.92,TRK_5718,1
OBS_101491,STU1717,CAM001,Main Building Entrance,2023-10-23 12:51:00,1,0.79,TRK_8811,0
OBS_101492,STU1718,CAM002,Library Entrance,2023-10-23 09:23:00,1,0.83,TRK_2137,1
OBS_101493,STU1718,CAM002,Library Entrance,2023-10-23 09:59:00,1,0.83,TRK_8458,1
OBS_101494,STU1718,CAM001,Main Building Entrance,2023-10-23 10:32:00,1,0.91,TRK_8011,1
OBS_101495,STU1719,CAM002,Library Entrance,2023-10-23 09:00:00,1,0.98,TRK_2261,1
OBS_101496,STU1719,CAM001,Main Building Entrance,2023-10-23 09:36:00,1,0.89,TRK_8763,0
OBS_101497,STU1719,CAM001,Main Building Entrance,2023-10-23 11:05:00,1,0.87,TRK_5055,1
OBS_101498,STU1720,CAM001,Main Building Entrance,2023-10-23 08:59:00,1,0.95,TRK_5762,1
OBS_101499,STU1720,CAM005,Academic Block Corridor,2023-10-23 09:43:00,1,0.87,TRK_3401,1
OBS_101500,STU1720,CAM001,Main Building Entrance,2023-10-23 10:10:00,1,0.82,TRK_6499,1
OBS_101501,STU1720,CAM004,Computer Laboratory Corridor,2023-10-23 11:22:00,1,0.93,TRK_9940,1
OBS_101502,STU1721,CAM003,Canteen Entrance,2023-10-23 08:57:00,1,0.84,TRK_1222,1
OBS_101503,STU1721,CAM003,Canteen Entrance,2023-10-23 09:57:00,1,0.92,TRK_9484,1
OBS_101504,STU1721,CAM001,Main Building Entrance,2023-10-23 11:13:00,1,0.81,TRK_9508,1
OBS_101505,STU1724,CAM004,Computer Laboratory Corridor,2023-10-23 09:07:00,1,0.96,TRK_3320,1
OBS_101506,STU1725,CAM001,Main Building Entrance,2023-10-23 09:03:00,1,0.81,TRK_8056,1
OBS_101507,STU1725,CAM002,Library Entrance,2023-10-23 10:04:00,1,0.93,TRK_4175,1
OBS_101508,STU1725,CAM001,Main Building Entrance,2023-10-23 11:07:00,1,0.98,TRK_9927,1
OBS_101509,STU1726,CAM002,Library Entrance,2023-10-23 09:14:00,1,0.81,TRK_6715,1
OBS_101510,STU1726,CAM004,Computer Laboratory Corridor,2023-10-23 10:11:00,1,0.89,TRK_5526,1
OBS_101511,STU1726,CAM002,Library Entrance,2023-10-23 11:05:00,1,0.76,TRK_9520,1
OBS_101512,STU1726,CAM005,Academic Block Corridor,2023-10-23 12:03:00,1,0.78,TRK_8455,1
OBS_101513,STU1727,CAM001,Main Building Entrance,2023-10-23 08:48:00,1,0.98,TRK_9174,0
OBS_101514,STU1727,CAM004,Computer Laboratory Corridor,2023-10-23 09:21:00,1,0.91,TRK_9571,1
OBS_101515,STU1727,CAM005,Academic Block Corridor,2023-10-23 10:13:00,1,0.88,TRK_3664,1
OBS_101516,STU1730,CAM003,Canteen Entrance,2023-10-23 09:03:00,1,0.77,TRK_5828,1
OBS_101517,STU1730,CAM004,Computer Laboratory Corridor,2023-10-23 09:19:00,1,0.76,TRK_5636,1
OBS_101518,STU1730,CAM001,Main Building Entrance,2023-10-23 10:49:00,1,0.76,TRK_6010,1
OBS_101519,STU1731,CAM003,Canteen Entrance,2023-10-23 09:34:00,1,0.91,TRK_1010,1
OBS_101520,STU1732,CAM002,Library Entrance,2023-10-23 09:44:00,1,0.83,TRK_5641,1
OBS_101521,STU1733,CAM003,Canteen Entrance,2023-10-23 08:21:00,1,0.78,TRK_4223,1
OBS_101522,STU1733,CAM005,Academic Block Corridor,2023-10-23 09:31:00,1,0.97,TRK_5764,1
OBS_101523,STU1734,CAM004,Computer Laboratory Corridor,2023-10-23 09:35:00,1,0.97,TRK_5075,1
OBS_101524,STU1734,CAM004,Computer Laboratory Corridor,2023-10-23 10:39:00,1,0.85,TRK_2607,1
OBS_101525,STU1735,CAM005,Academic Block Corridor,2023-10-23 09:03:00,1,0.82,TRK_8140,1
OBS_101526,STU1735,CAM005,Academic Block Corridor,2023-10-23 09:59:00,1,0.78,TRK_4268,1
OBS_101527,STU1735,CAM002,Library Entrance,2023-10-23 10:46:00,1,0.85,TRK_4268,1
OBS_101528,STU1737,CAM001,Main Building Entrance,2023-10-23 09:35:00,1,0.82,TRK_8555,1
OBS_101529,STU1737,CAM002,Library Entrance,2023-10-23 10:59:00,1,0.84,TRK_8158,1
OBS_101530,STU1737,CAM002,Library Entrance,2023-10-23 11:26:00,1,0.88,TRK_6132,1
OBS_101531,STU1738,CAM003,Canteen Entrance,2023-10-23 09:54:00,1,0.85,TRK_7889,1
OBS_101532,STU1738,CAM004,Computer Laboratory Corridor,2023-10-23 11:01:00,1,0.76,TRK_1432,1
OBS_101533,STU1738,CAM001,Main Building Entrance,2023-10-23 12:09:00,1,0.93,TRK_5954,1
OBS_101534,STU1739,CAM005,Academic Block Corridor,2023-10-23 10:48:00,1,0.84,TRK_9900,1
OBS_101535,STU1739,CAM003,Canteen Entrance,2023-10-23 12:15:00,1,0.76,TRK_7433,1
OBS_101536,STU1742,CAM001,Main Building Entrance,2023-10-23 09:42:00,1,0.86,TRK_9487,1
OBS_101537,STU1742,CAM001,Main Building Entrance,2023-10-23 10:55:00,1,0.77,TRK_5426,1
OBS_101538,STU1743,CAM005,Academic Block Corridor,2023-10-23 10:24:00,1,0.77,TRK_5760,1
OBS_101539,STU1744,CAM001,Main Building Entrance,2023-10-23 10:07:00,1,0.78,TRK_9369,1
OBS_101540,STU1744,CAM002,Library Entrance,2023-10-23 10:28:00,1,0.87,TRK_9115,1
OBS_101541,STU1744,CAM002,Library Entrance,2023-10-23 11:00:00,1,0.96,TRK_3535,1
OBS_101542,STU1744,CAM003,Canteen Entrance,2023-10-23 11:53:00,1,0.92,TRK_1105,1
OBS_101543,STU1745,CAM001,Main Building Entrance,2023-10-23 08:24:00,1,0.77,TRK_3507,1
OBS_101544,STU1745,CAM005,Academic Block Corridor,2023-10-23 08:54:00,1,0.77,TRK_4347,1
OBS_101545,STU1745,CAM004,Computer Laboratory Corridor,2023-10-23 09:22:00,1,0.76,TRK_9287,1
OBS_101546,STU1745,CAM004,Computer Laboratory Corridor,2023-10-23 10:33:00,1,0.76,TRK_2995,1
OBS_101547,STU1746,CAM004,Computer Laboratory Corridor,2023-10-23 08:55:00,1,0.99,TRK_4849,1
OBS_101548,STU1746,CAM003,Canteen Entrance,2023-10-23 10:19:00,1,0.95,TRK_8194,1
OBS_101549,STU1746,CAM004,Computer Laboratory Corridor,2023-10-23 10:49:00,1,0.79,TRK_1354,1
OBS_101550,STU1748,CAM002,Library Entrance,2023-10-23 09:15:00,1,0.79,TRK_9956,1
OBS_101551,STU1748,CAM004,Computer Laboratory Corridor,2023-10-23 09:55:00,1,0.87,TRK_5742,1
OBS_101552,STU1750,CAM004,Computer Laboratory Corridor,2023-10-23 10:58:00,1,0.84,TRK_5508,1
OBS_101553,STU1751,CAM001,Main Building Entrance,2023-10-23 09:46:00,1,0.86,TRK_7960,1
OBS_101554,STU1751,CAM001,Main Building Entrance,2023-10-23 10:19:00,1,0.82,TRK_2968,1
OBS_101555,STU1751,CAM004,Computer Laboratory Corridor,2023-10-23 11:46:00,1,0.75,TRK_5960,1
OBS_101556,STU1751,CAM005,Academic Block Corridor,2023-10-23 12:05:00,1,0.86,TRK_6811,1
OBS_101557,STU1753,CAM004,Computer Laboratory Corridor,2023-10-23 10:24:00,1,0.82,TRK_3593,1
OBS_101558,STU1753,CAM005,Academic Block Corridor,2023-10-23 11:24:00,1,0.96,TRK_9244,1
OBS_101559,STU1754,CAM005,Academic Block Corridor,2023-10-23 10:20:00,1,0.84,TRK_2028,1
OBS_101560,STU1754,CAM002,Library Entrance,2023-10-23 10:57:00,1,0.83,TRK_6558,1
OBS_101561,STU1755,CAM003,Canteen Entrance,2023-10-23 09:54:00,1,0.94,TRK_5963,1
OBS_101562,STU1755,CAM001,Main Building Entrance,2023-10-23 10:59:00,1,0.97,TRK_8925,1
OBS_101563,STU1755,CAM004,Computer Laboratory Corridor,2023-10-23 12:02:00,1,0.9,TRK_3955,1
OBS_101564,STU1755,CAM005,Academic Block Corridor,2023-10-23 13:30:00,1,0.94,TRK_9608,1
OBS_101565,STU1757,CAM003,Canteen Entrance,2023-10-23 08:34:00,1,0.89,TRK_6703,1
OBS_101566,STU1757,CAM005,Academic Block Corridor,2023-10-23 10:03:00,1,0.95,TRK_2107,1
OBS_101567,STU1757,CAM001,Main Building Entrance,2023-10-23 10:23:00,1,0.95,TRK_3607,1
OBS_101568,STU1758,CAM001,Main Building Entrance,2023-10-23 09:20:00,1,0.87,TRK_8805,1
OBS_101569,STU1758,CAM002,Library Entrance,2023-10-23 10:16:00,1,0.99,TRK_4876,1
OBS_101570,STU1759,CAM004,Computer Laboratory Corridor,2023-10-23 09:20:00,1,0.93,TRK_7882,1
OBS_101571,STU1760,CAM005,Academic Block Corridor,2023-10-23 07:56:00,1,0.81,TRK_1613,0
OBS_101572,STU1761,CAM003,Canteen Entrance,2023-10-23 09:16:00,1,0.9,TRK_1482,1
OBS_101573,STU1762,CAM001,Main Building Entrance,2023-10-23 08:44:00,1,0.92,TRK_7187,1
OBS_101574,STU1762,CAM005,Academic Block Corridor,2023-10-23 09:16:00,1,0.88,TRK_4206,1
OBS_101575,STU1763,CAM004,Computer Laboratory Corridor,2023-10-23 08:51:00,1,0.91,TRK_4694,1
OBS_101576,STU1763,CAM002,Library Entrance,2023-10-23 09:31:00,1,0.85,TRK_9659,1
OBS_101577,STU1763,CAM001,Main Building Entrance,2023-10-23 10:10:00,1,0.89,TRK_2576,1
OBS_101578,STU1764,CAM002,Library Entrance,2023-10-23 09:42:00,1,0.96,TRK_6891,1
OBS_101579,STU1764,CAM005,Academic Block Corridor,2023-10-23 10:49:00,1,0.88,TRK_2179,1
OBS_101580,STU1765,CAM005,Academic Block Corridor,2023-10-23 09:36:00,1,0.87,TRK_4399,1
OBS_101581,STU1765,CAM004,Computer Laboratory Corridor,2023-10-23 11:04:00,1,0.87,TRK_6840,1
OBS_101582,STU1765,CAM002,Library Entrance,2023-10-23 12:30:00,1,0.94,TRK_8190,1
OBS_101583,STU1766,CAM001,Main Building Entrance,2023-10-23 08:39:00,1,0.89,TRK_3083,1
OBS_101584,STU1766,CAM003,Canteen Entrance,2023-10-23 10:00:00,1,0.77,TRK_9170,1
OBS_101585,STU1766,CAM001,Main Building Entrance,2023-10-23 10:44:00,1,0.89,TRK_6421,0
OBS_101586,STU1766,CAM002,Library Entrance,2023-10-23 11:01:00,1,0.95,TRK_5749,1
OBS_101587,STU1767,CAM003,Canteen Entrance,2023-10-23 10:31:00,1,0.77,TRK_3586,0
OBS_101588,STU1767,CAM001,Main Building Entrance,2023-10-23 11:22:00,1,0.88,TRK_4955,1
OBS_101589,STU1767,CAM005,Academic Block Corridor,2023-10-23 12:43:00,1,0.87,TRK_7540,1
OBS_101590,STU1768,CAM001,Main Building Entrance,2023-10-23 10:48:00,1,0.89,TRK_5309,1
OBS_101591,STU1769,CAM003,Canteen Entrance,2023-10-23 07:51:00,1,0.85,TRK_4285,1
OBS_101592,STU1771,CAM002,Library Entrance,2023-10-23 09:36:00,1,0.8,TRK_6400,1
OBS_101593,STU1771,CAM002,Library Entrance,2023-10-23 09:58:00,1,0.87,TRK_1579,1
OBS_101594,STU1771,CAM001,Main Building Entrance,2023-10-23 10:57:00,1,0.98,TRK_2320,1
OBS_101595,STU1772,CAM003,Canteen Entrance,2023-10-23 08:40:00,1,0.92,TRK_2704,1
OBS_101596,STU1772,CAM004,Computer Laboratory Corridor,2023-10-23 08:59:00,1,0.87,TRK_6738,1
OBS_101597,STU1772,CAM004,Computer Laboratory Corridor,2023-10-23 10:09:00,1,0.82,TRK_4731,1
OBS_101598,STU1772,CAM001,Main Building Entrance,2023-10-23 10:26:00,1,0.76,TRK_4214,1
OBS_101599,STU1773,CAM005,Academic Block Corridor,2023-10-23 09:34:00,1,0.87,TRK_7342,1
OBS_101600,STU1773,CAM002,Library Entrance,2023-10-23 10:37:00,1,0.85,TRK_7993,1
OBS_101601,STU1773,CAM002,Library Entrance,2023-10-23 12:02:00,1,0.78,TRK_2933,1
OBS_101602,STU1773,CAM003,Canteen Entrance,2023-10-23 13:04:00,1,0.8,TRK_8152,1
OBS_101603,STU1774,CAM002,Library Entrance,2023-10-23 10:04:00,1,0.77,TRK_1164,1
OBS_101604,STU1775,CAM005,Academic Block Corridor,2023-10-23 10:28:00,1,0.89,TRK_1244,1
OBS_101605,STU1775,CAM001,Main Building Entrance,2023-10-23 11:14:00,1,0.77,TRK_3076,1
OBS_101606,STU1776,CAM003,Canteen Entrance,2023-10-23 08:25:00,1,0.76,TRK_6728,1
OBS_101607,STU1776,CAM003,Canteen Entrance,2023-10-23 09:11:00,1,0.78,TRK_7517,1
OBS_101608,STU1776,CAM001,Main Building Entrance,2023-10-23 10:27:00,1,0.91,TRK_2251,1
OBS_101609,STU1776,CAM005,Academic Block Corridor,2023-10-23 11:14:00,1,0.8,TRK_6848,1
OBS_101610,STU1777,CAM003,Canteen Entrance,2023-10-23 10:16:00,1,0.98,TRK_5795,1
OBS_101611,STU1777,CAM005,Academic Block Corridor,2023-10-23 11:02:00,1,0.96,TRK_6224,1
OBS_101612,STU1780,CAM003,Canteen Entrance,2023-10-23 09:30:00,1,0.97,TRK_8966,1
OBS_101613,STU1781,CAM002,Library Entrance,2023-10-23 08:29:00,1,0.97,TRK_9535,1
OBS_101614,STU1781,CAM003,Canteen Entrance,2023-10-23 09:13:00,1,0.93,TRK_4453,1
OBS_101615,STU1781,CAM003,Canteen Entrance,2023-10-23 09:43:00,1,0.92,TRK_3325,1
OBS_101616,STU1782,CAM004,Computer Laboratory Corridor,2023-10-23 09:32:00,1,0.91,TRK_8434,1
OBS_101617,STU1783,CAM004,Computer Laboratory Corridor,2023-10-23 08:11:00,1,0.95,TRK_5428,1
OBS_101618,STU1784,CAM004,Computer Laboratory Corridor,2023-10-23 09:27:00,1,0.82,TRK_2384,1
OBS_101619,STU1784,CAM003,Canteen Entrance,2023-10-23 09:49:00,1,0.96,TRK_7290,1
OBS_101620,STU1784,CAM001,Main Building Entrance,2023-10-23 11:07:00,1,0.96,TRK_7302,1
OBS_101621,STU1785,CAM002,Library Entrance,2023-10-23 09:24:00,1,0.8,TRK_4021,1
OBS_101622,STU1785,CAM005,Academic Block Corridor,2023-10-23 10:34:00,1,0.76,TRK_5999,1
OBS_101623,STU1785,CAM005,Academic Block Corridor,2023-10-23 10:53:00,1,0.93,TRK_1425,1
OBS_101624,STU1785,CAM003,Canteen Entrance,2023-10-23 11:51:00,1,0.94,TRK_4547,1
OBS_101625,STU1786,CAM005,Academic Block Corridor,2023-10-23 10:05:00,1,0.85,TRK_8004,1
OBS_101626,STU1788,CAM005,Academic Block Corridor,2023-10-23 09:43:00,1,0.84,TRK_5709,1
OBS_101627,STU1789,CAM005,Academic Block Corridor,2023-10-23 09:44:00,1,0.92,TRK_9501,1
OBS_101628,STU1789,CAM002,Library Entrance,2023-10-23 10:32:00,1,0.98,TRK_8656,0
OBS_101629,STU1789,CAM002,Library Entrance,2023-10-23 11:17:00,1,0.97,TRK_5598,1
OBS_101630,STU1789,CAM001,Main Building Entrance,2023-10-23 12:07:00,1,0.99,TRK_9893,1
OBS_101631,STU1790,CAM005,Academic Block Corridor,2023-10-23 08:36:00,1,0.84,TRK_5493,1
OBS_101632,STU1790,CAM003,Canteen Entrance,2023-10-23 09:37:00,1,0.91,TRK_1202,1
OBS_101633,STU1790,CAM003,Canteen Entrance,2023-10-23 10:07:00,1,0.89,TRK_6259,1
OBS_101634,STU1791,CAM004,Computer Laboratory Corridor,2023-10-23 09:37:00,1,0.86,TRK_8207,1
OBS_101635,STU1791,CAM004,Computer Laboratory Corridor,2023-10-23 09:53:00,1,0.76,TRK_6877,1
OBS_101636,STU1791,CAM005,Academic Block Corridor,2023-10-23 11:09:00,1,0.8,TRK_1959,1
OBS_101637,STU1792,CAM005,Academic Block Corridor,2023-10-23 08:37:00,1,0.88,TRK_2049,1
OBS_101638,STU1793,CAM003,Canteen Entrance,2023-10-23 08:30:00,1,0.93,TRK_5524,1
OBS_101639,STU1793,CAM004,Computer Laboratory Corridor,2023-10-23 09:18:00,1,0.78,TRK_3858,1
OBS_101640,STU1793,CAM005,Academic Block Corridor,2023-10-23 09:51:00,1,0.91,TRK_4812,1
OBS_101641,STU1793,CAM001,Main Building Entrance,2023-10-23 10:20:00,1,0.79,TRK_9302,1
OBS_101642,STU1794,CAM003,Canteen Entrance,2023-10-23 10:51:00,1,0.76,TRK_4734,1
OBS_101643,STU1794,CAM003,Canteen Entrance,2023-10-23 11:13:00,1,0.98,TRK_1264,1
OBS_101644,STU1794,CAM005,Academic Block Corridor,2023-10-23 12:13:00,1,0.92,TRK_4845,1
OBS_101645,STU1794,CAM001,Main Building Entrance,2023-10-23 13:12:00,1,0.77,TRK_8271,1
OBS_101646,STU1796,CAM001,Main Building Entrance,2023-10-23 10:37:00,1,0.81,TRK_6337,1
OBS_101647,STU1797,CAM001,Main Building Entrance,2023-10-23 09:09:00,1,0.9,TRK_5638,1
OBS_101648,STU1797,CAM001,Main Building Entrance,2023-10-23 09:42:00,1,0.83,TRK_6902,1
OBS_101649,STU1797,CAM004,Computer Laboratory Corridor,2023-10-23 10:39:00,1,0.97,TRK_7139,1
OBS_101650,STU1798,CAM005,Academic Block Corridor,2023-10-23 09:20:00,1,0.76,TRK_7034,1
OBS_101651,STU1798,CAM003,Canteen Entrance,2023-10-23 09:40:00,1,0.97,TRK_1418,1
OBS_101652,STU1798,CAM005,Academic Block Corridor,2023-10-23 10:08:00,1,0.8,TRK_6129,1
OBS_101653,STU1798,CAM005,Academic Block Corridor,2023-10-23 11:28:00,1,0.94,TRK_6636,1
OBS_101654,STU1799,CAM005,Academic Block Corridor,2023-10-23 10:30:00,1,0.76,TRK_3458,1
OBS_101655,STU1799,CAM001,Main Building Entrance,2023-10-23 11:33:00,1,0.98,TRK_4679,1
OBS_101656,STU1802,CAM001,Main Building Entrance,2023-10-23 09:28:00,1,0.95,TRK_9646,1
OBS_101657,STU1802,CAM005,Academic Block Corridor,2023-10-23 09:49:00,1,0.86,TRK_9592,1
OBS_101658,STU1802,CAM004,Computer Laboratory Corridor,2023-10-23 11:10:00,1,0.83,TRK_4195,1
OBS_101659,STU1802,CAM003,Canteen Entrance,2023-10-23 12:38:00,1,0.97,TRK_6385,1
OBS_101660,STU1803,CAM002,Library Entrance,2023-10-23 10:16:00,1,0.86,TRK_2890,1
OBS_101661,STU1803,CAM004,Computer Laboratory Corridor,2023-10-23 11:01:00,1,0.93,TRK_7716,1
OBS_101662,STU1804,CAM003,Canteen Entrance,2023-10-23 08:59:00,1,0.88,TRK_2252,1
OBS_101663,STU1804,CAM004,Computer Laboratory Corridor,2023-10-23 10:00:00,1,0.9,TRK_8355,1
OBS_101664,STU1804,CAM002,Library Entrance,2023-10-23 11:08:00,1,0.89,TRK_3052,0
OBS_101665,STU1805,CAM005,Academic Block Corridor,2023-10-23 09:58:00,1,0.91,TRK_5264,1
OBS_101666,STU1805,CAM003,Canteen Entrance,2023-10-23 10:49:00,1,0.83,TRK_2335,1
OBS_101667,STU1806,CAM005,Academic Block Corridor,2023-10-23 10:05:00,1,0.99,TRK_9096,1
OBS_101668,STU1806,CAM002,Library Entrance,2023-10-23 10:45:00,1,0.96,TRK_1254,1
OBS_101669,STU1806,CAM001,Main Building Entrance,2023-10-23 11:21:00,1,0.85,TRK_8698,1
OBS_101670,STU1806,CAM002,Library Entrance,2023-10-23 11:48:00,1,0.96,TRK_8068,1
OBS_101671,STU1807,CAM001,Main Building Entrance,2023-10-23 08:36:00,1,0.78,TRK_9672,1
OBS_101672,STU1808,CAM003,Canteen Entrance,2023-10-23 09:41:00,1,0.78,TRK_4955,1
OBS_101673,STU1808,CAM001,Main Building Entrance,2023-10-23 10:33:00,1,0.83,TRK_6515,1
OBS_101674,STU1808,CAM005,Academic Block Corridor,2023-10-23 12:03:00,1,0.9,TRK_1741,1
OBS_101675,STU1808,CAM003,Canteen Entrance,2023-10-23 12:27:00,1,0.98,TRK_7699,1
OBS_101676,STU1809,CAM003,Canteen Entrance,2023-10-23 09:02:00,1,0.93,TRK_3205,1
OBS_101677,STU1809,CAM005,Academic Block Corridor,2023-10-23 09:40:00,1,0.97,TRK_9345,1
OBS_101678,STU1809,CAM002,Library Entrance,2023-10-23 10:05:00,1,0.96,TRK_7060,1
OBS_101679,STU1809,CAM004,Computer Laboratory Corridor,2023-10-23 11:18:00,1,0.83,TRK_3895,1
OBS_101680,STU1810,CAM002,Library Entrance,2023-10-23 09:12:00,1,0.82,TRK_6588,1
OBS_101681,STU1810,CAM005,Academic Block Corridor,2023-10-23 09:33:00,1,0.87,TRK_9604,1
OBS_101682,STU1810,CAM005,Academic Block Corridor,2023-10-23 11:02:00,1,0.95,TRK_7990,1
OBS_101683,STU1811,CAM004,Computer Laboratory Corridor,2023-10-23 09:10:00,1,0.83,TRK_3923,1
OBS_101684,STU1811,CAM001,Main Building Entrance,2023-10-23 09:43:00,1,0.95,TRK_4451,1
OBS_101685,STU1811,CAM005,Academic Block Corridor,2023-10-23 10:53:00,1,0.82,TRK_6150,1
OBS_101686,STU1812,CAM003,Canteen Entrance,2023-10-23 10:16:00,1,0.79,TRK_5716,1
OBS_101687,STU1813,CAM004,Computer Laboratory Corridor,2023-10-23 10:22:00,1,0.8,TRK_3774,1
OBS_101688,STU1813,CAM003,Canteen Entrance,2023-10-23 11:13:00,1,0.99,TRK_2738,1
OBS_101689,STU1813,CAM003,Canteen Entrance,2023-10-23 11:57:00,1,0.78,TRK_4388,1
OBS_101690,STU1814,CAM005,Academic Block Corridor,2023-10-23 08:24:00,1,0.97,TRK_9844,1
OBS_101691,STU1814,CAM002,Library Entrance,2023-10-23 09:47:00,1,0.75,TRK_1422,1
OBS_101692,STU1815,CAM003,Canteen Entrance,2023-10-23 09:00:00,1,0.98,TRK_7987,1
OBS_101693,STU1815,CAM005,Academic Block Corridor,2023-10-23 10:11:00,1,0.78,TRK_8435,1
OBS_101694,STU1815,CAM001,Main Building Entrance,2023-10-23 11:03:00,1,0.92,TRK_2965,1
OBS_101695,STU1816,CAM004,Computer Laboratory Corridor,2023-10-23 09:00:00,1,0.81,TRK_3241,0
OBS_101696,STU1816,CAM001,Main Building Entrance,2023-10-23 09:50:00,1,0.98,TRK_2295,0
OBS_101697,STU1816,CAM001,Main Building Entrance,2023-10-23 10:33:00,1,0.83,TRK_9307,1
OBS_101698,STU1816,CAM003,Canteen Entrance,2023-10-23 11:30:00,1,0.86,TRK_9402,1
OBS_101699,STU1817,CAM001,Main Building Entrance,2023-10-23 10:14:00,1,0.85,TRK_9540,1
OBS_101700,STU1819,CAM005,Academic Block Corridor,2023-10-23 09:31:00,1,0.91,TRK_1583,1
OBS_101701,STU1819,CAM002,Library Entrance,2023-10-23 09:47:00,1,0.78,TRK_7163,1
OBS_101702,STU1819,CAM002,Library Entrance,2023-10-23 10:30:00,1,0.81,TRK_3481,1
OBS_101703,STU1820,CAM004,Computer Laboratory Corridor,2023-10-23 09:34:00,1,0.82,TRK_4253,1
OBS_101704,STU1820,CAM005,Academic Block Corridor,2023-10-23 10:00:00,1,0.96,TRK_4509,1
OBS_101705,STU1820,CAM004,Computer Laboratory Corridor,2023-10-23 10:15:00,1,0.77,TRK_4416,1
OBS_101706,STU1820,CAM001,Main Building Entrance,2023-10-23 10:52:00,1,0.85,TRK_5310,0
OBS_101707,STU1821,CAM002,Library Entrance,2023-10-23 09:33:00,1,0.9,TRK_8933,1
OBS_101708,STU1821,CAM002,Library Entrance,2023-10-23 10:55:00,1,0.96,TRK_4799,1
OBS_101709,STU1821,CAM004,Computer Laboratory Corridor,2023-10-23 11:47:00,1,0.87,TRK_7425,1
OBS_101710,STU1821,CAM005,Academic Block Corridor,2023-10-23 12:47:00,1,0.87,TRK_2581,1
OBS_101711,STU1822,CAM003,Canteen Entrance,2023-10-23 09:04:00,1,0.85,TRK_8326,1
OBS_101712,STU1822,CAM002,Library Entrance,2023-10-23 10:00:00,1,0.91,TRK_2897,1
OBS_101713,STU1823,CAM003,Canteen Entrance,2023-10-23 10:34:00,1,0.91,TRK_6694,1
OBS_101714,STU1823,CAM002,Library Entrance,2023-10-23 11:39:00,1,0.94,TRK_8925,1
OBS_101715,STU1824,CAM002,Library Entrance,2023-10-23 09:37:00,1,0.76,TRK_5389,1
OBS_101716,STU1824,CAM002,Library Entrance,2023-10-23 10:56:00,1,0.96,TRK_7701,1
OBS_101717,STU1824,CAM005,Academic Block Corridor,2023-10-23 11:18:00,1,0.94,TRK_5286,1
OBS_101718,STU1824,CAM004,Computer Laboratory Corridor,2023-10-23 12:13:00,1,0.84,TRK_8240,1
OBS_101719,STU1826,CAM003,Canteen Entrance,2023-10-23 09:58:00,1,0.97,TRK_5396,1
OBS_101720,STU1826,CAM002,Library Entrance,2023-10-23 11:15:00,1,0.83,TRK_1747,1
OBS_101721,STU1826,CAM004,Computer Laboratory Corridor,2023-10-23 12:09:00,1,0.85,TRK_3728,1
OBS_101722,STU1826,CAM002,Library Entrance,2023-10-23 13:32:00,1,0.94,TRK_2807,1
OBS_101723,STU1827,CAM005,Academic Block Corridor,2023-10-23 09:17:00,1,0.88,TRK_1345,1
OBS_101724,STU1827,CAM001,Main Building Entrance,2023-10-23 10:20:00,1,0.94,TRK_6460,1
OBS_101725,STU1827,CAM005,Academic Block Corridor,2023-10-23 11:20:00,1,0.77,TRK_1806,1
OBS_101726,STU1829,CAM005,Academic Block Corridor,2023-10-23 08:59:00,1,0.8,TRK_3572,1
OBS_101727,STU1829,CAM004,Computer Laboratory Corridor,2023-10-23 10:22:00,1,0.96,TRK_4757,1
OBS_101728,STU1830,CAM003,Canteen Entrance,2023-10-23 09:22:00,1,0.83,TRK_4532,1
OBS_101729,STU1830,CAM002,Library Entrance,2023-10-23 10:47:00,1,0.98,TRK_1591,1
OBS_101730,STU1830,CAM005,Academic Block Corridor,2023-10-23 11:04:00,1,0.77,TRK_7519,1
OBS_101731,STU1831,CAM002,Library Entrance,2023-10-23 09:21:00,1,0.82,TRK_1397,1
OBS_101732,STU1831,CAM002,Library Entrance,2023-10-23 10:05:00,1,0.76,TRK_3025,1
OBS_101733,STU1831,CAM004,Computer Laboratory Corridor,2023-10-23 11:08:00,1,0.78,TRK_5423,1
OBS_101734,STU1831,CAM001,Main Building Entrance,2023-10-23 11:33:00,1,0.77,TRK_7805,0
OBS_101735,STU1832,CAM005,Academic Block Corridor,2023-10-23 08:40:00,1,0.9,TRK_3487,1
OBS_101736,STU1833,CAM004,Computer Laboratory Corridor,2023-10-23 10:49:00,1,0.8,TRK_6114,1
OBS_101737,STU1834,CAM005,Academic Block Corridor,2023-10-23 09:37:00,1,0.93,TRK_5950,1
OBS_101738,STU1834,CAM004,Computer Laboratory Corridor,2023-10-23 10:27:00,1,0.8,TRK_5329,1
OBS_101739,STU1834,CAM004,Computer Laboratory Corridor,2023-10-23 11:55:00,1,0.84,TRK_8037,1
OBS_101740,STU1835,CAM004,Computer Laboratory Corridor,2023-10-23 08:40:00,1,0.88,TRK_8919,1
OBS_101741,STU1836,CAM005,Academic Block Corridor,2023-10-23 09:31:00,1,0.81,TRK_1282,1
OBS_101742,STU1836,CAM004,Computer Laboratory Corridor,2023-10-23 10:49:00,1,0.98,TRK_9955,1
OBS_101743,STU1836,CAM004,Computer Laboratory Corridor,2023-10-23 11:17:00,1,0.8,TRK_1407,1
OBS_101744,STU1837,CAM004,Computer Laboratory Corridor,2023-10-23 09:28:00,1,0.84,TRK_2785,1
OBS_101745,STU1837,CAM003,Canteen Entrance,2023-10-23 10:22:00,1,0.78,TRK_2370,1
OBS_101746,STU1837,CAM005,Academic Block Corridor,2023-10-23 10:49:00,1,0.79,TRK_9025,1
OBS_101747,STU1837,CAM002,Library Entrance,2023-10-23 12:19:00,1,0.77,TRK_7605,1
OBS_101748,STU1838,CAM005,Academic Block Corridor,2023-10-23 08:51:00,1,0.93,TRK_1965,1
OBS_101749,STU1838,CAM003,Canteen Entrance,2023-10-23 10:09:00,1,0.85,TRK_6535,1
OBS_101750,STU1838,CAM001,Main Building Entrance,2023-10-23 10:43:00,1,0.83,TRK_7660,1
OBS_101751,STU1838,CAM003,Canteen Entrance,2023-10-23 10:58:00,1,0.92,TRK_9007,1
OBS_101752,STU1839,CAM002,Library Entrance,2023-10-23 09:36:00,1,0.83,TRK_8913,0
OBS_101753,STU1839,CAM005,Academic Block Corridor,2023-10-23 10:56:00,1,0.96,TRK_2334,1
OBS_101754,STU1839,CAM004,Computer Laboratory Corridor,2023-10-23 11:24:00,1,0.92,TRK_7155,1
OBS_101755,STU1839,CAM001,Main Building Entrance,2023-10-23 11:55:00,1,0.79,TRK_2990,1
OBS_101756,STU1840,CAM004,Computer Laboratory Corridor,2023-10-23 08:48:00,1,0.96,TRK_2862,1
OBS_101757,STU1840,CAM004,Computer Laboratory Corridor,2023-10-23 09:07:00,1,0.87,TRK_9594,1
OBS_101758,STU1841,CAM005,Academic Block Corridor,2023-10-23 09:03:00,1,0.85,TRK_1151,1
OBS_101759,STU1841,CAM001,Main Building Entrance,2023-10-23 09:55:00,1,0.85,TRK_5820,1
OBS_101760,STU1841,CAM005,Academic Block Corridor,2023-10-23 10:44:00,1,0.83,TRK_7088,1
OBS_101761,STU1841,CAM002,Library Entrance,2023-10-23 12:11:00,1,0.78,TRK_9572,1
OBS_101762,STU1843,CAM005,Academic Block Corridor,2023-10-23 09:15:00,1,0.9,TRK_8735,1
OBS_101763,STU1843,CAM002,Library Entrance,2023-10-23 10:29:00,1,0.97,TRK_3217,1
OBS_101764,STU1844,CAM004,Computer Laboratory Corridor,2023-10-23 10:13:00,1,0.75,TRK_7820,1
OBS_101765,STU1844,CAM002,Library Entrance,2023-10-23 10:50:00,1,0.86,TRK_1091,1
OBS_101766,STU1845,CAM002,Library Entrance,2023-10-23 09:59:00,1,0.92,TRK_9810,1
OBS_101767,STU1845,CAM003,Canteen Entrance,2023-10-23 11:12:00,1,0.77,TRK_8679,1
OBS_101768,STU1845,CAM001,Main Building Entrance,2023-10-23 11:47:00,1,0.83,TRK_4703,1
OBS_101769,STU1846,CAM002,Library Entrance,2023-10-23 08:19:00,1,0.82,TRK_7982,1
OBS_101770,STU1846,CAM003,Canteen Entrance,2023-10-23 09:48:00,1,0.84,TRK_7607,1
OBS_101771,STU1846,CAM005,Academic Block Corridor,2023-10-23 10:35:00,1,0.88,TRK_4319,1
OBS_101772,STU1848,CAM002,Library Entrance,2023-10-23 09:24:00,1,0.77,TRK_4546,1
OBS_101773,STU1849,CAM003,Canteen Entrance,2023-10-23 09:13:00,1,0.89,TRK_3075,1
OBS_101774,STU1849,CAM005,Academic Block Corridor,2023-10-23 10:34:00,1,0.9,TRK_7274,1
OBS_101775,STU1849,CAM005,Academic Block Corridor,2023-10-23 11:31:00,1,0.94,TRK_5542,1
OBS_101776,STU1850,CAM002,Library Entrance,2023-10-23 10:06:00,1,0.75,TRK_4798,1
OBS_101777,STU1850,CAM001,Main Building Entrance,2023-10-23 10:48:00,1,0.97,TRK_3400,1
OBS_101778,STU1850,CAM002,Library Entrance,2023-10-23 11:21:00,1,0.86,TRK_1004,1
OBS_101779,STU1850,CAM001,Main Building Entrance,2023-10-23 12:17:00,1,0.97,TRK_1855,1
OBS_101780,STU1851,CAM004,Computer Laboratory Corridor,2023-10-23 10:33:00,1,0.85,TRK_8728,1
OBS_101781,STU1851,CAM003,Canteen Entrance,2023-10-23 11:29:00,1,0.87,TRK_2921,1
OBS_101782,STU1852,CAM004,Computer Laboratory Corridor,2023-10-23 10:20:00,1,0.84,TRK_7316,1
OBS_101783,STU1852,CAM003,Canteen Entrance,2023-10-23 11:35:00,1,0.82,TRK_9552,1
OBS_101784,STU1853,CAM001,Main Building Entrance,2023-10-23 10:19:00,1,0.96,TRK_4504,1
OBS_101785,STU1853,CAM003,Canteen Entrance,2023-10-23 10:55:00,1,0.92,TRK_8163,1
OBS_101786,STU1853,CAM004,Computer Laboratory Corridor,2023-10-23 12:21:00,1,0.87,TRK_5104,1
OBS_101787,STU1854,CAM004,Computer Laboratory Corridor,2023-10-23 10:28:00,1,0.91,TRK_3916,1
OBS_101788,STU1855,CAM004,Computer Laboratory Corridor,2023-10-23 09:54:00,1,0.93,TRK_6668,1
OBS_101789,STU1856,CAM005,Academic Block Corridor,2023-10-23 08:49:00,1,0.88,TRK_4129,1
OBS_101790,STU1856,CAM003,Canteen Entrance,2023-10-23 09:52:00,1,0.79,TRK_1174,1
OBS_101791,STU1856,CAM004,Computer Laboratory Corridor,2023-10-23 10:32:00,1,0.84,TRK_4193,1
OBS_101792,STU1856,CAM005,Academic Block Corridor,2023-10-23 10:47:00,1,0.82,TRK_2541,1
OBS_101793,STU1857,CAM005,Academic Block Corridor,2023-10-23 10:13:00,1,0.97,TRK_5473,1
OBS_101794,STU1857,CAM003,Canteen Entrance,2023-10-23 10:32:00,1,0.9,TRK_7525,1
OBS_101795,STU1857,CAM003,Canteen Entrance,2023-10-23 10:52:00,1,0.82,TRK_1937,1
OBS_101796,STU1858,CAM005,Academic Block Corridor,2023-10-23 09:36:00,1,0.9,TRK_9033,1
OBS_101797,STU1859,CAM005,Academic Block Corridor,2023-10-23 10:19:00,1,0.94,TRK_1625,1
OBS_101798,STU1859,CAM001,Main Building Entrance,2023-10-23 11:21:00,1,0.9,TRK_3509,1
OBS_101799,STU1860,CAM001,Main Building Entrance,2023-10-23 09:15:00,1,0.85,TRK_2956,1
OBS_101800,STU1860,CAM004,Computer Laboratory Corridor,2023-10-23 09:37:00,1,0.9,TRK_2021,1
OBS_101801,STU1861,CAM005,Academic Block Corridor,2023-10-23 08:40:00,1,0.82,TRK_4181,1
OBS_101802,STU1861,CAM003,Canteen Entrance,2023-10-23 08:57:00,1,0.95,TRK_6185,1
OBS_101803,STU1861,CAM005,Academic Block Corridor,2023-10-23 09:33:00,1,0.92,TRK_7000,1
OBS_101804,STU1862,CAM004,Computer Laboratory Corridor,2023-10-23 10:03:00,1,0.95,TRK_2007,1
OBS_101805,STU1864,CAM005,Academic Block Corridor,2023-10-23 10:05:00,1,0.79,TRK_5368,1
OBS_101806,STU1865,CAM004,Computer Laboratory Corridor,2023-10-23 09:11:00,1,0.76,TRK_4255,1
OBS_101807,STU1866,CAM001,Main Building Entrance,2023-10-23 09:55:00,1,0.82,TRK_6745,1
OBS_101808,STU1866,CAM003,Canteen Entrance,2023-10-23 10:25:00,1,0.86,TRK_2410,1
OBS_101809,STU1866,CAM004,Computer Laboratory Corridor,2023-10-23 11:52:00,1,0.77,TRK_2483,1
OBS_101810,STU1866,CAM001,Main Building Entrance,2023-10-23 12:30:00,1,0.79,TRK_1329,1
OBS_101811,STU1868,CAM002,Library Entrance,2023-10-23 09:33:00,1,0.9,TRK_8542,1
OBS_101812,STU1868,CAM002,Library Entrance,2023-10-23 09:58:00,1,0.82,TRK_4130,1
OBS_101813,STU1869,CAM001,Main Building Entrance,2023-10-23 09:01:00,1,0.84,TRK_5703,1
OBS_101814,STU1869,CAM003,Canteen Entrance,2023-10-23 09:38:00,1,0.78,TRK_6169,1
OBS_101815,STU1870,CAM002,Library Entrance,2023-10-23 09:13:00,1,0.82,TRK_4264,0
OBS_101816,STU1870,CAM003,Canteen Entrance,2023-10-23 09:50:00,1,0.81,TRK_8202,1
OBS_101817,STU1870,CAM001,Main Building Entrance,2023-10-23 10:38:00,1,0.87,TRK_6957,0
OBS_101818,STU1870,CAM005,Academic Block Corridor,2023-10-23 11:37:00,1,0.86,TRK_3793,0
OBS_101819,STU1871,CAM004,Computer Laboratory Corridor,2023-10-23 10:33:00,1,0.79,TRK_4451,1
OBS_101820,STU1872,CAM003,Canteen Entrance,2023-10-23 10:01:00,1,0.8,TRK_9253,1
OBS_101821,STU1872,CAM003,Canteen Entrance,2023-10-23 11:26:00,1,0.77,TRK_4452,1
OBS_101822,STU1872,CAM002,Library Entrance,2023-10-23 12:14:00,1,0.86,TRK_1515,1
OBS_101823,STU1872,CAM005,Academic Block Corridor,2023-10-23 12:43:00,1,0.91,TRK_4054,1
OBS_101824,STU1873,CAM004,Computer Laboratory Corridor,2023-10-23 09:29:00,1,0.89,TRK_7099,1
OBS_101825,STU1873,CAM004,Computer Laboratory Corridor,2023-10-23 10:56:00,1,0.91,TRK_1554,1
OBS_101826,STU1873,CAM001,Main Building Entrance,2023-10-23 11:52:00,1,0.9,TRK_1129,1
OBS_101827,STU1873,CAM004,Computer Laboratory Corridor,2023-10-23 12:27:00,1,0.86,TRK_6516,1
OBS_101828,STU1874,CAM003,Canteen Entrance,2023-10-23 09:31:00,1,0.82,TRK_8648,1
OBS_101829,STU1875,CAM004,Computer Laboratory Corridor,2023-10-23 08:15:00,1,0.94,TRK_8478,1
OBS_101830,STU1875,CAM005,Academic Block Corridor,2023-10-23 09:45:00,1,0.92,TRK_7542,1
OBS_101831,STU1876,CAM003,Canteen Entrance,2023-10-23 08:44:00,1,0.92,TRK_6535,1
OBS_101832,STU1876,CAM004,Computer Laboratory Corridor,2023-10-23 10:00:00,1,0.82,TRK_4838,1
OBS_101833,STU1876,CAM001,Main Building Entrance,2023-10-23 11:19:00,1,0.85,TRK_5413,1
OBS_101834,STU1876,CAM004,Computer Laboratory Corridor,2023-10-23 12:47:00,1,0.89,TRK_3687,1
OBS_101835,STU1878,CAM005,Academic Block Corridor,2023-10-23 09:16:00,1,0.98,TRK_9586,1
OBS_101836,STU1878,CAM005,Academic Block Corridor,2023-10-23 09:56:00,1,0.93,TRK_3128,1
OBS_101837,STU1879,CAM001,Main Building Entrance,2023-10-23 08:38:00,1,0.82,TRK_3317,1
OBS_101838,STU1879,CAM004,Computer Laboratory Corridor,2023-10-23 09:37:00,1,0.85,TRK_8546,1
OBS_101839,STU1879,CAM002,Library Entrance,2023-10-23 09:52:00,1,0.8,TRK_3819,1
OBS_101840,STU1881,CAM001,Main Building Entrance,2023-10-23 09:23:00,1,0.79,TRK_4331,1
OBS_101841,STU1881,CAM001,Main Building Entrance,2023-10-23 10:33:00,1,0.92,TRK_3525,0
OBS_101842,STU1881,CAM003,Canteen Entrance,2023-10-23 11:59:00,1,0.75,TRK_3610,1
OBS_101843,STU1882,CAM004,Computer Laboratory Corridor,2023-10-23 08:57:00,1,0.88,TRK_7456,1
OBS_101844,STU1882,CAM004,Computer Laboratory Corridor,2023-10-23 09:39:00,1,0.91,TRK_8593,1
OBS_101845,STU1882,CAM001,Main Building Entrance,2023-10-23 10:25:00,1,0.84,TRK_6215,1
OBS_101846,STU1883,CAM003,Canteen Entrance,2023-10-23 10:26:00,1,0.97,TRK_7956,1
OBS_101847,STU1883,CAM005,Academic Block Corridor,2023-10-23 11:31:00,1,0.77,TRK_9000,1
OBS_101848,STU1885,CAM005,Academic Block Corridor,2023-10-23 09:13:00,1,0.79,TRK_4852,1
OBS_101849,STU1886,CAM003,Canteen Entrance,2023-10-23 09:35:00,1,0.87,TRK_1026,0
OBS_101850,STU1886,CAM001,Main Building Entrance,2023-10-23 10:40:00,1,0.9,TRK_3262,1
OBS_101851,STU1886,CAM002,Library Entrance,2023-10-23 11:58:00,1,0.76,TRK_5946,1
OBS_101852,STU1887,CAM003,Canteen Entrance,2023-10-23 09:47:00,1,0.84,TRK_3947,1
OBS_101853,STU1887,CAM002,Library Entrance,2023-10-23 10:56:00,1,0.82,TRK_7337,1
OBS_101854,STU1887,CAM001,Main Building Entrance,2023-10-23 12:12:00,1,0.81,TRK_7909,1
OBS_101855,STU1887,CAM002,Library Entrance,2023-10-23 12:49:00,1,0.85,TRK_9476,1
OBS_101856,STU1888,CAM001,Main Building Entrance,2023-10-23 09:51:00,1,0.83,TRK_2661,1
OBS_101857,STU1889,CAM002,Library Entrance,2023-10-23 08:38:00,1,0.83,TRK_9306,1
OBS_101858,STU1889,CAM004,Computer Laboratory Corridor,2023-10-23 09:42:00,1,0.75,TRK_7581,1
OBS_101859,STU1889,CAM001,Main Building Entrance,2023-10-23 10:51:00,1,0.82,TRK_5237,1
OBS_101860,STU1889,CAM005,Academic Block Corridor,2023-10-23 11:20:00,1,0.94,TRK_8377,1
OBS_101861,STU1891,CAM003,Canteen Entrance,2023-10-23 10:36:00,1,0.95,TRK_6977,1
OBS_101862,STU1891,CAM002,Library Entrance,2023-10-23 11:05:00,1,0.99,TRK_9711,1
OBS_101863,STU1891,CAM001,Main Building Entrance,2023-10-23 12:09:00,1,0.79,TRK_6523,1
OBS_101864,STU1894,CAM005,Academic Block Corridor,2023-10-23 08:53:00,1,0.95,TRK_8454,1
OBS_101865,STU1894,CAM001,Main Building Entrance,2023-10-23 10:03:00,1,0.86,TRK_1652,1
OBS_101866,STU1894,CAM004,Computer Laboratory Corridor,2023-10-23 10:33:00,1,0.86,TRK_1820,1
OBS_101867,STU1895,CAM004,Computer Laboratory Corridor,2023-10-23 09:29:00,1,0.83,TRK_5852,1
OBS_101868,STU1895,CAM005,Academic Block Corridor,2023-10-23 09:47:00,1,0.81,TRK_5804,1
OBS_101869,STU1895,CAM004,Computer Laboratory Corridor,2023-10-23 10:47:00,1,0.75,TRK_6318,1
OBS_101870,STU1896,CAM005,Academic Block Corridor,2023-10-23 08:07:00,1,0.78,TRK_1599,1
OBS_101871,STU1896,CAM004,Computer Laboratory Corridor,2023-10-23 09:30:00,1,0.81,TRK_2377,1
OBS_101872,STU1896,CAM001,Main Building Entrance,2023-10-23 10:53:00,1,0.78,TRK_3369,1
OBS_101873,STU1897,CAM003,Canteen Entrance,2023-10-23 10:30:00,1,0.83,TRK_8504,1
OBS_101874,STU1897,CAM005,Academic Block Corridor,2023-10-23 11:16:00,1,0.89,TRK_1665,1
OBS_101875,STU1897,CAM003,Canteen Entrance,2023-10-23 11:40:00,1,0.84,TRK_3404,1
OBS_101876,STU1897,CAM004,Computer Laboratory Corridor,2023-10-23 12:07:00,1,0.87,TRK_2290,1
OBS_101877,STU1898,CAM004,Computer Laboratory Corridor,2023-10-23 10:02:00,1,0.85,TRK_4013,1
OBS_101878,STU1898,CAM001,Main Building Entrance,2023-10-23 10:49:00,1,0.95,TRK_8101,1
OBS_101879,STU1898,CAM002,Library Entrance,2023-10-23 11:18:00,1,0.89,TRK_5967,1
OBS_101880,STU1899,CAM003,Canteen Entrance,2023-10-23 08:53:00,1,0.89,TRK_4525,1
OBS_101881,STU1899,CAM003,Canteen Entrance,2023-10-23 10:03:00,1,0.93,TRK_4042,1
OBS_101882,STU1900,CAM001,Main Building Entrance,2023-10-23 10:09:00,1,0.9,TRK_3969,1
OBS_101883,STU1900,CAM003,Canteen Entrance,2023-10-23 11:00:00,1,0.75,TRK_4393,1
OBS_101884,STU1900,CAM004,Computer Laboratory Corridor,2023-10-23 11:17:00,1,0.91,TRK_5501,1
OBS_101885,STU1901,CAM005,Academic Block Corridor,2023-10-23 09:24:00,1,0.94,TRK_6212,1
OBS_101886,STU1901,CAM002,Library Entrance,2023-10-23 09:51:00,1,0.8,TRK_6318,1
OBS_101887,STU1901,CAM001,Main Building Entrance,2023-10-23 10:34:00,1,0.9,TRK_8547,1
OBS_101888,STU1902,CAM005,Academic Block Corridor,2023-10-23 08:27:00,1,0.84,TRK_1205,0
OBS_101889,STU1902,CAM003,Canteen Entrance,2023-10-23 09:25:00,1,0.83,TRK_8280,1
OBS_101890,STU1902,CAM004,Computer Laboratory Corridor,2023-10-23 09:59:00,1,0.96,TRK_9175,1
OBS_101891,STU1902,CAM005,Academic Block Corridor,2023-10-23 10:40:00,1,0.92,TRK_7390,1
OBS_101892,STU1903,CAM001,Main Building Entrance,2023-10-23 09:11:00,1,0.91,TRK_2287,1
OBS_101893,STU1903,CAM005,Academic Block Corridor,2023-10-23 10:28:00,1,0.99,TRK_2361,1
OBS_101894,STU1903,CAM005,Academic Block Corridor,2023-10-23 11:09:00,1,0.84,TRK_5781,1
OBS_101895,STU1904,CAM004,Computer Laboratory Corridor,2023-10-23 10:19:00,1,0.76,TRK_3731,1
OBS_101896,STU1904,CAM005,Academic Block Corridor,2023-10-23 11:19:00,1,0.85,TRK_1383,1
OBS_101897,STU1904,CAM005,Academic Block Corridor,2023-10-23 12:10:00,1,0.93,TRK_4845,1
OBS_101898,STU1908,CAM002,Library Entrance,2023-10-23 09:55:00,1,0.84,TRK_3023,1
OBS_101899,STU1908,CAM004,Computer Laboratory Corridor,2023-10-23 10:22:00,1,0.8,TRK_2812,1
OBS_101900,STU1908,CAM003,Canteen Entrance,2023-10-23 11:50:00,1,0.79,TRK_3606,1
OBS_101901,STU1908,CAM005,Academic Block Corridor,2023-10-23 12:56:00,1,0.85,TRK_4567,1
OBS_101902,STU1909,CAM003,Canteen Entrance,2023-10-23 08:36:00,1,0.93,TRK_2730,1
OBS_101903,STU1909,CAM005,Academic Block Corridor,2023-10-23 09:31:00,1,0.88,TRK_7425,1
OBS_101904,STU1909,CAM004,Computer Laboratory Corridor,2023-10-23 10:14:00,1,0.87,TRK_8600,1
OBS_101905,STU1909,CAM004,Computer Laboratory Corridor,2023-10-23 11:05:00,1,0.79,TRK_3910,1
OBS_101906,STU1910,CAM001,Main Building Entrance,2023-10-23 09:42:00,1,0.88,TRK_6473,1
OBS_101907,STU1910,CAM002,Library Entrance,2023-10-23 10:56:00,1,0.91,TRK_2610,1
OBS_101908,STU1910,CAM005,Academic Block Corridor,2023-10-23 12:00:00,1,0.91,TRK_7852,1
OBS_101909,STU1910,CAM002,Library Entrance,2023-10-23 13:07:00,1,0.9,TRK_4673,1
OBS_101910,STU1912,CAM001,Main Building Entrance,2023-10-23 09:40:00,1,0.89,TRK_7697,1
OBS_101911,STU1912,CAM003,Canteen Entrance,2023-10-23 09:57:00,1,0.9,TRK_3727,1
OBS_101912,STU1913,CAM003,Canteen Entrance,2023-10-23 08:57:00,1,0.76,TRK_7378,1
OBS_101913,STU1913,CAM005,Academic Block Corridor,2023-10-23 10:22:00,1,0.96,TRK_3644,1
OBS_101914,STU1913,CAM003,Canteen Entrance,2023-10-23 11:35:00,1,0.92,TRK_4920,1
OBS_101915,STU1913,CAM004,Computer Laboratory Corridor,2023-10-23 12:12:00,1,0.97,TRK_4273,1
OBS_101916,STU1914,CAM003,Canteen Entrance,2023-10-23 08:01:00,1,0.77,TRK_1506,1
OBS_101917,STU1914,CAM005,Academic Block Corridor,2023-10-23 08:42:00,1,0.86,TRK_5014,1
OBS_101918,STU1914,CAM002,Library Entrance,2023-10-23 09:53:00,1,0.94,TRK_8559,1
OBS_101919,STU1915,CAM002,Library Entrance,2023-10-23 09:35:00,1,0.81,TRK_2144,1
OBS_101920,STU1917,CAM004,Computer Laboratory Corridor,2023-10-23 09:22:00,1,0.96,TRK_8703,1
OBS_101921,STU1918,CAM004,Computer Laboratory Corridor,2023-10-23 07:55:00,1,0.98,TRK_9803,1
OBS_101922,STU1918,CAM005,Academic Block Corridor,2023-10-23 08:25:00,1,0.91,TRK_9751,1
OBS_101923,STU1918,CAM004,Computer Laboratory Corridor,2023-10-23 08:43:00,1,0.87,TRK_1979,1
OBS_101924,STU1918,CAM004,Computer Laboratory Corridor,2023-10-23 09:35:00,1,0.95,TRK_1653,1
OBS_101925,STU1920,CAM005,Academic Block Corridor,2023-10-23 10:12:00,1,0.9,TRK_8209,1
OBS_101926,STU1920,CAM001,Main Building Entrance,2023-10-23 11:21:00,1,0.77,TRK_5300,1
OBS_101927,STU1920,CAM001,Main Building Entrance,2023-10-23 12:50:00,1,0.92,TRK_7004,1
OBS_101928,STU1921,CAM002,Library Entrance,2023-10-23 08:30:00,1,0.97,TRK_8906,1
OBS_101929,STU1921,CAM003,Canteen Entrance,2023-10-23 09:11:00,1,0.77,TRK_2213,1
OBS_101930,STU1921,CAM004,Computer Laboratory Corridor,2023-10-23 10:24:00,1,0.93,TRK_5259,1
OBS_101931,STU1921,CAM003,Canteen Entrance,2023-10-23 11:22:00,1,0.92,TRK_6417,1
OBS_101932,STU1922,CAM005,Academic Block Corridor,2023-10-23 09:38:00,1,0.82,TRK_1585,1
OBS_101933,STU1922,CAM002,Library Entrance,2023-10-23 10:10:00,1,0.88,TRK_1425,1
OBS_101934,STU1922,CAM003,Canteen Entrance,2023-10-23 10:53:00,1,0.89,TRK_5771,1
OBS_101935,STU1922,CAM002,Library Entrance,2023-10-23 11:47:00,1,0.89,TRK_5992,1
OBS_101936,STU1923,CAM003,Canteen Entrance,2023-10-23 09:09:00,1,0.79,TRK_3106,1
OBS_101937,STU1923,CAM005,Academic Block Corridor,2023-10-23 09:42:00,1,0.82,TRK_7295,1
OBS_101938,STU1923,CAM002,Library Entrance,2023-10-23 10:29:00,1,0.76,TRK_4467,1
OBS_101939,STU1923,CAM003,Canteen Entrance,2023-10-23 11:58:00,1,0.79,TRK_1197,1
OBS_101940,STU1924,CAM005,Academic Block Corridor,2023-10-23 09:10:00,1,0.93,TRK_9467,0
OBS_101941,STU1924,CAM004,Computer Laboratory Corridor,2023-10-23 10:16:00,1,0.9,TRK_3791,1
OBS_101942,STU1924,CAM002,Library Entrance,2023-10-23 11:15:00,1,0.89,TRK_9209,1
OBS_101943,STU1925,CAM003,Canteen Entrance,2023-10-23 09:04:00,1,0.84,TRK_8950,1
OBS_101944,STU1925,CAM005,Academic Block Corridor,2023-10-23 09:40:00,1,0.87,TRK_8929,1
OBS_101945,STU1925,CAM001,Main Building Entrance,2023-10-23 10:43:00,1,0.91,TRK_2060,1
OBS_101946,STU1926,CAM003,Canteen Entrance,2023-10-23 09:17:00,1,0.8,TRK_3459,1
OBS_101947,STU1926,CAM005,Academic Block Corridor,2023-10-23 10:07:00,1,0.94,TRK_2959,1
OBS_101948,STU1926,CAM003,Canteen Entrance,2023-10-23 10:47:00,1,0.87,TRK_1199,1
OBS_101949,STU1927,CAM003,Canteen Entrance,2023-10-23 08:31:00,1,0.91,TRK_7528,1
OBS_101950,STU1927,CAM003,Canteen Entrance,2023-10-23 08:58:00,1,0.87,TRK_5447,1
OBS_101951,STU1928,CAM004,Computer Laboratory Corridor,2023-10-23 09:37:00,1,0.89,TRK_5062,1
OBS_101952,STU1929,CAM002,Library Entrance,2023-10-23 08:55:00,1,0.92,TRK_5015,1
OBS_101953,STU1929,CAM004,Computer Laboratory Corridor,2023-10-23 09:39:00,1,0.79,TRK_5354,0
OBS_101954,STU1930,CAM002,Library Entrance,2023-10-23 08:54:00,1,0.93,TRK_2043,1
OBS_101955,STU1930,CAM005,Academic Block Corridor,2023-10-23 09:25:00,1,0.82,TRK_4403,1
OBS_101956,STU1930,CAM002,Library Entrance,2023-10-23 10:09:00,1,0.89,TRK_8819,1
OBS_101957,STU1931,CAM005,Academic Block Corridor,2023-10-23 08:52:00,1,0.96,TRK_1836,0
OBS_101958,STU1931,CAM001,Main Building Entrance,2023-10-23 09:47:00,1,0.8,TRK_2907,1
OBS_101959,STU1931,CAM001,Main Building Entrance,2023-10-23 10:58:00,1,0.86,TRK_2636,1
OBS_101960,STU1931,CAM005,Academic Block Corridor,2023-10-23 12:22:00,1,0.8,TRK_8982,1
OBS_101961,STU1932,CAM001,Main Building Entrance,2023-10-23 09:40:00,1,0.89,TRK_2827,1
OBS_101962,STU1932,CAM002,Library Entrance,2023-10-23 10:51:00,1,0.89,TRK_8475,1
OBS_101963,STU1932,CAM003,Canteen Entrance,2023-10-23 11:06:00,1,0.93,TRK_5435,1
OBS_101964,STU1933,CAM003,Canteen Entrance,2023-10-23 08:52:00,1,0.87,TRK_9424,1
OBS_101965,STU1933,CAM003,Canteen Entrance,2023-10-23 09:43:00,1,0.81,TRK_9719,1
OBS_101966,STU1933,CAM003,Canteen Entrance,2023-10-23 10:29:00,1,0.82,TRK_9242,1
OBS_101967,STU1933,CAM004,Computer Laboratory Corridor,2023-10-23 11:23:00,1,0.78,TRK_3984,1
OBS_101968,STU1935,CAM003,Canteen Entrance,2023-10-23 08:06:00,1,0.96,TRK_9348,1
OBS_101969,STU1935,CAM004,Computer Laboratory Corridor,2023-10-23 09:21:00,1,0.79,TRK_2074,1
OBS_101970,STU1935,CAM003,Canteen Entrance,2023-10-23 10:31:00,1,0.77,TRK_8261,1
OBS_101971,STU1935,CAM005,Academic Block Corridor,2023-10-23 11:29:00,1,0.95,TRK_4171,1
OBS_101972,STU1937,CAM002,Library Entrance,2023-10-23 08:16:00,1,0.82,TRK_6003,1
OBS_101973,STU1938,CAM004,Computer Laboratory Corridor,2023-10-23 09:20:00,1,0.77,TRK_5916,1
OBS_101974,STU1938,CAM005,Academic Block Corridor,2023-10-23 10:01:00,1,0.91,TRK_6304,1
OBS_101975,STU1938,CAM002,Library Entrance,2023-10-23 10:36:00,1,0.93,TRK_3814,1
OBS_101976,STU1939,CAM003,Canteen Entrance,2023-10-23 08:32:00,1,0.98,TRK_8762,1
OBS_101977,STU1939,CAM003,Canteen Entrance,2023-10-23 09:40:00,1,0.8,TRK_5306,1
OBS_101978,STU1940,CAM003,Canteen Entrance,2023-10-23 09:38:00,1,0.78,TRK_6467,1
OBS_101979,STU1940,CAM003,Canteen Entrance,2023-10-23 10:38:00,1,0.86,TRK_7968,1
OBS_101980,STU1940,CAM004,Computer Laboratory Corridor,2023-10-23 12:05:00,1,0.93,TRK_1092,1
OBS_101981,STU1940,CAM001,Main Building Entrance,2023-10-23 13:11:00,1,0.98,TRK_6793,1
OBS_101982,STU1942,CAM003,Canteen Entrance,2023-10-23 08:58:00,1,0.75,TRK_4313,1
OBS_101983,STU1942,CAM003,Canteen Entrance,2023-10-23 09:39:00,1,0.82,TRK_7119,1
OBS_101984,STU1943,CAM004,Computer Laboratory Corridor,2023-10-23 09:57:00,1,0.94,TRK_6336,1
OBS_101985,STU1944,CAM005,Academic Block Corridor,2023-10-23 09:00:00,1,0.87,TRK_5488,0
OBS_101986,STU1944,CAM001,Main Building Entrance,2023-10-23 09:28:00,1,0.81,TRK_6332,1
OBS_101987,STU1945,CAM004,Computer Laboratory Corridor,2023-10-23 10:38:00,1,0.98,TRK_1753,1
OBS_101988,STU1945,CAM004,Computer Laboratory Corridor,2023-10-23 11:42:00,1,0.81,TRK_7144,1
OBS_101989,STU1945,CAM001,Main Building Entrance,2023-10-23 12:04:00,1,0.76,TRK_6614,1
OBS_101990,STU1945,CAM005,Academic Block Corridor,2023-10-23 12:54:00,1,0.84,TRK_5656,1
OBS_101991,STU1946,CAM002,Library Entrance,2023-10-23 10:01:00,1,0.96,TRK_2212,1
OBS_101992,STU1947,CAM002,Library Entrance,2023-10-23 10:01:00,1,0.96,TRK_5896,1
OBS_101993,STU1947,CAM002,Library Entrance,2023-10-23 11:29:00,1,0.88,TRK_8180,1
OBS_101994,STU1947,CAM003,Canteen Entrance,2023-10-23 12:15:00,1,0.89,TRK_5271,1
OBS_101995,STU1948,CAM002,Library Entrance,2023-10-23 09:10:00,1,0.94,TRK_2114,1
OBS_101996,STU1948,CAM003,Canteen Entrance,2023-10-23 10:05:00,1,0.97,TRK_8304,1
OBS_101997,STU1948,CAM002,Library Entrance,2023-10-23 10:47:00,1,0.83,TRK_4730,1
OBS_101998,STU1949,CAM003,Canteen Entrance,2023-10-23 08:37:00,1,0.8,TRK_5243,1
OBS_101999,STU1949,CAM005,Academic Block Corridor,2023-10-23 09:24:00,1,0.93,TRK_1379,1
OBS_102000,STU1949,CAM001,Main Building Entrance,2023-10-23 09:56:00,1,0.9,TRK_8001,1
OBS_102001,STU1949,CAM004,Computer Laboratory Corridor,2023-10-23 11:01:00,1,0.94,TRK_9657,1
OBS_102002,STU1950,CAM003,Canteen Entrance,2023-10-23 09:43:00,1,0.75,TRK_8163,1
OBS_102003,STU1951,CAM003,Canteen Entrance,2023-10-23 09:37:00,1,0.94,TRK_9061,1
OBS_102004,STU1952,CAM003,Canteen Entrance,2023-10-23 10:08:00,1,0.9,TRK_2237,1
OBS_102005,STU1952,CAM001,Main Building Entrance,2023-10-23 11:35:00,1,0.98,TRK_2840,1
OBS_102006,STU1952,CAM002,Library Entrance,2023-10-23 12:58:00,1,0.94,TRK_2437,1
OBS_102007,STU1953,CAM001,Main Building Entrance,2023-10-23 09:09:00,1,0.93,TRK_8060,1
OBS_102008,STU1953,CAM004,Computer Laboratory Corridor,2023-10-23 09:59:00,1,0.86,TRK_3493,1
OBS_102009,STU1953,CAM001,Main Building Entrance,2023-10-23 10:56:00,1,0.79,TRK_6567,1
OBS_102010,STU1953,CAM005,Academic Block Corridor,2023-10-23 12:09:00,1,0.94,TRK_8084,1
OBS_102011,STU1954,CAM005,Academic Block Corridor,2023-10-23 09:02:00,1,0.82,TRK_7388,1
OBS_102012,STU1956,CAM002,Library Entrance,2023-10-23 08:24:00,1,0.83,TRK_3465,1
OBS_102013,STU1957,CAM005,Academic Block Corridor,2023-10-23 09:37:00,1,0.91,TRK_6351,1
OBS_102014,STU1957,CAM004,Computer Laboratory Corridor,2023-10-23 11:00:00,1,0.91,TRK_4282,1
OBS_102015,STU1957,CAM003,Canteen Entrance,2023-10-23 12:28:00,1,0.96,TRK_3500,1
OBS_102016,STU1958,CAM002,Library Entrance,2023-10-23 09:27:00,1,0.82,TRK_2653,1
OBS_102017,STU1958,CAM005,Academic Block Corridor,2023-10-23 09:45:00,1,0.89,TRK_1646,1
OBS_102018,STU1959,CAM003,Canteen Entrance,2023-10-23 10:13:00,1,0.98,TRK_6365,1
OBS_102019,STU1959,CAM002,Library Entrance,2023-10-23 11:08:00,1,0.91,TRK_4304,1
OBS_102020,STU1960,CAM004,Computer Laboratory Corridor,2023-10-23 08:58:00,1,0.99,TRK_4817,1
OBS_102021,STU1960,CAM003,Canteen Entrance,2023-10-23 09:40:00,1,0.76,TRK_8203,1
OBS_102022,STU1960,CAM004,Computer Laboratory Corridor,2023-10-23 10:10:00,1,0.76,TRK_4417,1
OBS_102023,STU1961,CAM004,Computer Laboratory Corridor,2023-10-23 08:56:00,1,0.86,TRK_4254,1
OBS_102024,STU1961,CAM004,Computer Laboratory Corridor,2023-10-23 09:37:00,1,0.89,TRK_3042,1
OBS_102025,STU1961,CAM002,Library Entrance,2023-10-23 10:03:00,1,0.87,TRK_9462,1
OBS_102026,STU1961,CAM002,Library Entrance,2023-10-23 10:33:00,1,0.93,TRK_2971,1
OBS_102027,STU1962,CAM003,Canteen Entrance,2023-10-23 09:06:00,1,0.85,TRK_4446,1
OBS_102028,STU1962,CAM005,Academic Block Corridor,2023-10-23 09:32:00,1,0.84,TRK_5182,1
OBS_102029,STU1962,CAM001,Main Building Entrance,2023-10-23 10:52:00,1,0.98,TRK_1264,1
OBS_102030,STU1962,CAM004,Computer Laboratory Corridor,2023-10-23 11:07:00,1,0.94,TRK_7558,1
OBS_102031,STU1963,CAM003,Canteen Entrance,2023-10-23 10:10:00,1,0.98,TRK_2069,0
OBS_102032,STU1964,CAM002,Library Entrance,2023-10-23 09:26:00,1,0.99,TRK_2383,1
OBS_102033,STU1964,CAM004,Computer Laboratory Corridor,2023-10-23 10:30:00,1,0.75,TRK_5500,1
OBS_102034,STU1964,CAM001,Main Building Entrance,2023-10-23 11:26:00,1,0.78,TRK_5079,1
OBS_102035,STU1964,CAM005,Academic Block Corridor,2023-10-23 12:03:00,1,0.75,TRK_9497,1
OBS_102036,STU1966,CAM004,Computer Laboratory Corridor,2023-10-23 09:19:00,1,0.93,TRK_2002,1
OBS_102037,STU1966,CAM003,Canteen Entrance,2023-10-23 10:00:00,1,0.84,TRK_7797,1
OBS_102038,STU1967,CAM002,Library Entrance,2023-10-23 10:17:00,1,0.79,TRK_9496,0
OBS_102039,STU1967,CAM002,Library Entrance,2023-10-23 10:51:00,1,0.84,TRK_2792,1
OBS_102040,STU1968,CAM004,Computer Laboratory Corridor,2023-10-23 09:34:00,1,0.8,TRK_7613,1
OBS_102041,STU1968,CAM003,Canteen Entrance,2023-10-23 10:36:00,1,0.9,TRK_1466,1
OBS_102042,STU1969,CAM001,Main Building Entrance,2023-10-23 09:12:00,1,0.96,TRK_1560,1
OBS_102043,STU1970,CAM001,Main Building Entrance,2023-10-23 09:14:00,1,0.88,TRK_9604,1
OBS_102044,STU1970,CAM002,Library Entrance,2023-10-23 09:50:00,1,0.77,TRK_6712,1
OBS_102045,STU1971,CAM004,Computer Laboratory Corridor,2023-10-23 08:01:00,1,0.99,TRK_2841,1
OBS_102046,STU1971,CAM004,Computer Laboratory Corridor,2023-10-23 09:16:00,1,0.99,TRK_9793,1
OBS_102047,STU1972,CAM005,Academic Block Corridor,2023-10-23 09:58:00,1,0.94,TRK_1011,1
OBS_102048,STU1972,CAM004,Computer Laboratory Corridor,2023-10-23 10:52:00,1,0.86,TRK_5208,1
OBS_102049,STU1972,CAM003,Canteen Entrance,2023-10-23 11:23:00,1,0.91,TRK_6989,1
OBS_102050,STU1972,CAM004,Computer Laboratory Corridor,2023-10-23 11:50:00,1,0.87,TRK_4215,1
OBS_102051,STU1973,CAM005,Academic Block Corridor,2023-10-23 09:41:00,1,0.78,TRK_3336,1
OBS_102052,STU1973,CAM001,Main Building Entrance,2023-10-23 10:24:00,1,0.93,TRK_7616,1
OBS_102053,STU1974,CAM002,Library Entrance,2023-10-23 08:40:00,1,0.8,TRK_4024,0
OBS_102054,STU1974,CAM003,Canteen Entrance,2023-10-23 09:33:00,1,0.92,TRK_8571,1
OBS_102055,STU1974,CAM005,Academic Block Corridor,2023-10-23 11:03:00,1,0.87,TRK_5370,1
OBS_102056,STU1975,CAM004,Computer Laboratory Corridor,2023-10-23 08:26:00,1,0.84,TRK_3379,1
OBS_102057,STU1975,CAM001,Main Building Entrance,2023-10-23 09:55:00,1,0.93,TRK_7308,1
OBS_102058,STU1976,CAM002,Library Entrance,2023-10-23 09:35:00,1,0.75,TRK_1558,1
OBS_102059,STU1977,CAM004,Computer Laboratory Corridor,2023-10-23 10:01:00,1,0.83,TRK_8877,1
OBS_102060,STU1977,CAM003,Canteen Entrance,2023-10-23 11:17:00,1,0.8,TRK_7646,1
OBS_102061,STU1978,CAM004,Computer Laboratory Corridor,2023-10-23 09:58:00,1,0.9,TRK_9943,1
OBS_102062,STU1978,CAM001,Main Building Entrance,2023-10-23 11:09:00,1,0.93,TRK_9429,1
OBS_102063,STU1978,CAM003,Canteen Entrance,2023-10-23 12:07:00,1,0.99,TRK_4052,1
OBS_102064,STU1978,CAM003,Canteen Entrance,2023-10-23 12:54:00,1,0.94,TRK_8984,1
OBS_102065,STU1980,CAM003,Canteen Entrance,2023-10-23 08:16:00,1,0.93,TRK_5306,1
OBS_102066,STU1980,CAM003,Canteen Entrance,2023-10-23 08:39:00,1,0.85,TRK_1416,1
OBS_102067,STU1980,CAM002,Library Entrance,2023-10-23 10:03:00,1,0.77,TRK_8494,1
OBS_102068,STU1980,CAM001,Main Building Entrance,2023-10-23 10:32:00,1,0.88,TRK_5844,1
OBS_102069,STU1981,CAM003,Canteen Entrance,2023-10-23 10:08:00,1,0.86,TRK_2359,1
OBS_102070,STU1981,CAM002,Library Entrance,2023-10-23 11:27:00,1,0.85,TRK_9370,1
OBS_102071,STU1982,CAM002,Library Entrance,2023-10-23 09:35:00,1,0.94,TRK_4255,1
OBS_102072,STU1982,CAM005,Academic Block Corridor,2023-10-23 10:35:00,1,0.89,TRK_3486,1
OBS_102073,STU1983,CAM003,Canteen Entrance,2023-10-23 10:48:00,1,0.88,TRK_9697,1
OBS_102074,STU1984,CAM002,Library Entrance,2023-10-23 09:54:00,1,0.77,TRK_3713,1
OBS_102075,STU1984,CAM002,Library Entrance,2023-10-23 10:37:00,1,0.88,TRK_7947,1
OBS_102076,STU1985,CAM001,Main Building Entrance,2023-10-23 09:18:00,1,0.98,TRK_7567,1
OBS_102077,STU1985,CAM004,Computer Laboratory Corridor,2023-10-23 10:10:00,1,0.97,TRK_7901,1
OBS_102078,STU1986,CAM003,Canteen Entrance,2023-10-23 09:17:00,1,0.78,TRK_5915,1
OBS_102079,STU1986,CAM001,Main Building Entrance,2023-10-23 09:32:00,1,0.81,TRK_6105,1
OBS_102080,STU1986,CAM005,Academic Block Corridor,2023-10-23 10:13:00,1,0.89,TRK_2094,1
OBS_102081,STU1986,CAM004,Computer Laboratory Corridor,2023-10-23 10:35:00,1,0.78,TRK_8879,1
OBS_102082,STU1988,CAM004,Computer Laboratory Corridor,2023-10-23 08:22:00,1,0.94,TRK_7865,1
OBS_102083,STU1988,CAM005,Academic Block Corridor,2023-10-23 09:27:00,1,0.8,TRK_6741,1
OBS_102084,STU1989,CAM003,Canteen Entrance,2023-10-23 09:57:00,1,0.78,TRK_7577,1
OBS_102085,STU1990,CAM002,Library Entrance,2023-10-23 10:50:00,1,0.8,TRK_3333,1
OBS_102086,STU1991,CAM001,Main Building Entrance,2023-10-23 10:15:00,1,0.9,TRK_9529,1
OBS_102087,STU1991,CAM005,Academic Block Corridor,2023-10-23 11:09:00,1,0.77,TRK_8718,1
OBS_102088,STU1991,CAM004,Computer Laboratory Corridor,2023-10-23 11:53:00,1,0.82,TRK_3045,1
OBS_102089,STU1992,CAM001,Main Building Entrance,2023-10-23 08:50:00,1,0.96,TRK_6593,1
OBS_102090,STU1992,CAM001,Main Building Entrance,2023-10-23 09:39:00,1,0.84,TRK_5185,1
OBS_102091,STU1992,CAM004,Computer Laboratory Corridor,2023-10-23 10:08:00,1,0.85,TRK_3759,1
OBS_102092,STU1992,CAM003,Canteen Entrance,2023-10-23 11:25:00,1,0.8,TRK_2688,1
OBS_102093,STU1993,CAM002,Library Entrance,2023-10-23 09:25:00,1,0.96,TRK_9102,1
OBS_102094,STU1994,CAM001,Main Building Entrance,2023-10-23 08:50:00,1,0.9,TRK_5590,1
OBS_102095,STU1994,CAM003,Canteen Entrance,2023-10-23 09:40:00,1,0.9,TRK_6387,1
OBS_102096,STU1994,CAM003,Canteen Entrance,2023-10-23 10:48:00,1,0.99,TRK_2361,0
OBS_102097,STU1994,CAM001,Main Building Entrance,2023-10-23 11:04:00,1,0.92,TRK_8955,1
OBS_102098,STU1996,CAM004,Computer Laboratory Corridor,2023-10-23 09:00:00,1,0.8,TRK_8106,1
OBS_102099,STU1996,CAM001,Main Building Entrance,2023-10-23 09:49:00,1,0.99,TRK_8993,1
OBS_102100,STU1997,CAM004,Computer Laboratory Corridor,2023-10-23 10:15:00,1,0.76,TRK_2766,1
OBS_102101,STU1997,CAM001,Main Building Entrance,2023-10-23 11:45:00,1,0.89,TRK_2924,1
OBS_102102,STU1997,CAM003,Canteen Entrance,2023-10-23 12:30:00,1,0.89,TRK_7911,1
OBS_102103,STU1997,CAM001,Main Building Entrance,2023-10-23 13:35:00,1,0.83,TRK_8212,1
OBS_102104,STU1998,CAM005,Academic Block Corridor,2023-10-23 09:40:00,1,0.76,TRK_7532,1
OBS_102105,STU1998,CAM001,Main Building Entrance,2023-10-23 10:50:00,1,0.8,TRK_3961,1
OBS_102106,STU1998,CAM003,Canteen Entrance,2023-10-23 11:08:00,1,0.77,TRK_7752,1
OBS_102107,STU1998,CAM004,Computer Laboratory Corridor,2023-10-23 11:26:00,1,0.95,TRK_5153,0
OBS_102108,STU1999,CAM003,Canteen Entrance,2023-10-23 10:23:00,1,0.98,TRK_5074,1
OBS_102109,STU1999,CAM004,Computer Laboratory Corridor,2023-10-23 11:13:00,1,0.94,TRK_6316,0
OBS_102110,STU1999,CAM003,Canteen Entrance,2023-10-23 12:26:00,1,0.93,TRK_3631,1
OBS_102111,STU2000,CAM005,Academic Block Corridor,2023-10-23 10:15:00,1,0.91,TRK_7575,1
OBS_102112,STU2000,CAM002,Library Entrance,2023-10-23 11:14:00,1,0.95,TRK_2456,1
OBS_102113,STU2001,CAM005,Academic Block Corridor,2023-10-23 10:22:00,1,0.88,TRK_4728,1
OBS_102114,STU2001,CAM003,Canteen Entrance,2023-10-23 11:17:00,1,0.77,TRK_2481,1
OBS_102115,STU2001,CAM003,Canteen Entrance,2023-10-23 12:23:00,1,0.9,TRK_4050,1
OBS_102116,STU2002,CAM003,Canteen Entrance,2023-10-23 08:57:00,1,0.96,TRK_8953,1
OBS_102117,STU2002,CAM003,Canteen Entrance,2023-10-23 09:56:00,1,0.94,TRK_6922,1
OBS_102118,STU2002,CAM002,Library Entrance,2023-10-23 10:31:00,1,0.83,TRK_2826,1
OBS_102119,STU2002,CAM005,Academic Block Corridor,2023-10-23 11:10:00,1,0.82,TRK_9292,1
OBS_102120,STU2003,CAM005,Academic Block Corridor,2023-10-23 09:19:00,1,0.79,TRK_2244,1
OBS_102121,STU2003,CAM001,Main Building Entrance,2023-10-23 09:59:00,1,0.77,TRK_7629,1
OBS_102122,STU2003,CAM002,Library Entrance,2023-10-23 10:47:00,1,0.92,TRK_9729,1
OBS_102123,STU2004,CAM002,Library Entrance,2023-10-23 09:26:00,1,0.97,TRK_2697,1
OBS_102124,STU2004,CAM005,Academic Block Corridor,2023-10-23 10:18:00,1,0.89,TRK_2346,1
OBS_102125,STU2004,CAM002,Library Entrance,2023-10-23 11:14:00,1,0.86,TRK_1668,1
OBS_102126,STU2005,CAM002,Library Entrance,2023-10-23 09:53:00,1,0.91,TRK_5485,1
OBS_102127,STU2005,CAM004,Computer Laboratory Corridor,2023-10-23 10:11:00,1,0.8,TRK_4587,1
OBS_102128,STU2006,CAM004,Computer Laboratory Corridor,2023-10-23 09:59:00,1,0.91,TRK_4538,1
OBS_102129,STU2006,CAM001,Main Building Entrance,2023-10-23 10:32:00,1,0.82,TRK_1340,1
OBS_102130,STU2007,CAM004,Computer Laboratory Corridor,2023-10-23 10:09:00,1,0.88,TRK_4149,1
OBS_102131,STU2007,CAM002,Library Entrance,2023-10-23 11:16:00,1,0.95,TRK_7547,1
OBS_102132,STU2007,CAM004,Computer Laboratory Corridor,2023-10-23 12:44:00,1,0.93,TRK_6963,1
OBS_102133,STU2007,CAM004,Computer Laboratory Corridor,2023-10-23 13:32:00,1,0.84,TRK_4845,1
OBS_102134,STU2008,CAM003,Canteen Entrance,2023-10-23 10:36:00,1,0.77,TRK_3203,1
OBS_102135,STU2008,CAM002,Library Entrance,2023-10-23 11:32:00,1,0.94,TRK_3109,0
OBS_102136,STU2008,CAM005,Academic Block Corridor,2023-10-23 11:59:00,1,0.92,TRK_9771,1
OBS_102137,STU2009,CAM005,Academic Block Corridor,2023-10-23 09:21:00,1,0.8,TRK_6707,1
OBS_102138,STU2009,CAM002,Library Entrance,2023-10-23 10:46:00,1,0.86,TRK_1871,1
OBS_102139,STU2009,CAM005,Academic Block Corridor,2023-10-23 11:59:00,1,0.86,TRK_8146,1
OBS_102140,STU2010,CAM001,Main Building Entrance,2023-10-23 08:20:00,1,0.88,TRK_1942,1
OBS_102141,STU2011,CAM002,Library Entrance,2023-10-23 10:15:00,1,0.77,TRK_6806,1
OBS_102142,STU2011,CAM003,Canteen Entrance,2023-10-23 10:38:00,1,0.89,TRK_1451,1
OBS_102143,STU2011,CAM004,Computer Laboratory Corridor,2023-10-23 11:55:00,1,0.92,TRK_3184,1
OBS_102144,STU2014,CAM004,Computer Laboratory Corridor,2023-10-23 08:25:00,1,0.82,TRK_5991,1
OBS_102145,STU2014,CAM002,Library Entrance,2023-10-23 09:22:00,1,0.89,TRK_9322,1
OBS_102146,STU2014,CAM002,Library Entrance,2023-10-23 10:29:00,1,0.93,TRK_6152,1
OBS_102147,STU2014,CAM005,Academic Block Corridor,2023-10-23 10:44:00,1,0.76,TRK_6871,1
OBS_102148,STU2015,CAM005,Academic Block Corridor,2023-10-23 09:50:00,1,0.77,TRK_7778,1
OBS_102149,STU2016,CAM002,Library Entrance,2023-10-23 09:51:00,1,0.99,TRK_3938,1
OBS_102150,STU2016,CAM001,Main Building Entrance,2023-10-23 10:29:00,1,0.91,TRK_9109,1
OBS_102151,STU2017,CAM001,Main Building Entrance,2023-10-23 08:50:00,1,0.77,TRK_7611,1
OBS_102152,STU2018,CAM004,Computer Laboratory Corridor,2023-10-23 10:16:00,1,0.92,TRK_3269,1
OBS_102153,STU2018,CAM002,Library Entrance,2023-10-23 11:14:00,1,0.77,TRK_6818,1
OBS_102154,STU2018,CAM004,Computer Laboratory Corridor,2023-10-23 11:51:00,1,0.96,TRK_9186,1
OBS_102155,STU2018,CAM002,Library Entrance,2023-10-23 12:17:00,1,0.81,TRK_4286,1
OBS_102156,STU2019,CAM001,Main Building Entrance,2023-10-23 09:47:00,1,0.83,TRK_2540,1
OBS_102157,STU2019,CAM003,Canteen Entrance,2023-10-23 11:09:00,1,0.75,TRK_1997,1
OBS_102158,STU2020,CAM001,Main Building Entrance,2023-10-23 10:22:00,1,0.79,TRK_9669,1
OBS_102159,STU2021,CAM003,Canteen Entrance,2023-10-23 08:46:00,1,0.84,TRK_1453,1
OBS_102160,STU2022,CAM002,Library Entrance,2023-10-23 08:07:00,1,0.8,TRK_9162,1
OBS_102161,STU2022,CAM005,Academic Block Corridor,2023-10-23 08:45:00,1,0.8,TRK_6656,1
OBS_102162,STU2022,CAM002,Library Entrance,2023-10-23 09:12:00,1,0.89,TRK_3898,1
OBS_102163,STU2023,CAM005,Academic Block Corridor,2023-10-23 09:03:00,1,0.79,TRK_8292,1
OBS_102164,STU2023,CAM005,Academic Block Corridor,2023-10-23 09:21:00,1,0.76,TRK_9807,1
OBS_102165,STU2023,CAM003,Canteen Entrance,2023-10-23 09:51:00,1,0.97,TRK_2765,1
OBS_102166,STU2023,CAM002,Library Entrance,2023-10-23 10:50:00,1,0.89,TRK_3742,1
OBS_102167,STU2024,CAM002,Library Entrance,2023-10-23 08:56:00,1,0.89,TRK_6527,1
OBS_102168,STU2026,CAM004,Computer Laboratory Corridor,2023-10-23 08:56:00,1,0.94,TRK_2906,0
OBS_102169,STU2026,CAM001,Main Building Entrance,2023-10-23 10:21:00,1,0.83,TRK_6991,1
OBS_102170,STU2026,CAM002,Library Entrance,2023-10-23 10:54:00,1,0.98,TRK_9040,1
OBS_102171,STU2026,CAM004,Computer Laboratory Corridor,2023-10-23 11:33:00,1,0.76,TRK_1960,1
OBS_102172,STU2027,CAM001,Main Building Entrance,2023-10-23 10:25:00,1,0.95,TRK_2490,1
OBS_102173,STU2027,CAM005,Academic Block Corridor,2023-10-23 11:21:00,1,0.89,TRK_9715,1
OBS_102174,STU2027,CAM004,Computer Laboratory Corridor,2023-10-23 12:42:00,1,0.93,TRK_4292,1
OBS_102175,STU2027,CAM003,Canteen Entrance,2023-10-23 13:33:00,1,0.78,TRK_4244,1
OBS_102176,STU2028,CAM004,Computer Laboratory Corridor,2023-10-23 09:45:00,1,0.85,TRK_2349,1
OBS_102177,STU2028,CAM001,Main Building Entrance,2023-10-23 11:02:00,1,0.87,TRK_6267,1
OBS_102178,STU2028,CAM004,Computer Laboratory Corridor,2023-10-23 12:28:00,1,0.9,TRK_6011,1
OBS_102179,STU2029,CAM001,Main Building Entrance,2023-10-23 09:16:00,1,0.88,TRK_1682,1
OBS_102180,STU2029,CAM001,Main Building Entrance,2023-10-23 09:55:00,1,0.82,TRK_9893,1
OBS_102181,STU2029,CAM003,Canteen Entrance,2023-10-23 10:32:00,1,0.93,TRK_9753,1
OBS_102182,STU2029,CAM001,Main Building Entrance,2023-10-23 10:50:00,1,0.98,TRK_7306,1
OBS_102183,STU2030,CAM005,Academic Block Corridor,2023-10-23 09:31:00,1,0.76,TRK_8107,1
OBS_102184,STU2030,CAM005,Academic Block Corridor,2023-10-23 10:51:00,1,0.95,TRK_9335,1
OBS_102185,STU2031,CAM002,Library Entrance,2023-10-23 09:14:00,1,0.77,TRK_4042,1
OBS_102186,STU2031,CAM003,Canteen Entrance,2023-10-23 09:57:00,1,0.77,TRK_4335,0
OBS_102187,STU2031,CAM002,Library Entrance,2023-10-23 11:15:00,1,0.89,TRK_1255,1
OBS_102188,STU2032,CAM002,Library Entrance,2023-10-23 08:52:00,1,0.97,TRK_2905,1
OBS_102189,STU2033,CAM002,Library Entrance,2023-10-23 07:46:00,1,0.91,TRK_6419,1
OBS_102190,STU2033,CAM004,Computer Laboratory Corridor,2023-10-23 08:23:00,1,0.95,TRK_7091,1
OBS_102191,STU2033,CAM001,Main Building Entrance,2023-10-23 09:29:00,1,0.79,TRK_5033,1
OBS_102192,STU2035,CAM005,Academic Block Corridor,2023-10-23 09:43:00,1,0.92,TRK_6074,1
OBS_102193,STU2035,CAM003,Canteen Entrance,2023-10-23 10:24:00,1,0.85,TRK_1167,1
OBS_102194,STU2035,CAM004,Computer Laboratory Corridor,2023-10-23 11:32:00,1,0.84,TRK_4104,1
OBS_102195,STU2036,CAM005,Academic Block Corridor,2023-10-23 10:06:00,1,0.75,TRK_7479,1
OBS_102196,STU2036,CAM004,Computer Laboratory Corridor,2023-10-23 10:26:00,1,0.78,TRK_4653,1
OBS_102197,STU2036,CAM001,Main Building Entrance,2023-10-23 10:50:00,1,0.78,TRK_9004,1
OBS_102198,STU2036,CAM002,Library Entrance,2023-10-23 11:13:00,1,0.88,TRK_3742,1
OBS_102199,STU2039,CAM003,Canteen Entrance,2023-10-23 10:26:00,1,0.88,TRK_5664,1
OBS_102200,STU2039,CAM003,Canteen Entrance,2023-10-23 11:53:00,1,0.78,TRK_2956,1
OBS_102201,STU2039,CAM002,Library Entrance,2023-10-23 12:58:00,1,0.98,TRK_9158,1
OBS_102202,STU2040,CAM005,Academic Block Corridor,2023-10-23 08:10:00,1,0.99,TRK_8683,1
OBS_102203,STU2040,CAM001,Main Building Entrance,2023-10-23 09:26:00,1,0.78,TRK_1623,0
OBS_102204,STU2041,CAM001,Main Building Entrance,2023-10-23 08:49:00,1,0.93,TRK_2104,1
OBS_102205,STU2041,CAM004,Computer Laboratory Corridor,2023-10-23 09:34:00,1,0.9,TRK_8177,1
OBS_102206,STU2041,CAM004,Computer Laboratory Corridor,2023-10-23 10:07:00,1,0.89,TRK_1672,1
OBS_102207,STU2041,CAM002,Library Entrance,2023-10-23 11:26:00,1,0.93,TRK_6208,1
OBS_102208,STU2042,CAM001,Main Building Entrance,2023-10-23 09:39:00,1,0.98,TRK_6592,1
OBS_102209,STU2043,CAM003,Canteen Entrance,2023-10-23 08:13:00,1,0.86,TRK_1924,1
OBS_102210,STU2043,CAM004,Computer Laboratory Corridor,2023-10-23 09:18:00,1,0.79,TRK_5780,1
OBS_102211,STU2043,CAM001,Main Building Entrance,2023-10-23 10:37:00,1,0.8,TRK_4184,1
OBS_102212,STU2044,CAM001,Main Building Entrance,2023-10-23 09:51:00,1,0.96,TRK_2136,1
OBS_102213,STU2044,CAM005,Academic Block Corridor,2023-10-23 10:37:00,1,0.88,TRK_3639,1
OBS_102214,STU2044,CAM005,Academic Block Corridor,2023-10-23 11:10:00,1,0.98,TRK_1929,1
OBS_102215,STU2045,CAM004,Computer Laboratory Corridor,2023-10-23 08:44:00,1,0.87,TRK_1286,1
OBS_102216,STU2046,CAM003,Canteen Entrance,2023-10-23 08:36:00,1,0.76,TRK_2700,1
OBS_102217,STU2046,CAM001,Main Building Entrance,2023-10-23 09:20:00,1,0.84,TRK_1957,1
OBS_102218,STU2047,CAM001,Main Building Entrance,2023-10-23 09:53:00,1,0.96,TRK_1576,1
OBS_102219,STU2047,CAM005,Academic Block Corridor,2023-10-23 11:20:00,1,0.77,TRK_8805,1
OBS_102220,STU2047,CAM004,Computer Laboratory Corridor,2023-10-23 12:48:00,1,0.82,TRK_7336,0
OBS_102221,STU2047,CAM002,Library Entrance,2023-10-23 14:00:00,1,0.91,TRK_5096,1
OBS_102222,STU2048,CAM004,Computer Laboratory Corridor,2023-10-23 08:54:00,1,0.97,TRK_3509,1
OBS_102223,STU2048,CAM005,Academic Block Corridor,2023-10-23 10:07:00,1,0.96,TRK_4667,1
OBS_102224,STU2048,CAM003,Canteen Entrance,2023-10-23 10:40:00,1,0.9,TRK_3856,1
OBS_102225,STU2049,CAM002,Library Entrance,2023-10-23 09:14:00,1,0.84,TRK_1343,1
OBS_102226,STU2049,CAM003,Canteen Entrance,2023-10-23 10:24:00,1,0.78,TRK_8535,1
OBS_102227,STU2049,CAM005,Academic Block Corridor,2023-10-23 11:31:00,1,0.95,TRK_7590,0
OBS_102228,STU2049,CAM003,Canteen Entrance,2023-10-23 12:02:00,1,0.8,TRK_7648,1
OBS_102229,STU2050,CAM004,Computer Laboratory Corridor,2023-10-23 08:53:00,1,0.93,TRK_8272,1
OBS_102230,STU2050,CAM004,Computer Laboratory Corridor,2023-10-23 09:57:00,1,0.84,TRK_6341,1
OBS_102231,STU2050,CAM002,Library Entrance,2023-10-23 11:03:00,1,0.92,TRK_4373,1
OBS_102232,STU2050,CAM002,Library Entrance,2023-10-23 11:49:00,1,0.92,TRK_4188,1
OBS_102233,STU2051,CAM005,Academic Block Corridor,2023-10-23 10:19:00,1,0.96,TRK_7688,1
OBS_102234,STU2051,CAM003,Canteen Entrance,2023-10-23 11:21:00,1,0.8,TRK_3315,1
OBS_102235,STU2051,CAM001,Main Building Entrance,2023-10-23 12:36:00,1,0.88,TRK_8410,1
OBS_102236,STU2052,CAM001,Main Building Entrance,2023-10-23 08:50:00,1,0.8,TRK_6532,1
OBS_102237,STU2052,CAM002,Library Entrance,2023-10-23 10:15:00,1,0.91,TRK_9478,1
OBS_102238,STU2052,CAM002,Library Entrance,2023-10-23 11:25:00,1,0.98,TRK_1390,1
OBS_102239,STU2053,CAM005,Academic Block Corridor,2023-10-23 09:26:00,1,0.91,TRK_5478,1
OBS_102240,STU2053,CAM002,Library Entrance,2023-10-23 10:53:00,1,0.9,TRK_4240,1
OBS_102241,STU2054,CAM003,Canteen Entrance,2023-10-23 09:48:00,1,0.86,TRK_3139,1
OBS_102242,STU2054,CAM003,Canteen Entrance,2023-10-23 11:05:00,1,0.9,TRK_9693,1
OBS_102243,STU2055,CAM001,Main Building Entrance,2023-10-23 09:42:00,1,0.77,TRK_1142,1
OBS_102244,STU2056,CAM001,Main Building Entrance,2023-10-23 10:08:00,1,0.83,TRK_6844,0
OBS_102245,STU2057,CAM002,Library Entrance,2023-10-23 09:57:00,1,0.82,TRK_2081,1
OBS_102246,STU2057,CAM005,Academic Block Corridor,2023-10-23 10:58:00,1,0.97,TRK_8317,1
OBS_102247,STU2058,CAM002,Library Entrance,2023-10-23 09:51:00,1,0.82,TRK_2662,1
OBS_102248,STU2058,CAM002,Library Entrance,2023-10-23 11:17:00,1,0.97,TRK_3490,1
OBS_102249,STU2058,CAM004,Computer Laboratory Corridor,2023-10-23 11:52:00,1,0.78,TRK_7712,1
OBS_102250,STU2058,CAM005,Academic Block Corridor,2023-10-23 12:27:00,1,0.88,TRK_8693,1
OBS_102251,STU2061,CAM001,Main Building Entrance,2023-10-23 10:01:00,1,0.91,TRK_3402,1
OBS_102252,STU2061,CAM001,Main Building Entrance,2023-10-23 11:12:00,1,0.93,TRK_3221,1
OBS_102253,STU2061,CAM004,Computer Laboratory Corridor,2023-10-23 12:15:00,1,0.84,TRK_3792,0
OBS_102254,STU2062,CAM003,Canteen Entrance,2023-10-23 10:44:00,1,0.97,TRK_3979,1
OBS_102255,STU2063,CAM004,Computer Laboratory Corridor,2023-10-23 09:35:00,1,0.98,TRK_6633,1
OBS_102256,STU2063,CAM001,Main Building Entrance,2023-10-23 10:33:00,1,0.96,TRK_2128,1
OBS_102257,STU2063,CAM002,Library Entrance,2023-10-23 11:10:00,1,0.9,TRK_7449,1
OBS_102258,STU2063,CAM001,Main Building Entrance,2023-10-23 11:44:00,1,0.99,TRK_4229,1
OBS_102259,STU2064,CAM001,Main Building Entrance,2023-10-23 09:04:00,1,0.84,TRK_9105,1
OBS_102260,STU2064,CAM005,Academic Block Corridor,2023-10-23 09:21:00,1,0.96,TRK_7844,1
OBS_102261,STU2064,CAM003,Canteen Entrance,2023-10-23 09:57:00,1,0.95,TRK_4146,1
OBS_102262,STU2065,CAM001,Main Building Entrance,2023-10-23 10:22:00,1,0.87,TRK_3734,1
OBS_102263,STU2065,CAM002,Library Entrance,2023-10-23 10:43:00,1,0.92,TRK_5310,1
OBS_102264,STU2065,CAM004,Computer Laboratory Corridor,2023-10-23 11:55:00,1,0.83,TRK_5470,1
OBS_102265,STU2066,CAM003,Canteen Entrance,2023-10-23 09:26:00,1,0.88,TRK_3140,1
OBS_102266,STU2066,CAM005,Academic Block Corridor,2023-10-23 09:42:00,1,0.75,TRK_7236,1
OBS_102267,STU2066,CAM004,Computer Laboratory Corridor,2023-10-23 10:22:00,1,0.84,TRK_1589,1
OBS_102268,STU2066,CAM004,Computer Laboratory Corridor,2023-10-23 11:11:00,1,0.83,TRK_9398,1
OBS_102269,STU2067,CAM003,Canteen Entrance,2023-10-23 08:51:00,1,0.78,TRK_6672,1
OBS_102270,STU2067,CAM005,Academic Block Corridor,2023-10-23 09:39:00,1,0.8,TRK_5614,1
OBS_102271,STU2067,CAM001,Main Building Entrance,2023-10-23 10:28:00,1,0.97,TRK_2389,1
OBS_102272,STU2067,CAM005,Academic Block Corridor,2023-10-23 11:23:00,1,0.96,TRK_1376,1
OBS_102273,STU2068,CAM002,Library Entrance,2023-10-23 09:35:00,1,0.77,TRK_7117,1
OBS_102274,STU2068,CAM002,Library Entrance,2023-10-23 09:58:00,1,0.89,TRK_4882,1
OBS_102275,STU2069,CAM001,Main Building Entrance,2023-10-23 07:54:00,1,0.92,TRK_6589,1
OBS_102276,STU2070,CAM005,Academic Block Corridor,2023-10-23 08:49:00,1,0.9,TRK_8549,1
OBS_102277,STU2071,CAM005,Academic Block Corridor,2023-10-23 09:08:00,1,0.78,TRK_3272,1
OBS_102278,STU2071,CAM001,Main Building Entrance,2023-10-23 09:48:00,1,0.79,TRK_2500,1
OBS_102279,STU2071,CAM004,Computer Laboratory Corridor,2023-10-23 10:03:00,1,0.94,TRK_4818,1
OBS_102280,STU2073,CAM001,Main Building Entrance,2023-10-23 09:20:00,1,0.84,TRK_9672,1
OBS_102281,STU2073,CAM004,Computer Laboratory Corridor,2023-10-23 09:59:00,1,0.95,TRK_9115,1
OBS_102282,STU2074,CAM003,Canteen Entrance,2023-10-23 08:50:00,1,0.93,TRK_2003,1
OBS_102283,STU2074,CAM002,Library Entrance,2023-10-23 10:01:00,1,0.87,TRK_2303,1
OBS_102284,STU2075,CAM003,Canteen Entrance,2023-10-23 09:13:00,1,0.78,TRK_9880,1
OBS_102285,STU2075,CAM002,Library Entrance,2023-10-23 10:41:00,1,0.92,TRK_2241,1
OBS_102286,STU2076,CAM003,Canteen Entrance,2023-10-23 09:53:00,1,0.93,TRK_4730,1
OBS_102287,STU2076,CAM004,Computer Laboratory Corridor,2023-10-23 10:28:00,1,0.9,TRK_5861,1
OBS_102288,STU2077,CAM003,Canteen Entrance,2023-10-23 09:02:00,1,0.8,TRK_5111,1
OBS_102289,STU2077,CAM002,Library Entrance,2023-10-23 10:01:00,1,0.88,TRK_5123,1
OBS_102290,STU2077,CAM002,Library Entrance,2023-10-23 10:52:00,1,0.77,TRK_2028,1
OBS_102291,STU2077,CAM003,Canteen Entrance,2023-10-23 12:10:00,1,0.97,TRK_1989,1
OBS_102292,STU2078,CAM004,Computer Laboratory Corridor,2023-10-23 09:13:00,1,0.75,TRK_2445,1
OBS_102293,STU2078,CAM005,Academic Block Corridor,2023-10-23 10:08:00,1,0.94,TRK_6922,1
OBS_102294,STU2078,CAM005,Academic Block Corridor,2023-10-23 10:31:00,1,0.81,TRK_6227,1
OBS_102295,STU2078,CAM003,Canteen Entrance,2023-10-23 11:43:00,1,0.93,TRK_8871,1
OBS_102296,STU2079,CAM003,Canteen Entrance,2023-10-23 09:12:00,1,0.93,TRK_6135,1
OBS_102297,STU2079,CAM002,Library Entrance,2023-10-23 10:36:00,1,0.8,TRK_3794,1
OBS_102298,STU2079,CAM003,Canteen Entrance,2023-10-23 10:56:00,1,0.85,TRK_8563,1
OBS_102299,STU2080,CAM004,Computer Laboratory Corridor,2023-10-23 10:35:00,1,0.96,TRK_8608,1
OBS_102300,STU2080,CAM002,Library Entrance,2023-10-23 11:47:00,1,0.78,TRK_7317,1
OBS_102301,STU2080,CAM001,Main Building Entrance,2023-10-23 12:55:00,1,0.96,TRK_6189,1
OBS_102302,STU2081,CAM004,Computer Laboratory Corridor,2023-10-23 08:31:00,1,0.84,TRK_8116,1
OBS_102303,STU2081,CAM002,Library Entrance,2023-10-23 09:08:00,1,0.89,TRK_4013,1
OBS_102304,STU2081,CAM001,Main Building Entrance,2023-10-23 09:50:00,1,0.75,TRK_8737,1
OBS_102305,STU2081,CAM003,Canteen Entrance,2023-10-23 10:24:00,1,0.83,TRK_1355,1
OBS_102306,STU2082,CAM002,Library Entrance,2023-10-23 10:20:00,1,0.82,TRK_5549,1
OBS_102307,STU2082,CAM002,Library Entrance,2023-10-23 11:04:00,1,0.87,TRK_9177,1
OBS_102308,STU2082,CAM004,Computer Laboratory Corridor,2023-10-23 12:14:00,1,0.98,TRK_3618,1
OBS_102309,STU2082,CAM001,Main Building Entrance,2023-10-23 13:31:00,1,0.83,TRK_2736,1
OBS_102310,STU2083,CAM004,Computer Laboratory Corridor,2023-10-23 09:57:00,1,0.9,TRK_3317,1
OBS_102311,STU2084,CAM004,Computer Laboratory Corridor,2023-10-23 09:04:00,1,0.94,TRK_7821,1
OBS_102312,STU2084,CAM001,Main Building Entrance,2023-10-23 10:21:00,1,0.98,TRK_3598,1
OBS_102313,STU2085,CAM005,Academic Block Corridor,2023-10-23 08:29:00,1,0.85,TRK_2996,1
OBS_102314,STU2085,CAM005,Academic Block Corridor,2023-10-23 09:00:00,1,0.82,TRK_7117,1
OBS_102315,STU2085,CAM003,Canteen Entrance,2023-10-23 09:31:00,1,0.89,TRK_8758,1
OBS_102316,STU2086,CAM004,Computer Laboratory Corridor,2023-10-23 09:25:00,1,0.84,TRK_5032,1
OBS_102317,STU2087,CAM002,Library Entrance,2023-10-23 09:24:00,1,0.97,TRK_6120,1
OBS_102318,STU2087,CAM003,Canteen Entrance,2023-10-23 10:39:00,1,0.88,TRK_6424,1
OBS_102319,STU2088,CAM003,Canteen Entrance,2023-10-23 09:04:00,1,0.94,TRK_4750,1
OBS_102320,STU2088,CAM005,Academic Block Corridor,2023-10-23 10:34:00,1,0.81,TRK_5081,1
OBS_102321,STU2089,CAM004,Computer Laboratory Corridor,2023-10-23 10:04:00,1,0.96,TRK_6135,1
OBS_102322,STU2089,CAM001,Main Building Entrance,2023-10-23 11:24:00,1,0.84,TRK_3430,1
OBS_102323,STU2089,CAM001,Main Building Entrance,2023-10-23 12:20:00,1,0.88,TRK_8580,1
OBS_102324,STU2089,CAM001,Main Building Entrance,2023-10-23 13:09:00,1,0.86,TRK_4165,1
OBS_102325,STU2090,CAM003,Canteen Entrance,2023-10-23 09:13:00,1,0.95,TRK_1967,1
OBS_102326,STU2090,CAM002,Library Entrance,2023-10-23 10:28:00,1,0.8,TRK_1050,1
OBS_102327,STU2090,CAM003,Canteen Entrance,2023-10-23 11:24:00,1,0.95,TRK_8906,1
OBS_102328,STU2091,CAM003,Canteen Entrance,2023-10-23 10:06:00,1,0.87,TRK_6147,1
OBS_102329,STU2091,CAM002,Library Entrance,2023-10-23 11:29:00,1,0.95,TRK_4083,1
OBS_102330,STU2093,CAM001,Main Building Entrance,2023-10-23 10:20:00,1,0.93,TRK_4193,1
OBS_102331,STU2095,CAM004,Computer Laboratory Corridor,2023-10-23 09:44:00,1,0.85,TRK_1178,1
OBS_102332,STU2095,CAM003,Canteen Entrance,2023-10-23 10:37:00,1,0.8,TRK_5851,1
OBS_102333,STU2095,CAM001,Main Building Entrance,2023-10-23 10:55:00,1,0.91,TRK_7904,1
OBS_102334,STU2096,CAM004,Computer Laboratory Corridor,2023-10-23 10:05:00,1,0.94,TRK_3418,1
OBS_102335,STU2097,CAM005,Academic Block Corridor,2023-10-23 08:46:00,1,0.79,TRK_8276,1
OBS_102336,STU2097,CAM001,Main Building Entrance,2023-10-23 09:41:00,1,0.97,TRK_8470,1
OBS_102337,STU2097,CAM002,Library Entrance,2023-10-23 10:31:00,1,0.92,TRK_8427,1
OBS_102338,STU2097,CAM002,Library Entrance,2023-10-23 11:22:00,1,0.89,TRK_6288,1
OBS_102339,STU2099,CAM001,Main Building Entrance,2023-10-23 09:24:00,1,0.96,TRK_8816,1
OBS_102340,STU2100,CAM003,Canteen Entrance,2023-10-23 09:07:00,1,0.95,TRK_7144,1
OBS_102341,STU2100,CAM001,Main Building Entrance,2023-10-23 10:32:00,1,0.9,TRK_6306,0
OBS_102342,STU2100,CAM002,Library Entrance,2023-10-23 11:37:00,1,0.83,TRK_1565,1
OBS_102343,STU2102,CAM005,Academic Block Corridor,2023-10-23 09:01:00,1,0.93,TRK_1645,1
OBS_102344,STU2102,CAM001,Main Building Entrance,2023-10-23 10:21:00,1,0.92,TRK_3160,1
OBS_102345,STU2102,CAM001,Main Building Entrance,2023-10-23 11:39:00,1,0.97,TRK_3292,1
OBS_102346,STU2103,CAM005,Academic Block Corridor,2023-10-23 08:41:00,1,0.79,TRK_4850,1
OBS_102347,STU2103,CAM003,Canteen Entrance,2023-10-23 09:07:00,1,0.98,TRK_6540,1
OBS_102348,STU2104,CAM003,Canteen Entrance,2023-10-23 09:34:00,1,0.93,TRK_9068,1
OBS_102349,STU2106,CAM001,Main Building Entrance,2023-10-23 09:11:00,1,0.88,TRK_7487,1
OBS_102350,STU2106,CAM005,Academic Block Corridor,2023-10-23 09:45:00,1,0.95,TRK_4395,1
OBS_102351,STU2106,CAM002,Library Entrance,2023-10-23 10:57:00,1,0.78,TRK_5272,1
OBS_102352,STU2106,CAM002,Library Entrance,2023-10-23 11:41:00,1,0.76,TRK_1396,1
OBS_102353,STU2107,CAM004,Computer Laboratory Corridor,2023-10-23 09:30:00,1,0.76,TRK_4588,1
OBS_102354,STU2108,CAM002,Library Entrance,2023-10-23 09:51:00,1,0.87,TRK_6291,1
OBS_102355,STU2108,CAM004,Computer Laboratory Corridor,2023-10-23 10:55:00,1,0.75,TRK_5745,1
OBS_102356,STU2109,CAM004,Computer Laboratory Corridor,2023-10-23 09:19:00,1,0.88,TRK_1657,1
OBS_102357,STU2109,CAM005,Academic Block Corridor,2023-10-23 09:59:00,1,0.76,TRK_4760,1
OBS_102358,STU2109,CAM004,Computer Laboratory Corridor,2023-10-23 11:28:00,1,0.75,TRK_2320,1
OBS_102359,STU2109,CAM003,Canteen Entrance,2023-10-23 12:57:00,1,0.87,TRK_3689,1
OBS_102360,STU2110,CAM002,Library Entrance,2023-10-23 08:37:00,1,0.88,TRK_5610,0
OBS_102361,STU2110,CAM005,Academic Block Corridor,2023-10-23 09:26:00,1,0.84,TRK_7363,1
OBS_102362,STU2110,CAM002,Library Entrance,2023-10-23 10:01:00,1,0.93,TRK_5198,1
OBS_102363,STU2110,CAM002,Library Entrance,2023-10-23 10:58:00,1,0.83,TRK_5265,1
OBS_102364,STU2111,CAM003,Canteen Entrance,2023-10-23 09:19:00,1,0.86,TRK_8299,1
OBS_102365,STU2111,CAM004,Computer Laboratory Corridor,2023-10-23 10:39:00,1,0.8,TRK_2846,1
OBS_102366,STU2111,CAM004,Computer Laboratory Corridor,2023-10-23 10:59:00,1,0.94,TRK_4368,1
OBS_102367,STU2111,CAM005,Academic Block Corridor,2023-10-23 11:39:00,1,0.93,TRK_5892,0
OBS_102368,STU2113,CAM003,Canteen Entrance,2023-10-23 10:27:00,1,0.84,TRK_1890,1
OBS_102369,STU2113,CAM005,Academic Block Corridor,2023-10-23 11:11:00,1,0.96,TRK_5134,1
OBS_102370,STU2114,CAM001,Main Building Entrance,2023-10-23 10:47:00,1,0.82,TRK_4545,1
OBS_102371,STU2114,CAM003,Canteen Entrance,2023-10-23 11:25:00,1,0.8,TRK_7366,1
OBS_102372,STU2115,CAM004,Computer Laboratory Corridor,2023-10-23 10:13:00,1,0.89,TRK_3707,1
OBS_102373,STU2115,CAM004,Computer Laboratory Corridor,2023-10-23 11:30:00,1,0.88,TRK_5675,1
OBS_102374,STU2115,CAM001,Main Building Entrance,2023-10-23 12:16:00,1,0.9,TRK_1004,1
OBS_102375,STU2116,CAM001,Main Building Entrance,2023-10-23 08:55:00,1,0.98,TRK_1000,1
OBS_102376,STU2117,CAM004,Computer Laboratory Corridor,2023-10-23 10:11:00,1,0.92,TRK_3613,1
OBS_102377,STU2117,CAM001,Main Building Entrance,2023-10-23 10:38:00,1,0.84,TRK_4125,1
OBS_102378,STU2117,CAM003,Canteen Entrance,2023-10-23 11:47:00,1,0.77,TRK_7840,1
OBS_102379,STU2118,CAM001,Main Building Entrance,2023-10-23 10:00:00,1,0.97,TRK_5948,1
OBS_102380,STU2119,CAM004,Computer Laboratory Corridor,2023-10-23 09:29:00,1,0.97,TRK_4353,1
OBS_102381,STU2119,CAM001,Main Building Entrance,2023-10-23 09:59:00,1,0.96,TRK_8807,1
OBS_102382,STU2120,CAM001,Main Building Entrance,2023-10-23 09:00:00,1,0.77,TRK_4847,1
OBS_102383,STU2120,CAM005,Academic Block Corridor,2023-10-23 10:13:00,1,0.92,TRK_5475,1
OBS_102384,STU2121,CAM005,Academic Block Corridor,2023-10-23 09:13:00,1,0.87,TRK_3511,1
OBS_102385,STU2121,CAM001,Main Building Entrance,2023-10-23 09:55:00,1,0.85,TRK_7183,1
OBS_102386,STU2121,CAM001,Main Building Entrance,2023-10-23 10:13:00,1,0.87,TRK_8630,1
OBS_102387,STU2122,CAM001,Main Building Entrance,2023-10-23 09:59:00,1,0.89,TRK_1721,1
OBS_102388,STU2122,CAM003,Canteen Entrance,2023-10-23 10:22:00,1,0.92,TRK_8850,1
OBS_102389,STU2122,CAM003,Canteen Entrance,2023-10-23 11:02:00,1,0.76,TRK_5455,1
OBS_102390,STU2122,CAM002,Library Entrance,2023-10-23 11:41:00,1,0.92,TRK_1031,0
OBS_102391,STU2125,CAM004,Computer Laboratory Corridor,2023-10-23 10:40:00,1,0.88,TRK_9004,1
OBS_102392,STU2127,CAM003,Canteen Entrance,2023-10-23 08:57:00,1,0.84,TRK_7017,1
OBS_102393,STU2127,CAM004,Computer Laboratory Corridor,2023-10-23 10:10:00,1,0.88,TRK_7115,1
OBS_102394,STU2128,CAM005,Academic Block Corridor,2023-10-23 08:58:00,1,0.78,TRK_6681,1
OBS_102395,STU2128,CAM002,Library Entrance,2023-10-23 10:05:00,1,0.89,TRK_7096,1
OBS_102396,STU2128,CAM003,Canteen Entrance,2023-10-23 11:19:00,1,0.93,TRK_3418,1
OBS_102397,STU2130,CAM004,Computer Laboratory Corridor,2023-10-23 09:12:00,1,0.84,TRK_8073,1
OBS_102398,STU2130,CAM005,Academic Block Corridor,2023-10-23 09:38:00,1,0.81,TRK_3255,1
OBS_102399,STU2130,CAM003,Canteen Entrance,2023-10-23 10:35:00,1,0.9,TRK_8385,1
OBS_102400,STU2130,CAM002,Library Entrance,2023-10-23 11:59:00,1,0.96,TRK_6627,1
OBS_102401,STU2131,CAM005,Academic Block Corridor,2023-10-23 09:53:00,1,0.9,TRK_3612,1
OBS_102402,STU2131,CAM002,Library Entrance,2023-10-23 11:21:00,1,0.98,TRK_4372,1
OBS_102403,STU2132,CAM004,Computer Laboratory Corridor,2023-10-23 08:20:00,1,0.96,TRK_9214,1
OBS_102404,STU2132,CAM001,Main Building Entrance,2023-10-23 09:44:00,1,0.87,TRK_1066,1
OBS_102405,STU2132,CAM005,Academic Block Corridor,2023-10-23 10:31:00,1,0.91,TRK_3698,1
OBS_102406,STU2132,CAM003,Canteen Entrance,2023-10-23 11:15:00,1,0.87,TRK_6332,1
OBS_102407,STU2133,CAM004,Computer Laboratory Corridor,2023-10-23 10:31:00,1,0.88,TRK_7435,1
OBS_102408,STU2133,CAM005,Academic Block Corridor,2023-10-23 11:14:00,1,0.83,TRK_7684,1
OBS_102409,STU2133,CAM002,Library Entrance,2023-10-23 11:42:00,1,0.9,TRK_8432,1
OBS_102410,STU2134,CAM001,Main Building Entrance,2023-10-23 08:45:00,1,0.96,TRK_9265,1
OBS_102411,STU2134,CAM004,Computer Laboratory Corridor,2023-10-23 09:13:00,1,0.78,TRK_2183,1
OBS_102412,STU2135,CAM004,Computer Laboratory Corridor,2023-10-23 08:33:00,1,0.82,TRK_4428,1
OBS_102413,STU2135,CAM001,Main Building Entrance,2023-10-23 09:57:00,1,0.98,TRK_4129,1
OBS_102414,STU2135,CAM001,Main Building Entrance,2023-10-23 10:15:00,1,0.76,TRK_2983,1
OBS_102415,STU2136,CAM001,Main Building Entrance,2023-10-23 09:36:00,1,0.77,TRK_8415,1
OBS_102416,STU2136,CAM004,Computer Laboratory Corridor,2023-10-23 10:06:00,1,0.98,TRK_7602,1
OBS_102417,STU2137,CAM003,Canteen Entrance,2023-10-23 08:49:00,1,0.84,TRK_4415,0
OBS_102418,STU2139,CAM005,Academic Block Corridor,2023-10-23 09:24:00,1,0.89,TRK_8838,1
OBS_102419,STU2139,CAM001,Main Building Entrance,2023-10-23 10:54:00,1,0.91,TRK_1516,1
OBS_102420,STU2139,CAM003,Canteen Entrance,2023-10-23 12:12:00,1,0.83,TRK_5190,1
OBS_102421,STU2140,CAM005,Academic Block Corridor,2023-10-23 08:47:00,1,0.93,TRK_7925,1
OBS_102422,STU2140,CAM005,Academic Block Corridor,2023-10-23 10:17:00,1,0.96,TRK_9033,1
OBS_102423,STU2140,CAM004,Computer Laboratory Corridor,2023-10-23 10:35:00,1,0.76,TRK_8986,1
OBS_102424,STU2140,CAM004,Computer Laboratory Corridor,2023-10-23 11:01:00,1,0.81,TRK_2508,1
OBS_102425,STU2141,CAM001,Main Building Entrance,2023-10-23 09:51:00,1,0.86,TRK_6527,1
OBS_102426,STU2144,CAM001,Main Building Entrance,2023-10-23 10:13:00,1,0.83,TRK_8392,1
OBS_102427,STU2144,CAM005,Academic Block Corridor,2023-10-23 10:55:00,1,0.85,TRK_1168,1
OBS_102428,STU2145,CAM001,Main Building Entrance,2023-10-23 10:58:00,1,0.97,TRK_8281,1
OBS_102429,STU2145,CAM005,Academic Block Corridor,2023-10-23 11:21:00,1,0.79,TRK_5501,1
OBS_102430,STU2146,CAM001,Main Building Entrance,2023-10-23 09:42:00,1,0.81,TRK_2927,1
OBS_102431,STU2146,CAM004,Computer Laboratory Corridor,2023-10-23 11:03:00,1,0.79,TRK_8401,1
OBS_102432,STU2146,CAM002,Library Entrance,2023-10-23 11:55:00,1,0.76,TRK_6429,1
OBS_102433,STU2146,CAM001,Main Building Entrance,2023-10-23 13:04:00,1,0.91,TRK_2258,1
OBS_102434,STU2147,CAM004,Computer Laboratory Corridor,2023-10-23 10:26:00,1,0.81,TRK_7345,1
OBS_102435,STU2147,CAM004,Computer Laboratory Corridor,2023-10-23 11:03:00,1,0.76,TRK_3992,1
OBS_102436,STU2148,CAM005,Academic Block Corridor,2023-10-23 09:38:00,1,0.95,TRK_4747,1
OBS_102437,STU2148,CAM001,Main Building Entrance,2023-10-23 10:49:00,1,0.77,TRK_3280,1
OBS_102438,STU2149,CAM001,Main Building Entrance,2023-10-23 08:58:00,1,0.86,TRK_7007,1
OBS_102439,STU2149,CAM001,Main Building Entrance,2023-10-23 10:08:00,1,0.92,TRK_7034,1
OBS_102440,STU2152,CAM004,Computer Laboratory Corridor,2023-10-23 10:24:00,1,0.76,TRK_8148,1
OBS_102441,STU2153,CAM001,Main Building Entrance,2023-10-23 09:49:00,1,0.77,TRK_6859,1
OBS_102442,STU2153,CAM004,Computer Laboratory Corridor,2023-10-23 11:04:00,1,0.87,TRK_4985,1
OBS_102443,STU2153,CAM001,Main Building Entrance,2023-10-23 11:36:00,1,0.76,TRK_2415,1
OBS_102444,STU2153,CAM002,Library Entrance,2023-10-23 13:04:00,1,0.91,TRK_8308,1
OBS_102445,STU2154,CAM003,Canteen Entrance,2023-10-23 10:32:00,1,0.86,TRK_4039,1
OBS_102446,STU2154,CAM004,Computer Laboratory Corridor,2023-10-23 12:01:00,1,0.78,TRK_1651,1
OBS_102447,STU2154,CAM002,Library Entrance,2023-10-23 12:45:00,1,0.79,TRK_3182,1
OBS_102448,STU2155,CAM003,Canteen Entrance,2023-10-23 09:25:00,1,0.76,TRK_1199,1
OBS_102449,STU2155,CAM005,Academic Block Corridor,2023-10-23 09:54:00,1,0.91,TRK_9692,1
OBS_102450,STU2155,CAM003,Canteen Entrance,2023-10-23 10:10:00,1,0.96,TRK_3245,1
OBS_102451,STU2155,CAM002,Library Entrance,2023-10-23 11:05:00,1,0.96,TRK_4498,1
OBS_102452,STU2156,CAM004,Computer Laboratory Corridor,2023-10-23 09:22:00,1,0.86,TRK_2622,1
OBS_102453,STU2156,CAM004,Computer Laboratory Corridor,2023-10-23 09:59:00,1,0.88,TRK_9870,1
OBS_102454,STU2158,CAM002,Library Entrance,2023-10-23 08:25:00,1,0.96,TRK_3382,1
OBS_102455,STU2159,CAM005,Academic Block Corridor,2023-10-23 09:09:00,1,0.99,TRK_2189,1
OBS_102456,STU2160,CAM004,Computer Laboratory Corridor,2023-10-23 09:50:00,1,0.95,TRK_6926,1
OBS_102457,STU2160,CAM003,Canteen Entrance,2023-10-23 10:33:00,1,0.85,TRK_8075,1
OBS_102458,STU2161,CAM004,Computer Laboratory Corridor,2023-10-23 09:14:00,1,0.76,TRK_7122,1
OBS_102459,STU2162,CAM005,Academic Block Corridor,2023-10-23 09:36:00,1,0.95,TRK_4681,0
OBS_102460,STU2162,CAM004,Computer Laboratory Corridor,2023-10-23 10:07:00,1,0.9,TRK_9348,1
OBS_102461,STU2162,CAM002,Library Entrance,2023-10-23 11:14:00,1,0.81,TRK_9540,1
OBS_102462,STU2162,CAM004,Computer Laboratory Corridor,2023-10-23 12:05:00,1,0.94,TRK_8090,1
OBS_102463,STU2163,CAM001,Main Building Entrance,2023-10-23 09:49:00,1,0.88,TRK_3384,1
OBS_102464,STU2164,CAM003,Canteen Entrance,2023-10-23 08:48:00,1,0.84,TRK_8610,1
OBS_102465,STU2165,CAM005,Academic Block Corridor,2023-10-23 09:37:00,1,0.9,TRK_6048,1
OBS_102466,STU2165,CAM005,Academic Block Corridor,2023-10-23 10:52:00,1,0.87,TRK_3248,1
OBS_102467,STU2165,CAM003,Canteen Entrance,2023-10-23 12:07:00,1,0.77,TRK_9022,1
OBS_102468,STU2166,CAM005,Academic Block Corridor,2023-10-23 08:53:00,1,0.9,TRK_2031,1
OBS_102469,STU2166,CAM003,Canteen Entrance,2023-10-23 09:40:00,1,0.97,TRK_5734,1
OBS_102470,STU2166,CAM002,Library Entrance,2023-10-23 11:00:00,1,0.83,TRK_6311,1
OBS_102471,STU2167,CAM002,Library Entrance,2023-10-23 09:56:00,1,0.83,TRK_6019,0
OBS_102472,STU2167,CAM003,Canteen Entrance,2023-10-23 10:35:00,1,0.87,TRK_7742,1
OBS_102473,STU2168,CAM005,Academic Block Corridor,2023-10-23 08:23:00,1,0.85,TRK_4085,1
OBS_102474,STU2168,CAM003,Canteen Entrance,2023-10-23 08:55:00,1,0.8,TRK_6922,1
OBS_102475,STU2168,CAM005,Academic Block Corridor,2023-10-23 10:19:00,1,0.83,TRK_8580,1
OBS_102476,STU2169,CAM003,Canteen Entrance,2023-10-23 09:58:00,1,0.9,TRK_4370,1
OBS_102477,STU2169,CAM002,Library Entrance,2023-10-23 10:56:00,1,0.96,TRK_9142,1
OBS_102478,STU2170,CAM004,Computer Laboratory Corridor,2023-10-23 09:32:00,1,0.87,TRK_5435,1
OBS_102479,STU2170,CAM004,Computer Laboratory Corridor,2023-10-23 10:59:00,1,0.88,TRK_3397,1
OBS_102480,STU2170,CAM005,Academic Block Corridor,2023-10-23 11:46:00,1,0.77,TRK_3038,1
OBS_102481,STU2171,CAM004,Computer Laboratory Corridor,2023-10-23 10:34:00,1,0.75,TRK_4095,0
OBS_102482,STU2171,CAM004,Computer Laboratory Corridor,2023-10-23 11:21:00,1,0.86,TRK_5539,1
OBS_102483,STU2171,CAM005,Academic Block Corridor,2023-10-23 12:41:00,1,0.85,TRK_5353,1
OBS_102484,STU2171,CAM004,Computer Laboratory Corridor,2023-10-23 13:02:00,1,0.9,TRK_9020,1
OBS_102485,STU2173,CAM004,Computer Laboratory Corridor,2023-10-23 08:54:00,1,0.84,TRK_2956,1
OBS_102486,STU2174,CAM001,Main Building Entrance,2023-10-23 09:15:00,1,0.84,TRK_1892,1
OBS_102487,STU2174,CAM001,Main Building Entrance,2023-10-23 09:35:00,1,0.82,TRK_9986,1
OBS_102488,STU2175,CAM001,Main Building Entrance,2023-10-23 08:24:00,1,0.97,TRK_7934,1
OBS_102489,STU2175,CAM001,Main Building Entrance,2023-10-23 09:05:00,1,0.96,TRK_1981,1
OBS_102490,STU2175,CAM001,Main Building Entrance,2023-10-23 09:21:00,1,0.83,TRK_5541,1
OBS_102491,STU2176,CAM002,Library Entrance,2023-10-23 10:20:00,1,0.81,TRK_5370,1
OBS_102492,STU2176,CAM003,Canteen Entrance,2023-10-23 11:45:00,1,0.95,TRK_3485,1
OBS_102493,STU2176,CAM005,Academic Block Corridor,2023-10-23 12:02:00,1,0.89,TRK_4602,1
OBS_102494,STU2177,CAM002,Library Entrance,2023-10-23 09:27:00,1,0.88,TRK_1285,1
OBS_102495,STU2177,CAM001,Main Building Entrance,2023-10-23 10:02:00,1,0.89,TRK_5419,1
OBS_102496,STU2178,CAM001,Main Building Entrance,2023-10-23 08:11:00,1,0.81,TRK_7658,1
OBS_102497,STU2178,CAM002,Library Entrance,2023-10-23 08:54:00,1,0.86,TRK_3713,1
OBS_102498,STU2178,CAM002,Library Entrance,2023-10-23 09:31:00,1,0.82,TRK_1051,1
OBS_102499,STU2178,CAM003,Canteen Entrance,2023-10-23 10:16:00,1,0.85,TRK_7335,0
OBS_102500,STU2179,CAM002,Library Entrance,2023-10-23 08:40:00,1,0.77,TRK_2343,1
OBS_102501,STU2179,CAM004,Computer Laboratory Corridor,2023-10-23 09:47:00,1,0.86,TRK_7299,1
OBS_102502,STU2179,CAM001,Main Building Entrance,2023-10-23 10:50:00,1,0.88,TRK_5451,1
OBS_102503,STU2179,CAM004,Computer Laboratory Corridor,2023-10-23 11:31:00,1,0.85,TRK_9584,1
OBS_102504,STU2180,CAM001,Main Building Entrance,2023-10-23 09:50:00,1,0.87,TRK_7355,1
OBS_102505,STU2180,CAM005,Academic Block Corridor,2023-10-23 11:01:00,1,0.8,TRK_3367,1
OBS_102506,STU2180,CAM005,Academic Block Corridor,2023-10-23 11:25:00,1,0.95,TRK_7187,1
OBS_102507,STU2181,CAM002,Library Entrance,2023-10-23 09:18:00,1,0.8,TRK_6787,1
OBS_102508,STU2181,CAM003,Canteen Entrance,2023-10-23 10:24:00,1,0.81,TRK_5762,1
OBS_102509,STU2182,CAM005,Academic Block Corridor,2023-10-23 09:10:00,1,0.96,TRK_1397,1
OBS_102510,STU2182,CAM002,Library Entrance,2023-10-23 10:37:00,1,0.9,TRK_2059,1
OBS_102511,STU2184,CAM004,Computer Laboratory Corridor,2023-10-23 09:23:00,1,0.89,TRK_6890,1
OBS_102512,STU2184,CAM001,Main Building Entrance,2023-10-23 10:26:00,1,0.87,TRK_8296,1
OBS_102513,STU2184,CAM001,Main Building Entrance,2023-10-23 11:35:00,1,0.85,TRK_6705,1
OBS_102514,STU2184,CAM003,Canteen Entrance,2023-10-23 12:19:00,1,0.84,TRK_5257,1
OBS_102515,STU2185,CAM002,Library Entrance,2023-10-23 09:16:00,1,0.8,TRK_9473,1
OBS_102516,STU2185,CAM002,Library Entrance,2023-10-23 10:38:00,1,0.95,TRK_7249,1
OBS_102517,STU2185,CAM001,Main Building Entrance,2023-10-23 11:39:00,1,0.93,TRK_2474,1
OBS_102518,STU2185,CAM001,Main Building Entrance,2023-10-23 12:14:00,1,0.9,TRK_1820,1
OBS_102519,STU2187,CAM005,Academic Block Corridor,2023-10-23 08:09:00,1,0.97,TRK_8423,1
OBS_102520,STU2187,CAM003,Canteen Entrance,2023-10-23 08:43:00,1,0.78,TRK_8141,1
OBS_102521,STU2187,CAM002,Library Entrance,2023-10-23 09:33:00,1,0.8,TRK_6105,1
OBS_102522,STU2188,CAM001,Main Building Entrance,2023-10-23 09:48:00,1,0.81,TRK_2511,1
OBS_102523,STU2188,CAM005,Academic Block Corridor,2023-10-23 10:09:00,1,0.91,TRK_3882,1
OBS_102524,STU2189,CAM004,Computer Laboratory Corridor,2023-10-23 10:50:00,1,0.98,TRK_3751,1
OBS_102525,STU2189,CAM001,Main Building Entrance,2023-10-23 11:35:00,1,0.94,TRK_4201,0
OBS_102526,STU2189,CAM001,Main Building Entrance,2023-10-23 11:59:00,1,0.94,TRK_5408,1
OBS_102527,STU2190,CAM001,Main Building Entrance,2023-10-23 08:58:00,1,0.94,TRK_7044,1
OBS_102528,STU2190,CAM002,Library Entrance,2023-10-23 09:35:00,1,0.88,TRK_4060,1
OBS_102529,STU2192,CAM003,Canteen Entrance,2023-10-23 08:34:00,1,0.96,TRK_5461,1
OBS_102530,STU2192,CAM001,Main Building Entrance,2023-10-23 09:54:00,1,0.87,TRK_1931,1
OBS_102531,STU2193,CAM002,Library Entrance,2023-10-23 08:51:00,1,0.76,TRK_3554,1
OBS_102532,STU2193,CAM002,Library Entrance,2023-10-23 09:22:00,1,0.96,TRK_7016,1
OBS_102533,STU2193,CAM003,Canteen Entrance,2023-10-23 10:50:00,1,0.86,TRK_8453,1
OBS_102534,STU2193,CAM001,Main Building Entrance,2023-10-23 11:27:00,1,0.92,TRK_3655,1
OBS_102535,STU2195,CAM004,Computer Laboratory Corridor,2023-10-23 09:02:00,1,0.78,TRK_5705,1
OBS_102536,STU2196,CAM004,Computer Laboratory Corridor,2023-10-23 08:55:00,1,0.91,TRK_7471,1
OBS_102537,STU2196,CAM005,Academic Block Corridor,2023-10-23 10:20:00,1,0.92,TRK_9602,1
OBS_102538,STU2196,CAM005,Academic Block Corridor,2023-10-23 11:34:00,1,0.83,TRK_7638,1
OBS_102539,STU2196,CAM005,Academic Block Corridor,2023-10-23 12:21:00,1,0.97,TRK_3734,1
OBS_102540,STU2197,CAM001,Main Building Entrance,2023-10-23 09:06:00,1,0.8,TRK_7021,1
OBS_102541,STU2197,CAM001,Main Building Entrance,2023-10-23 09:59:00,1,0.9,TRK_7756,0
OBS_102542,STU2197,CAM004,Computer Laboratory Corridor,2023-10-23 11:02:00,1,0.82,TRK_1391,1
OBS_102543,STU2197,CAM004,Computer Laboratory Corridor,2023-10-23 11:57:00,1,0.8,TRK_1262,0
OBS_102544,STU2198,CAM002,Library Entrance,2023-10-23 09:42:00,1,0.86,TRK_3291,1
OBS_102545,STU2198,CAM004,Computer Laboratory Corridor,2023-10-23 10:35:00,1,0.81,TRK_1268,1
OBS_102546,STU2199,CAM003,Canteen Entrance,2023-10-23 09:18:00,1,0.87,TRK_8640,1
OBS_102547,STU2199,CAM003,Canteen Entrance,2023-10-23 10:32:00,1,0.96,TRK_8590,0
OBS_102548,STU2200,CAM001,Main Building Entrance,2023-10-23 09:19:00,1,0.81,TRK_3384,1
OBS_102549,STU2200,CAM003,Canteen Entrance,2023-10-23 09:46:00,1,0.84,TRK_6743,1
