student_id,department,year_of_study,gate_id,entry_time,entry_verified,scheduled_class_id,scheduled_classroom_id,classroom_attendance_verified,last_verified_zone,last_observation_time,time_since_last_observation_minutes,camera_observation_count,identity_verified,attendance_status,target_attendance_exception
STU1001,Computer Science,1,GATE_NORTH,09:28:00,1,CL_ME102_2,RM404,1,Academic Block Corridor,10:04:00,36,1,1,PRESENT,0
STU1002,Electrical Eng,2,GATE_SOUTH,08:57:00,1,CL_CS101_2,RM101,1,Computer Laboratory Corridor,11:02:00,125,2,1,PRESENT,0
STU1003,Data Science,2,GATE_NORTH,09:25:00,1,CL_BA101_1,RM505,1,Main Building Entrance,10:09:00,44,2,1,PRESENT,0
STU1004,Computer Science,1,GATE_SOUTH,07:52:00,1,CL_ME102_2,RM404,1,Library Entrance,09:20:00,88,1,1,PRESENT,0
STU1005,Business Admin,4,GATE_NORTH,07:32:00,1,CL_EE301_2,RM303,1,Academic Block Corridor,12:17:00,285,4,1,PRESENT,0
STU1006,Computer Science,1,GATE_NORTH,08:45:00,1,CL_BA101_1,RM505,1,Computer Laboratory Corridor,09:36:00,51,1,1,PRESENT,0
STU1007,Computer Science,2,GATE_SOUTH,09:06:00,1,CL_CS101_2,RM101,1,Academic Block Corridor,13:23:00,257,4,1,PRESENT,0
STU1008,Data Science,1,GATE_NORTH,09:28:00,1,CL_CS101_1,RM101,1,Academic Block Corridor,10:56:00,88,1,1,PRESENT,0
STU1009,Business Admin,2,GATE_NORTH,08:08:00,1,CL_BA101_1,RM505,1,Library Entrance,09:02:00,54,1,1,PRESENT,0
STU1010,Business Admin,4,GATE_NORTH,08:42:00,1,CL_ME102_2,RM404,1,Academic Block Corridor,10:32:00,110,2,1,PRESENT,0
STU1011,Data Science,4,GATE_SOUTH,08:42:00,1,CL_BA101_2,RM505,1,Academic Block Corridor,09:20:00,38,1,1,PRESENT,0
STU1012,Business Admin,3,GATE_SOUTH,08:56:00,1,CL_BA101_2,RM505,1,Canteen Entrance,12:32:00,216,4,1,PRESENT,0
STU1013,Computer Science,2,GATE_NORTH,08:19:00,1,CL_EE301_1,RM303,1,Computer Laboratory Corridor,12:00:00,221,3,1,PRESENT,0
STU1014,Mechanical Eng,3,GATE_NORTH,09:11:00,1,CL_ME102_2,RM404,1,Canteen Entrance,10:26:00,75,2,1,PRESENT,0
STU1015,Electrical Eng,2,GATE_SOUTH,08:34:00,1,CL_BA101_1,RM505,1,Main Building Entrance,11:07:00,153,4,1,PRESENT,0
STU1016,Data Science,3,GATE_NORTH,07:36:00,1,CL_DS201_2,RM202,1,Computer Laboratory Corridor,12:03:00,267,4,1,PRESENT,0
STU1017,Computer Science,1,GATE_NORTH,08:25:00,1,CL_ME102_1,RM404,1,Canteen Entrance,11:55:00,210,4,1,PRESENT,0
STU1018,Mechanical Eng,1,NONE,00:00:00,0,CL_DS201_1,RM202,0,UNKNOWN,00:00:00,0,0,0,ABSENCE_REQUIRES_REVIEW,0
STU1019,Electrical Eng,3,GATE_NORTH,09:17:00,1,CL_BA101_2,RM505,1,Academic Block Corridor,10:21:00,64,2,1,PRESENT,0
STU1020,Business Admin,3,GATE_SOUTH,08:13:00,1,CL_ME102_1,RM404,0,Computer Laboratory Corridor,12:17:00,244,4,1,NOT_YET_VERIFIED,1
STU1021,Computer Science,4,GATE_SOUTH,09:09:00,1,CL_CS101_1,RM101,1,Library Entrance,12:30:00,201,3,1,PRESENT,0
STU1022,Business Admin,1,GATE_SOUTH,07:33:00,1,CL_DS201_2,RM202,1,Canteen Entrance,08:53:00,80,1,1,PRESENT,0
STU1023,Mechanical Eng,1,NONE,00:00:00,0,CL_BA101_2,RM505,0,UNKNOWN,00:00:00,0,0,0,EXCUSED,0
STU1024,Business Admin,3,GATE_SOUTH,09:10:00,1,CL_DS201_2,RM202,0,Computer Laboratory Corridor,10:55:00,105,2,1,NOT_YET_VERIFIED,1
STU1025,Business Admin,3,GATE_NORTH,08:32:00,1,CL_DS201_1,RM202,1,Academic Block Corridor,12:43:00,251,4,0,PRESENT,0
STU1026,Business Admin,2,GATE_SOUTH,08:15:00,1,CL_DS201_2,RM202,1,Library Entrance,11:00:00,165,3,1,PRESENT,0
STU1027,Computer Science,1,NONE,00:00:00,0,CL_ME102_1,RM404,0,UNKNOWN,00:00:00,0,0,0,EXCUSED,0
STU1028,Data Science,3,GATE_NORTH,08:25:00,1,CL_ME102_2,RM404,1,Library Entrance,10:42:00,137,2,1,PRESENT,0
STU1029,Computer Science,2,NONE,00:00:00,0,CL_CS101_2,RM101,0,UNKNOWN,00:00:00,0,0,0,EXCUSED,0
STU1030,Computer Science,4,GATE_SOUTH,08:57:00,1,CL_EE301_2,RM303,1,Computer Laboratory Corridor,12:54:00,237,4,1,PRESENT,0
STU1031,Electrical Eng,4,GATE_SOUTH,07:40:00,1,CL_EE301_2,RM303,1,Computer Laboratory Corridor,08:06:00,26,1,1,PRESENT,0
STU1032,Electrical Eng,2,GATE_NORTH,09:12:00,1,CL_BA101_2,RM505,1,Academic Block Corridor,10:22:00,70,1,1,PRESENT,0
STU1033,Electrical Eng,3,GATE_NORTH,09:01:00,1,CL_BA101_1,RM505,1,Canteen Entrance,12:18:00,197,4,1,PRESENT,0
STU1034,Data Science,3,GATE_SOUTH,07:40:00,1,CL_CS101_2,RM101,1,Canteen Entrance,12:05:00,265,4,1,PRESENT,0
STU1035,Computer Science,2,GATE_SOUTH,07:49:00,1,CL_EE301_2,RM303,0,Academic Block Corridor,10:52:00,183,3,1,NOT_YET_VERIFIED,1
STU1036,Business Admin,2,GATE_NORTH,09:01:00,1,CL_ME102_1,RM404,1,Academic Block Corridor,11:53:00,172,4,1,PRESENT,0
STU1037,Data Science,4,GATE_SOUTH,09:04:00,0,CL_BA101_2,RM505,0,UNKNOWN,00:00:00,0,0,0,ABSENCE_REQUIRES_REVIEW,0
STU1038,Mechanical Eng,3,GATE_SOUTH,08:10:00,1,CL_CS101_1,RM101,1,Academic Block Corridor,10:29:00,139,2,1,PRESENT,0
STU1039,Business Admin,2,GATE_NORTH,07:43:00,1,CL_DS201_2,RM202,1,Academic Block Corridor,10:21:00,158,3,1,PRESENT,0
STU1040,Electrical Eng,1,GATE_SOUTH,07:30:00,1,CL_DS201_2,RM202,0,Library Entrance,11:54:00,264,4,1,NOT_YET_VERIFIED,1
STU1041,Data Science,1,GATE_SOUTH,08:26:00,1,CL_ME102_2,RM404,1,Computer Laboratory Corridor,09:16:00,50,1,1,PRESENT,0
STU1042,Electrical Eng,4,GATE_SOUTH,09:07:00,1,CL_BA101_2,RM505,1,Computer Laboratory Corridor,13:15:00,248,4,0,PRESENT,0
STU1043,Electrical Eng,1,NONE,00:00:00,0,CL_CS101_1,RM101,0,UNKNOWN,00:00:00,0,0,0,EXCUSED,0
STU1044,Data Science,3,GATE_NORTH,07:43:00,1,CL_BA101_1,RM505,1,Canteen Entrance,10:09:00,146,2,1,PRESENT,0
STU1045,Data Science,4,GATE_NORTH,07:41:00,1,CL_EE301_2,RM303,1,Computer Laboratory Corridor,11:05:00,204,3,1,PRESENT,0
STU1046,Mechanical Eng,4,GATE_SOUTH,08:25:00,1,CL_ME102_1,RM404,1,Canteen Entrance,11:45:00,200,4,1,PRESENT,0
STU1047,Data Science,3,GATE_SOUTH,08:41:00,1,CL_ME102_1,RM404,1,Library Entrance,10:06:00,85,1,1,PRESENT,0
STU1048,Data Science,2,GATE_NORTH,07:43:00,1,CL_EE301_1,RM303,0,Library Entrance,10:29:00,166,2,1,NOT_YET_VERIFIED,1
STU1049,Business Admin,3,GATE_SOUTH,07:41:00,1,CL_EE301_2,RM303,0,Computer Laboratory Corridor,09:47:00,126,3,1,NOT_YET_VERIFIED,1
STU1050,Business Admin,4,GATE_NORTH,08:40:00,1,CL_ME102_1,RM404,1,Canteen Entrance,09:56:00,76,1,1,PRESENT,0
STU1051,Business Admin,4,GATE_SOUTH,08:46:00,1,CL_ME102_1,RM404,0,Academic Block Corridor,11:14:00,148,3,1,NOT_YET_VERIFIED,1
STU1052,Electrical Eng,2,GATE_SOUTH,09:20:00,1,CL_EE301_1,RM303,1,Canteen Entrance,10:39:00,79,1,1,PRESENT,0
STU1053,Data Science,4,GATE_SOUTH,07:31:00,1,CL_EE301_2,RM303,1,Academic Block Corridor,09:51:00,140,4,1,PRESENT,0
STU1054,Computer Science,1,GATE_SOUTH,08:22:00,1,CL_BA101_1,RM505,1,Library Entrance,12:30:00,248,4,1,PRESENT,0
STU1055,Computer Science,2,GATE_NORTH,09:09:00,1,CL_CS101_1,RM101,1,Library Entrance,09:58:00,49,1,1,PRESENT,0
STU1056,Data Science,4,GATE_NORTH,09:02:00,1,CL_CS101_2,RM101,1,Computer Laboratory Corridor,10:12:00,70,2,1,PRESENT,0
STU1057,Business Admin,1,GATE_NORTH,08:43:00,1,CL_ME102_1,RM404,1,Canteen Entrance,11:47:00,184,3,1,PRESENT,0
STU1058,Mechanical Eng,4,GATE_SOUTH,08:57:00,1,CL_CS101_2,RM101,1,Canteen Entrance,12:10:00,193,4,1,PRESENT,0
STU1059,Business Admin,4,GATE_NORTH,07:51:00,1,CL_DS201_1,RM202,1,Library Entrance,11:50:00,239,4,1,PRESENT,0
STU1060,Business Admin,3,GATE_SOUTH,08:04:00,1,CL_EE301_2,RM303,1,Academic Block Corridor,11:15:00,191,3,1,PRESENT,0
STU1061,Business Admin,1,NONE,00:00:00,0,CL_BA101_1,RM505,0,UNKNOWN,00:00:00,0,0,0,ABSENCE_REQUIRES_REVIEW,0
STU1062,Computer Science,3,GATE_SOUTH,08:04:00,1,CL_DS201_2,RM202,1,Main Building Entrance,09:29:00,85,2,1,PRESENT,0
STU1063,Electrical Eng,1,NONE,00:00:00,0,CL_CS101_1,RM101,0,UNKNOWN,00:00:00,0,0,0,ABSENCE_REQUIRES_REVIEW,0
STU1064,Electrical Eng,4,GATE_NORTH,07:48:00,1,CL_CS101_1,RM101,1,Main Building Entrance,08:15:00,27,1,1,PRESENT,0
STU1065,Data Science,4,NONE,00:00:00,0,CL_DS201_2,RM202,0,UNKNOWN,00:00:00,0,0,0,ABSENCE_REQUIRES_REVIEW,0
STU1066,Computer Science,3,GATE_SOUTH,07:51:00,1,CL_CS101_2,RM101,1,Computer Laboratory Corridor,08:09:00,18,1,1,PRESENT,0
STU1067,Business Admin,2,GATE_SOUTH,08:05:00,1,CL_BA101_2,RM505,1,Academic Block Corridor,08:53:00,48,1,1,PRESENT,0
STU1068,Business Admin,1,GATE_SOUTH,08:08:00,1,CL_DS201_2,RM202,1,Main Building Entrance,09:41:00,93,3,1,PRESENT,0
STU1069,Electrical Eng,2,GATE_NORTH,09:10:00,1,CL_BA101_1,RM505,1,Academic Block Corridor,13:34:00,264,4,1,PRESENT,0
STU1070,Data Science,3,GATE_SOUTH,08:16:00,1,CL_BA101_2,RM505,1,Canteen Entrance,12:26:00,250,4,1,PRESENT,0
STU1071,Data Science,1,GATE_NORTH,09:30:00,1,CL_BA101_2,RM505,1,Library Entrance,14:08:00,278,4,1,PRESENT,0
STU1072,Business Admin,3,NONE,00:00:00,0,CL_CS101_2,RM101,0,UNKNOWN,00:00:00,0,0,0,EXCUSED,0
STU1073,Mechanical Eng,1,GATE_SOUTH,09:02:00,1,CL_DS201_2,RM202,0,Main Building Entrance,12:36:00,214,4,1,NOT_YET_VERIFIED,1
STU1074,Computer Science,3,GATE_NORTH,08:46:00,1,CL_EE301_2,RM303,0,Academic Block Corridor,09:59:00,73,1,1,NOT_YET_VERIFIED,1
STU1075,Electrical Eng,2,NONE,00:00:00,0,CL_ME102_1,RM404,0,UNKNOWN,00:00:00,0,0,0,ABSENCE_REQUIRES_REVIEW,0
STU1076,Computer Science,2,NONE,00:00:00,0,CL_EE301_1,RM303,0,UNKNOWN,00:00:00,0,0,0,EXCUSED,0
STU1077,Business Admin,1,GATE_NORTH,08:28:00,1,CL_DS201_1,RM202,1,Library Entrance,09:41:00,73,2,1,PRESENT,0
STU1078,Computer Science,4,GATE_SOUTH,07:47:00,1,CL_DS201_1,RM202,1,Computer Laboratory Corridor,09:42:00,115,3,1,PRESENT,0
STU1079,Computer Science,2,GATE_SOUTH,07:30:00,1,CL_CS101_1,RM101,0,Computer Laboratory Corridor,10:30:00,180,3,1,NOT_YET_VERIFIED,1
STU1080,Data Science,4,GATE_SOUTH,08:12:00,1,CL_CS101_1,RM101,1,Library Entrance,11:33:00,201,4,1,PRESENT,0
STU1081,Business Admin,2,GATE_SOUTH,09:12:00,1,CL_DS201_2,RM202,1,Canteen Entrance,10:57:00,105,3,1,PRESENT,0
STU1082,Electrical Eng,4,GATE_SOUTH,08:26:00,1,CL_EE301_1,RM303,1,Computer Laboratory Corridor,09:11:00,45,1,1,PRESENT,0
STU1083,Data Science,2,GATE_NORTH,08:25:00,0,CL_ME102_2,RM404,0,UNKNOWN,00:00:00,0,0,0,ABSENCE_REQUIRES_REVIEW,0
STU1084,Electrical Eng,4,GATE_SOUTH,08:08:00,1,CL_CS101_1,RM101,1,Canteen Entrance,10:27:00,139,3,1,PRESENT,0
STU1085,Electrical Eng,4,GATE_NORTH,08:47:00,1,CL_ME102_2,RM404,1,Main Building Entrance,10:27:00,100,2,1,PRESENT,0
STU1086,Business Admin,4,GATE_SOUTH,08:31:00,1,CL_DS201_1,RM202,1,Computer Laboratory Corridor,09:02:00,31,1,1,PRESENT,0
STU1087,Computer Science,2,GATE_SOUTH,07:52:00,1,CL_EE301_1,RM303,1,Academic Block Corridor,10:53:00,181,4,1,PRESENT,0
STU1088,Data Science,1,GATE_SOUTH,08:10:00,1,CL_CS101_2,RM101,1,Academic Block Corridor,10:35:00,145,3,1,PRESENT,0
STU1089,Electrical Eng,1,GATE_SOUTH,09:04:00,1,CL_DS201_2,RM202,1,Library Entrance,12:56:00,232,4,1,PRESENT,0
STU1090,Business Admin,2,GATE_NORTH,08:43:00,1,CL_ME102_2,RM404,0,Academic Block Corridor,10:58:00,135,4,1,NOT_YET_VERIFIED,1
STU1091,Business Admin,2,GATE_SOUTH,08:11:00,1,CL_DS201_2,RM202,0,Main Building Entrance,11:24:00,193,4,1,NOT_YET_VERIFIED,1
STU1092,Computer Science,1,GATE_SOUTH,08:05:00,1,CL_EE301_1,RM303,0,Main Building Entrance,10:12:00,127,3,1,NOT_YET_VERIFIED,1
STU1093,Computer Science,2,GATE_NORTH,08:16:00,1,CL_DS201_2,RM202,1,Main Building Entrance,11:59:00,223,4,0,PRESENT,0
STU1094,Computer Science,1,GATE_NORTH,09:29:00,1,CL_CS101_2,RM101,1,Academic Block Corridor,13:57:00,268,4,1,PRESENT,0
STU1095,Electrical Eng,1,GATE_NORTH,08:45:00,1,CL_DS201_1,RM202,1,Computer Laboratory Corridor,10:49:00,124,2,1,PRESENT,0
STU1096,Business Admin,2,GATE_NORTH,08:57:00,1,CL_DS201_2,RM202,1,Canteen Entrance,09:16:00,19,1,1,PRESENT,0
STU1097,Electrical Eng,4,GATE_SOUTH,09:03:00,1,CL_DS201_2,RM202,1,Canteen Entrance,10:38:00,95,2,1,PRESENT,0
STU1098,Data Science,2,NONE,00:00:00,0,CL_CS101_2,RM101,0,UNKNOWN,00:00:00,0,0,0,ABSENCE_REQUIRES_REVIEW,0
STU1099,Business Admin,4,GATE_NORTH,09:30:00,1,CL_EE301_2,RM303,1,Canteen Entrance,10:29:00,59,2,1,PRESENT,0
STU1100,Data Science,4,GATE_SOUTH,08:26:00,1,CL_CS101_2,RM101,1,Library Entrance,10:40:00,134,2,1,PRESENT,0
STU1101,Mechanical Eng,2,GATE_NORTH,09:16:00,1,CL_BA101_1,RM505,1,Computer Laboratory Corridor,12:10:00,174,4,1,PRESENT,0
STU1102,Computer Science,1,GATE_SOUTH,09:14:00,1,CL_DS201_2,RM202,1,Canteen Entrance,09:50:00,36,2,0,PRESENT,0
STU1103,Mechanical Eng,3,NONE,00:00:00,0,CL_BA101_1,RM505,0,UNKNOWN,00:00:00,0,0,0,ABSENCE_REQUIRES_REVIEW,0
STU1104,Mechanical Eng,4,GATE_SOUTH,08:56:00,1,CL_ME102_2,RM404,1,Computer Laboratory Corridor,12:10:00,194,3,1,PRESENT,0
STU1105,Mechanical Eng,1,GATE_SOUTH,07:47:00,1,CL_BA101_2,RM505,1,Computer Laboratory Corridor,09:43:00,116,2,1,PRESENT,0
STU1106,Computer Science,1,NONE,00:00:00,0,CL_CS101_2,RM101,0,UNKNOWN,00:00:00,0,0,0,EXCUSED,0
STU1107,Mechanical Eng,3,NONE,00:00:00,0,CL_CS101_1,RM101,0,UNKNOWN,00:00:00,0,0,0,EXCUSED,0
STU1108,Computer Science,2,GATE_SOUTH,08:00:00,1,CL_ME102_2,RM404,1,Library Entrance,12:00:00,240,4,0,PRESENT,0
STU1109,Data Science,2,GATE_NORTH,08:54:00,1,CL_BA101_2,RM505,1,Academic Block Corridor,12:30:00,216,3,1,PRESENT,0
STU1110,Business Admin,4,NONE,00:00:00,0,CL_BA101_2,RM505,0,UNKNOWN,00:00:00,0,0,0,ABSENCE_REQUIRES_REVIEW,0
STU1111,Data Science,4,GATE_SOUTH,09:01:00,1,CL_EE301_1,RM303,1,Computer Laboratory Corridor,10:33:00,92,2,1,PRESENT,0
STU1112,Data Science,3,GATE_SOUTH,09:11:00,1,CL_DS201_2,RM202,1,Main Building Entrance,10:42:00,91,2,1,PRESENT,0
STU1113,Mechanical Eng,2,GATE_SOUTH,07:39:00,1,CL_EE301_1,RM303,1,Academic Block Corridor,09:30:00,111,3,1,PRESENT,0
STU1114,Computer Science,4,GATE_SOUTH,08:46:00,1,CL_CS101_2,RM101,1,Canteen Entrance,10:48:00,122,3,1,PRESENT,0
STU1115,Business Admin,1,GATE_SOUTH,08:44:00,1,CL_DS201_1,RM202,1,Computer Laboratory Corridor,09:56:00,72,2,1,PRESENT,0
STU1116,Computer Science,1,GATE_SOUTH,08:38:00,1,CL_ME102_1,RM404,1,Canteen Entrance,08:55:00,17,1,1,PRESENT,0
STU1117,Computer Science,2,GATE_NORTH,08:39:00,1,CL_EE301_1,RM303,1,Computer Laboratory Corridor,10:37:00,118,2,1,PRESENT,0
STU1118,Data Science,4,GATE_SOUTH,09:11:00,1,CL_BA101_1,RM505,0,Library Entrance,09:49:00,38,1,1,NOT_YET_VERIFIED,1
STU1119,Mechanical Eng,4,GATE_NORTH,08:59:00,1,CL_ME102_2,RM404,1,Library Entrance,09:19:00,20,1,1,PRESENT,0
STU1120,Data Science,4,GATE_NORTH,07:43:00,1,CL_CS101_2,RM101,1,Academic Block Corridor,10:44:00,181,3,1,PRESENT,0
STU1121,Computer Science,2,GATE_SOUTH,08:54:00,1,CL_BA101_1,RM505,1,Main Building Entrance,11:13:00,139,3,1,PRESENT,0
STU1122,Mechanical Eng,1,NONE,00:00:00,0,CL_BA101_1,RM505,0,UNKNOWN,00:00:00,0,0,0,ABSENCE_REQUIRES_REVIEW,0
STU1123,Mechanical Eng,3,GATE_NORTH,07:51:00,1,CL_ME102_2,RM404,1,Academic Block Corridor,09:53:00,122,2,1,PRESENT,0
STU1124,Mechanical Eng,3,GATE_SOUTH,08:42:00,1,CL_DS201_1,RM202,1,Canteen Entrance,09:55:00,73,2,1,PRESENT,0
STU1125,Mechanical Eng,4,GATE_SOUTH,09:06:00,1,CL_CS101_2,RM101,1,Main Building Entrance,11:11:00,125,2,1,PRESENT,0
STU1126,Data Science,2,GATE_SOUTH,09:11:00,1,CL_DS201_2,RM202,1,Computer Laboratory Corridor,11:13:00,122,2,1,PRESENT,0
STU1127,Electrical Eng,2,GATE_NORTH,07:43:00,1,CL_ME102_2,RM404,1,Academic Block Corridor,09:11:00,88,2,1,PRESENT,0
STU1128,Computer Science,1,GATE_SOUTH,07:42:00,1,CL_DS201_2,RM202,1,Academic Block Corridor,08:58:00,76,2,0,PRESENT,0
STU1129,Electrical Eng,1,GATE_NORTH,07:58:00,1,CL_CS101_2,RM101,1,Canteen Entrance,09:27:00,89,3,1,PRESENT,0
STU1130,Computer Science,4,NONE,00:00:00,0,CL_BA101_1,RM505,0,UNKNOWN,00:00:00,0,0,0,EXCUSED,0
STU1131,Business Admin,2,NONE,00:00:00,0,CL_DS201_1,RM202,0,UNKNOWN,00:00:00,0,0,0,EXCUSED,0
STU1132,Computer Science,1,GATE_SOUTH,08:27:00,1,CL_DS201_2,RM202,0,Canteen Entrance,10:25:00,118,2,0,NOT_YET_VERIFIED,1
STU1133,Data Science,1,NONE,00:00:00,0,CL_DS201_2,RM202,0,UNKNOWN,00:00:00,0,0,0,EXCUSED,0
STU1134,Business Admin,1,GATE_SOUTH,08:20:00,1,CL_EE301_2,RM303,1,Main Building Entrance,12:56:00,276,4,1,PRESENT,0
STU1135,Data Science,4,NONE,00:00:00,0,CL_BA101_2,RM505,0,UNKNOWN,00:00:00,0,0,0,EXCUSED,0
STU1136,Computer Science,2,NONE,00:00:00,0,CL_BA101_1,RM505,0,UNKNOWN,00:00:00,0,0,0,ABSENCE_REQUIRES_REVIEW,0
STU1137,Business Admin,1,GATE_NORTH,09:08:00,1,CL_EE301_2,RM303,0,Academic Block Corridor,11:19:00,131,4,1,NOT_YET_VERIFIED,1
STU1138,Business Admin,1,NONE,00:00:00,0,CL_DS201_1,RM202,0,UNKNOWN,00:00:00,0,0,0,EXCUSED,0
STU1139,Mechanical Eng,3,GATE_NORTH,08:14:00,1,CL_BA101_1,RM505,0,Main Building Entrance,10:43:00,149,4,1,NOT_YET_VERIFIED,1
STU1140,Electrical Eng,2,GATE_NORTH,08:31:00,1,CL_BA101_1,RM505,1,Main Building Entrance,08:57:00,26,1,1,PRESENT,0
STU1141,Electrical Eng,2,GATE_SOUTH,08:07:00,1,CL_DS201_2,RM202,1,Computer Laboratory Corridor,09:29:00,82,1,1,PRESENT,0
STU1142,Electrical Eng,4,GATE_NORTH,09:27:00,1,CL_DS201_2,RM202,1,Academic Block Corridor,11:27:00,120,2,1,PRESENT,0
STU1143,Data Science,3,NONE,00:00:00,0,CL_EE301_2,RM303,0,UNKNOWN,00:00:00,0,0,0,ABSENCE_REQUIRES_REVIEW,0
STU1144,Mechanical Eng,3,GATE_NORTH,07:44:00,1,CL_ME102_1,RM404,1,Canteen Entrance,09:25:00,101,2,1,PRESENT,0
STU1145,Computer Science,1,NONE,00:00:00,0,CL_BA101_1,RM505,0,UNKNOWN,00:00:00,0,0,0,ABSENCE_REQUIRES_REVIEW,0
STU1146,Mechanical Eng,1,GATE_SOUTH,08:14:00,1,CL_DS201_2,RM202,1,Computer Laboratory Corridor,10:20:00,126,3,1,PRESENT,0
STU1147,Computer Science,2,GATE_SOUTH,08:13:00,1,CL_BA101_1,RM505,1,Library Entrance,09:31:00,78,1,1,PRESENT,0
STU1148,Business Admin,3,GATE_NORTH,09:10:00,1,CL_ME102_2,RM404,0,Library Entrance,11:43:00,153,4,0,NOT_YET_VERIFIED,1
STU1149,Data Science,3,GATE_SOUTH,08:36:00,1,CL_EE301_1,RM303,1,Academic Block Corridor,10:50:00,134,3,1,PRESENT,0
STU1150,Computer Science,2,NONE,00:00:00,0,CL_CS101_2,RM101,0,UNKNOWN,00:00:00,0,0,0,ABSENCE_REQUIRES_REVIEW,0
STU1151,Electrical Eng,3,GATE_SOUTH,08:14:00,1,CL_DS201_2,RM202,1,Canteen Entrance,09:07:00,53,1,1,PRESENT,0
STU1152,Data Science,4,GATE_SOUTH,07:42:00,1,CL_CS101_2,RM101,1,Academic Block Corridor,08:51:00,69,1,1,PRESENT,0
STU1153,Business Admin,3,GATE_SOUTH,09:02:00,1,CL_ME102_2,RM404,0,Library Entrance,10:54:00,112,2,1,NOT_YET_VERIFIED,1
STU1154,Business Admin,1,NONE,00:00:00,0,CL_ME102_1,RM404,0,UNKNOWN,00:00:00,0,0,0,ABSENCE_REQUIRES_REVIEW,0
STU1155,Business Admin,3,GATE_NORTH,08:10:00,1,CL_CS101_1,RM101,1,Academic Block Corridor,09:38:00,88,1,1,PRESENT,0
STU1156,Computer Science,2,GATE_NORTH,08:08:00,1,CL_ME102_2,RM404,0,Academic Block Corridor,11:10:00,182,3,1,NOT_YET_VERIFIED,1
STU1157,Electrical Eng,1,GATE_NORTH,09:13:00,1,CL_CS101_2,RM101,1,Computer Laboratory Corridor,13:45:00,272,4,1,PRESENT,0
STU1158,Computer Science,2,GATE_SOUTH,07:32:00,1,CL_DS201_2,RM202,1,Canteen Entrance,08:11:00,39,2,1,PRESENT,0
STU1159,Electrical Eng,3,GATE_NORTH,08:52:00,1,CL_EE301_1,RM303,1,Canteen Entrance,09:21:00,29,1,1,PRESENT,0
STU1160,Business Admin,2,GATE_NORTH,08:56:00,1,CL_CS101_1,RM101,1,Main Building Entrance,10:50:00,114,2,1,PRESENT,0
STU1161,Electrical Eng,2,GATE_NORTH,09:29:00,1,CL_EE301_1,RM303,1,Main Building Entrance,11:49:00,140,2,1,PRESENT,0
STU1162,Electrical Eng,4,GATE_NORTH,08:36:00,1,CL_EE301_2,RM303,0,Canteen Entrance,11:20:00,164,3,1,NOT_YET_VERIFIED,1
STU1163,Electrical Eng,1,GATE_NORTH,08:40:00,1,CL_CS101_1,RM101,1,Canteen Entrance,11:02:00,142,2,1,PRESENT,0
STU1164,Computer Science,4,GATE_SOUTH,08:12:00,1,CL_ME102_2,RM404,1,Main Building Entrance,11:07:00,175,4,1,PRESENT,0
STU1165,Electrical Eng,1,GATE_NORTH,08:29:00,1,CL_ME102_1,RM404,0,Main Building Entrance,12:18:00,229,4,1,NOT_YET_VERIFIED,1
STU1166,Computer Science,3,GATE_SOUTH,09:12:00,1,CL_EE301_1,RM303,1,Canteen Entrance,09:27:00,15,1,1,PRESENT,0
STU1167,Data Science,3,NONE,00:00:00,0,CL_CS101_1,RM101,0,UNKNOWN,00:00:00,0,0,0,ABSENCE_REQUIRES_REVIEW,0
STU1168,Data Science,4,GATE_NORTH,08:50:00,1,CL_EE301_1,RM303,1,Library Entrance,11:17:00,147,3,1,PRESENT,0
STU1169,Business Admin,4,GATE_SOUTH,07:53:00,1,CL_EE301_2,RM303,0,Library Entrance,10:22:00,149,3,1,NOT_YET_VERIFIED,1
STU1170,Business Admin,1,GATE_NORTH,08:20:00,1,CL_CS101_1,RM101,1,Computer Laboratory Corridor,10:41:00,141,3,1,PRESENT,0
STU1171,Computer Science,1,GATE_NORTH,09:04:00,1,CL_BA101_1,RM505,1,Main Building Entrance,12:57:00,233,4,1,PRESENT,0
STU1172,Data Science,1,GATE_SOUTH,08:27:00,1,CL_CS101_2,RM101,1,Computer Laboratory Corridor,10:07:00,100,2,1,PRESENT,0
STU1173,Electrical Eng,2,GATE_NORTH,08:19:00,1,CL_BA101_2,RM505,1,Computer Laboratory Corridor,10:03:00,104,2,1,PRESENT,0
STU1174,Mechanical Eng,2,GATE_NORTH,09:00:00,1,CL_BA101_1,RM505,1,Academic Block Corridor,12:36:00,216,4,1,PRESENT,0
STU1175,Computer Science,3,GATE_SOUTH,07:56:00,1,CL_ME102_2,RM404,1,Academic Block Corridor,12:00:00,244,4,1,PRESENT,0
STU1176,Electrical Eng,1,GATE_NORTH,09:06:00,1,CL_ME102_2,RM404,1,Academic Block Corridor,10:12:00,66,2,1,PRESENT,0
STU1177,Electrical Eng,2,NONE,00:00:00,0,CL_EE301_1,RM303,0,UNKNOWN,00:00:00,0,0,0,ABSENCE_REQUIRES_REVIEW,0
STU1178,Data Science,1,GATE_NORTH,08:43:00,1,CL_CS101_1,RM101,0,Library Entrance,09:54:00,71,1,1,NOT_YET_VERIFIED,1
STU1179,Electrical Eng,4,GATE_NORTH,09:12:00,1,CL_CS101_1,RM101,1,Academic Block Corridor,09:40:00,28,1,1,PRESENT,0
STU1180,Business Admin,2,GATE_SOUTH,08:16:00,1,CL_ME102_2,RM404,1,Academic Block Corridor,12:15:00,239,3,1,PRESENT,0
STU1181,Data Science,2,GATE_SOUTH,07:55:00,1,CL_BA101_2,RM505,1,Canteen Entrance,09:46:00,111,2,1,PRESENT,0
STU1182,Data Science,4,GATE_SOUTH,07:44:00,1,CL_DS201_1,RM202,1,Academic Block Corridor,10:15:00,151,4,1,PRESENT,0
STU1183,Computer Science,2,GATE_SOUTH,08:55:00,1,CL_EE301_1,RM303,1,Main Building Entrance,12:11:00,196,4,1,PRESENT,0
STU1184,Electrical Eng,4,GATE_SOUTH,08:37:00,1,CL_BA101_1,RM505,1,Library Entrance,10:19:00,102,2,1,PRESENT,0
STU1185,Data Science,3,GATE_SOUTH,08:46:00,1,CL_ME102_1,RM404,1,Computer Laboratory Corridor,13:32:00,286,4,1,PRESENT,0
STU1186,Data Science,1,GATE_SOUTH,08:48:00,1,CL_DS201_2,RM202,1,Academic Block Corridor,10:43:00,115,3,1,PRESENT,0
STU1187,Mechanical Eng,1,GATE_NORTH,08:45:00,1,CL_CS101_1,RM101,1,Academic Block Corridor,11:28:00,163,2,1,PRESENT,0
STU1188,Mechanical Eng,2,GATE_SOUTH,08:14:00,1,CL_ME102_1,RM404,1,Academic Block Corridor,09:38:00,84,1,1,PRESENT,0
STU1189,Data Science,4,GATE_SOUTH,09:18:00,1,CL_ME102_2,RM404,1,Canteen Entrance,12:56:00,218,3,1,PRESENT,0
STU1190,Electrical Eng,3,GATE_NORTH,08:49:00,1,CL_DS201_2,RM202,1,Canteen Entrance,12:03:00,194,3,0,PRESENT,0
STU1191,Data Science,2,NONE,00:00:00,0,CL_DS201_2,RM202,0,UNKNOWN,00:00:00,0,0,0,EXCUSED,0
STU1192,Computer Science,2,GATE_SOUTH,09:14:00,1,CL_BA101_2,RM505,1,Canteen Entrance,10:04:00,50,1,1,PRESENT,0
STU1193,Mechanical Eng,3,GATE_NORTH,09:27:00,1,CL_DS201_2,RM202,1,Canteen Entrance,12:21:00,174,3,1,PRESENT,0
STU1194,Electrical Eng,1,GATE_NORTH,08:56:00,1,CL_EE301_1,RM303,1,Library Entrance,12:28:00,212,4,1,PRESENT,0
STU1195,Electrical Eng,3,NONE,00:00:00,0,CL_CS101_1,RM101,0,UNKNOWN,00:00:00,0,0,0,EXCUSED,0
STU1196,Business Admin,4,GATE_NORTH,08:10:00,1,CL_EE301_1,RM303,1,Main Building Entrance,08:58:00,48,1,1,PRESENT,0
STU1197,Business Admin,3,GATE_SOUTH,08:00:00,1,CL_BA101_1,RM505,1,Canteen Entrance,11:30:00,210,4,0,PRESENT,0
STU1198,Computer Science,1,GATE_NORTH,07:44:00,1,CL_DS201_1,RM202,1,Academic Block Corridor,10:42:00,178,4,1,PRESENT,0
STU1199,Electrical Eng,2,GATE_NORTH,08:17:00,1,CL_DS201_1,RM202,0,Academic Block Corridor,10:33:00,136,2,1,NOT_YET_VERIFIED,1
STU1200,Business Admin,3,NONE,00:00:00,0,CL_ME102_1,RM404,0,UNKNOWN,00:00:00,0,0,0,ABSENCE_REQUIRES_REVIEW,0
STU1201,Computer Science,1,GATE_SOUTH,08:35:00,1,CL_EE301_1,RM303,0,Computer Laboratory Corridor,08:51:00,16,1,1,NOT_YET_VERIFIED,1
STU1202,Business Admin,4,GATE_NORTH,08:23:00,1,CL_DS201_1,RM202,1,Main Building Entrance,10:53:00,150,4,1,PRESENT,0
STU1203,Electrical Eng,3,GATE_SOUTH,08:43:00,1,CL_ME102_2,RM404,1,Library Entrance,12:57:00,254,4,1,PRESENT,0
STU1204,Mechanical Eng,1,GATE_NORTH,08:24:00,1,CL_DS201_1,RM202,0,Computer Laboratory Corridor,09:27:00,63,1,1,NOT_YET_VERIFIED,1
STU1205,Mechanical Eng,2,GATE_NORTH,08:32:00,1,CL_DS201_2,RM202,1,Library Entrance,10:28:00,116,3,1,PRESENT,0
STU1206,Electrical Eng,1,GATE_NORTH,08:41:00,1,CL_EE301_2,RM303,1,Main Building Entrance,09:28:00,47,2,1,PRESENT,0
STU1207,Mechanical Eng,1,GATE_SOUTH,08:32:00,1,CL_BA101_2,RM505,1,Computer Laboratory Corridor,11:29:00,177,4,1,PRESENT,0
STU1208,Business Admin,2,GATE_NORTH,07:47:00,1,CL_DS201_1,RM202,1,Academic Block Corridor,08:32:00,45,2,1,PRESENT,0
STU1209,Electrical Eng,4,GATE_SOUTH,08:10:00,1,CL_ME102_1,RM404,1,Computer Laboratory Corridor,10:29:00,139,3,1,PRESENT,0
STU1210,Computer Science,3,GATE_NORTH,08:49:00,1,CL_DS201_2,RM202,1,Canteen Entrance,10:05:00,76,2,1,PRESENT,0
STU1211,Business Admin,3,GATE_SOUTH,09:20:00,1,CL_EE301_1,RM303,1,Library Entrance,12:46:00,206,3,1,PRESENT,0
STU1212,Computer Science,3,NONE,00:00:00,0,CL_EE301_2,RM303,0,UNKNOWN,00:00:00,0,0,0,EXCUSED,0
STU1213,Business Admin,3,GATE_SOUTH,07:31:00,1,CL_ME102_1,RM404,0,Computer Laboratory Corridor,09:26:00,115,3,1,NOT_YET_VERIFIED,1
STU1214,Mechanical Eng,3,GATE_NORTH,07:47:00,1,CL_CS101_2,RM101,1,Library Entrance,10:37:00,170,4,1,PRESENT,0
STU1215,Mechanical Eng,3,NONE,00:00:00,0,CL_DS201_1,RM202,0,UNKNOWN,00:00:00,0,0,0,ABSENCE_REQUIRES_REVIEW,0
STU1216,Business Admin,2,NONE,00:00:00,0,CL_EE301_2,RM303,0,UNKNOWN,00:00:00,0,0,0,ABSENCE_REQUIRES_REVIEW,0
STU1217,Data Science,4,GATE_SOUTH,09:14:00,1,CL_EE301_2,RM303,1,Library Entrance,10:32:00,78,3,1,PRESENT,0
STU1218,Mechanical Eng,2,GATE_SOUTH,08:41:00,1,CL_CS101_1,RM101,1,Main Building Entrance,10:16:00,95,3,1,PRESENT,0
STU1219,Business Admin,3,NONE,00:00:00,0,CL_BA101_2,RM505,0,UNKNOWN,00:00:00,0,0,0,ABSENCE_REQUIRES_REVIEW,0
STU1220,Mechanical Eng,1,GATE_SOUTH,08:22:00,1,CL_EE301_2,RM303,1,Main Building Entrance,10:53:00,151,2,1,PRESENT,0
STU1221,Electrical Eng,3,GATE_SOUTH,08:23:00,1,CL_DS201_2,RM202,1,Main Building Entrance,09:17:00,54,2,1,PRESENT,0
STU1222,Data Science,4,GATE_NORTH,08:32:00,1,CL_ME102_1,RM404,1,Canteen Entrance,11:53:00,201,4,0,PRESENT,0
STU1223,Business Admin,3,NONE,00:00:00,0,CL_ME102_2,RM404,0,UNKNOWN,00:00:00,0,0,0,ABSENCE_REQUIRES_REVIEW,0
STU1224,Mechanical Eng,4,GATE_NORTH,07:40:00,1,CL_DS201_1,RM202,1,Academic Block Corridor,09:20:00,100,2,1,PRESENT,0
STU1225,Mechanical Eng,2,NONE,00:00:00,0,CL_ME102_1,RM404,0,UNKNOWN,00:00:00,0,0,0,ABSENCE_REQUIRES_REVIEW,0
STU1226,Business Admin,4,NONE,00:00:00,0,CL_BA101_1,RM505,0,UNKNOWN,00:00:00,0,0,0,ABSENCE_REQUIRES_REVIEW,0
STU1227,Data Science,1,GATE_NORTH,09:11:00,1,CL_EE301_2,RM303,1,Computer Laboratory Corridor,11:16:00,125,2,1,PRESENT,0
STU1228,Electrical Eng,3,GATE_NORTH,08:07:00,1,CL_CS101_2,RM101,0,Canteen Entrance,09:08:00,61,1,1,NOT_YET_VERIFIED,1
STU1229,Computer Science,2,GATE_NORTH,08:05:00,1,CL_ME102_1,RM404,1,Academic Block Corridor,11:58:00,233,3,1,PRESENT,0
STU1230,Electrical Eng,2,GATE_SOUTH,08:38:00,1,CL_BA101_1,RM505,1,Computer Laboratory Corridor,12:28:00,230,4,1,PRESENT,0
STU1231,Data Science,2,GATE_SOUTH,07:51:00,1,CL_EE301_1,RM303,1,Canteen Entrance,11:09:00,198,4,1,PRESENT,0
STU1232,Computer Science,1,GATE_SOUTH,08:42:00,1,CL_BA101_2,RM505,1,Computer Laboratory Corridor,11:16:00,154,3,1,PRESENT,0
STU1233,Data Science,4,GATE_NORTH,08:40:00,1,CL_BA101_1,RM505,1,Academic Block Corridor,11:00:00,140,2,1,PRESENT,0
STU1234,Business Admin,1,NONE,00:00:00,0,CL_CS101_2,RM101,0,UNKNOWN,00:00:00,0,0,0,ABSENCE_REQUIRES_REVIEW,0
STU1235,Mechanical Eng,4,GATE_NORTH,08:43:00,1,CL_BA101_1,RM505,1,Canteen Entrance,12:36:00,233,4,1,PRESENT,0
STU1236,Business Admin,2,GATE_SOUTH,08:04:00,1,CL_ME102_1,RM404,1,Computer Laboratory Corridor,09:52:00,108,2,1,PRESENT,0
STU1237,Mechanical Eng,4,GATE_NORTH,08:39:00,1,CL_CS101_2,RM101,1,Academic Block Corridor,09:48:00,69,1,1,PRESENT,0
STU1238,Mechanical Eng,2,GATE_SOUTH,09:07:00,1,CL_EE301_1,RM303,1,Computer Laboratory Corridor,12:52:00,225,4,1,PRESENT,0
STU1239,Data Science,1,GATE_NORTH,08:39:00,1,CL_ME102_1,RM404,1,Main Building Entrance,12:17:00,218,4,1,PRESENT,0
STU1240,Computer Science,4,GATE_NORTH,08:24:00,1,CL_ME102_1,RM404,1,Canteen Entrance,10:09:00,105,2,1,PRESENT,0
STU1241,Data Science,2,GATE_NORTH,09:04:00,0,CL_DS201_1,RM202,0,UNKNOWN,00:00:00,0,0,0,EXCUSED,0
STU1242,Business Admin,4,GATE_NORTH,08:08:00,1,CL_EE301_2,RM303,1,Academic Block Corridor,12:21:00,253,4,0,PRESENT,0
STU1243,Computer Science,2,GATE_SOUTH,08:27:00,1,CL_DS201_2,RM202,1,Computer Laboratory Corridor,10:29:00,122,2,0,PRESENT,0
STU1244,Computer Science,4,NONE,00:00:00,0,CL_DS201_1,RM202,0,UNKNOWN,00:00:00,0,0,0,ABSENCE_REQUIRES_REVIEW,0
STU1245,Data Science,4,GATE_NORTH,08:14:00,1,CL_CS101_1,RM101,1,Computer Laboratory Corridor,10:35:00,141,3,1,PRESENT,0
STU1246,Business Admin,3,GATE_NORTH,08:26:00,1,CL_DS201_1,RM202,1,Main Building Entrance,10:30:00,124,2,1,PRESENT,0
STU1247,Mechanical Eng,4,GATE_NORTH,09:09:00,1,CL_DS201_2,RM202,1,Computer Laboratory Corridor,09:42:00,33,1,1,PRESENT,0
STU1248,Business Admin,4,NONE,00:00:00,0,CL_BA101_1,RM505,0,UNKNOWN,00:00:00,0,0,0,EXCUSED,0
STU1249,Data Science,4,GATE_SOUTH,07:56:00,1,CL_BA101_1,RM505,1,Computer Laboratory Corridor,08:48:00,52,1,1,PRESENT,0
STU1250,Mechanical Eng,3,GATE_SOUTH,09:20:00,1,CL_DS201_1,RM202,1,Library Entrance,11:27:00,127,2,1,PRESENT,0
STU1251,Data Science,3,GATE_NORTH,07:51:00,1,CL_EE301_1,RM303,1,Computer Laboratory Corridor,11:40:00,229,3,1,PRESENT,0
STU1252,Business Admin,4,GATE_NORTH,09:10:00,1,CL_EE301_2,RM303,1,Library Entrance,11:50:00,160,3,1,PRESENT,0
STU1253,Data Science,3,GATE_NORTH,09:14:00,1,CL_CS101_2,RM101,1,Library Entrance,11:55:00,161,3,1,PRESENT,0
STU1254,Mechanical Eng,1,NONE,00:00:00,0,CL_DS201_2,RM202,0,UNKNOWN,00:00:00,0,0,0,ABSENCE_REQUIRES_REVIEW,0
STU1255,Electrical Eng,2,GATE_NORTH,09:13:00,1,CL_DS201_1,RM202,0,Library Entrance,10:53:00,100,2,1,NOT_YET_VERIFIED,1
STU1256,Electrical Eng,3,NONE,00:00:00,0,CL_EE301_1,RM303,0,UNKNOWN,00:00:00,0,0,0,ABSENCE_REQUIRES_REVIEW,0
STU1257,Electrical Eng,1,GATE_SOUTH,08:42:00,1,CL_ME102_1,RM404,0,Computer Laboratory Corridor,11:11:00,149,2,1,NOT_YET_VERIFIED,1
STU1258,Data Science,2,GATE_SOUTH,08:38:00,1,CL_CS101_1,RM101,1,Canteen Entrance,11:46:00,188,3,1,PRESENT,0
STU1259,Data Science,4,GATE_NORTH,08:46:00,1,CL_ME102_1,RM404,1,Main Building Entrance,12:22:00,216,4,1,PRESENT,0
STU1260,Data Science,2,GATE_SOUTH,08:11:00,0,CL_CS101_2,RM101,0,UNKNOWN,00:00:00,0,0,0,EXCUSED,0
STU1261,Computer Science,4,GATE_SOUTH,08:07:00,1,CL_CS101_2,RM101,1,Main Building Entrance,10:09:00,122,2,1,PRESENT,0
STU1262,Mechanical Eng,3,NONE,00:00:00,0,CL_EE301_1,RM303,0,UNKNOWN,00:00:00,0,0,0,EXCUSED,0
STU1263,Business Admin,4,GATE_NORTH,09:19:00,1,CL_CS101_1,RM101,1,Canteen Entrance,10:58:00,99,2,1,PRESENT,0
STU1264,Mechanical Eng,1,GATE_SOUTH,07:47:00,1,CL_EE301_1,RM303,1,Computer Laboratory Corridor,10:32:00,165,3,1,PRESENT,0
STU1265,Data Science,4,GATE_NORTH,09:27:00,1,CL_DS201_1,RM202,1,Main Building Entrance,12:56:00,209,4,1,PRESENT,0
STU1266,Mechanical Eng,1,NONE,00:00:00,0,CL_DS201_1,RM202,0,UNKNOWN,00:00:00,0,0,0,ABSENCE_REQUIRES_REVIEW,0
STU1267,Business Admin,4,GATE_NORTH,08:05:00,1,CL_DS201_2,RM202,1,Computer Laboratory Corridor,08:20:00,15,1,1,PRESENT,0
STU1268,Mechanical Eng,1,NONE,00:00:00,0,CL_ME102_2,RM404,0,UNKNOWN,00:00:00,0,0,0,ABSENCE_REQUIRES_REVIEW,0
STU1269,Electrical Eng,3,NONE,00:00:00,0,CL_DS201_1,RM202,0,UNKNOWN,00:00:00,0,0,0,ABSENCE_REQUIRES_REVIEW,0
STU1270,Mechanical Eng,4,GATE_NORTH,08:59:00,1,CL_CS101_2,RM101,0,Canteen Entrance,13:10:00,251,4,1,NOT_YET_VERIFIED,1
STU1271,Business Admin,2,GATE_NORTH,08:01:00,1,CL_EE301_1,RM303,1,Main Building Entrance,09:34:00,93,2,1,PRESENT,0
STU1272,Mechanical Eng,2,GATE_SOUTH,09:01:00,1,CL_CS101_2,RM101,0,Computer Laboratory Corridor,11:46:00,165,4,0,NOT_YET_VERIFIED,1
STU1273,Electrical Eng,4,GATE_NORTH,09:16:00,1,CL_ME102_1,RM404,1,Academic Block Corridor,10:18:00,62,1,1,PRESENT,0
STU1274,Mechanical Eng,1,NONE,00:00:00,0,CL_EE301_1,RM303,0,UNKNOWN,00:00:00,0,0,0,ABSENCE_REQUIRES_REVIEW,0
STU1275,Mechanical Eng,3,NONE,00:00:00,0,CL_ME102_1,RM404,0,UNKNOWN,00:00:00,0,0,0,EXCUSED,0
STU1276,Mechanical Eng,2,GATE_SOUTH,09:07:00,1,CL_DS201_1,RM202,1,Canteen Entrance,11:45:00,158,3,1,PRESENT,0
STU1277,Mechanical Eng,2,GATE_NORTH,08:32:00,1,CL_DS201_1,RM202,1,Canteen Entrance,09:24:00,52,1,1,PRESENT,0
STU1278,Business Admin,1,GATE_SOUTH,08:43:00,1,CL_ME102_1,RM404,1,Canteen Entrance,10:45:00,122,2,1,PRESENT,0
STU1279,Mechanical Eng,1,NONE,00:00:00,0,CL_EE301_2,RM303,0,UNKNOWN,00:00:00,0,0,0,ABSENCE_REQUIRES_REVIEW,0
STU1280,Computer Science,4,GATE_SOUTH,08:50:00,1,CL_DS201_2,RM202,1,Computer Laboratory Corridor,11:26:00,156,3,1,PRESENT,0
STU1281,Data Science,4,GATE_SOUTH,08:18:00,1,CL_ME102_2,RM404,1,Library Entrance,09:00:00,42,1,1,PRESENT,0
STU1282,Data Science,1,GATE_NORTH,07:39:00,1,CL_EE301_2,RM303,1,Computer Laboratory Corridor,08:47:00,68,1,1,PRESENT,0
STU1283,Electrical Eng,4,NONE,00:00:00,0,CL_BA101_1,RM505,0,UNKNOWN,00:00:00,0,0,0,EXCUSED,0
STU1284,Electrical Eng,2,GATE_SOUTH,08:21:00,1,CL_DS201_2,RM202,1,Computer Laboratory Corridor,09:10:00,49,2,0,PRESENT,0
STU1285,Mechanical Eng,3,GATE_SOUTH,08:58:00,1,CL_ME102_1,RM404,1,Canteen Entrance,11:02:00,124,3,1,PRESENT,0
STU1286,Electrical Eng,4,NONE,00:00:00,0,CL_BA101_1,RM505,0,UNKNOWN,00:00:00,0,0,0,EXCUSED,0
STU1287,Electrical Eng,4,GATE_SOUTH,08:28:00,1,CL_CS101_1,RM101,1,Main Building Entrance,09:37:00,69,1,1,PRESENT,0
STU1288,Electrical Eng,1,GATE_NORTH,08:11:00,1,CL_BA101_2,RM505,1,Main Building Entrance,10:48:00,157,4,1,PRESENT,0
STU1289,Mechanical Eng,1,GATE_NORTH,09:21:00,1,CL_BA101_1,RM505,1,Academic Block Corridor,10:49:00,88,2,1,PRESENT,0
STU1290,Business Admin,1,GATE_SOUTH,09:03:00,1,CL_BA101_1,RM505,1,Library Entrance,11:44:00,161,2,1,PRESENT,0
STU1291,Electrical Eng,2,GATE_SOUTH,08:51:00,1,CL_DS201_1,RM202,1,Academic Block Corridor,10:56:00,125,2,1,PRESENT,0
STU1292,Computer Science,1,NONE,00:00:00,0,CL_BA101_1,RM505,0,UNKNOWN,00:00:00,0,0,0,ABSENCE_REQUIRES_REVIEW,0
STU1293,Computer Science,2,GATE_NORTH,09:18:00,0,CL_BA101_2,RM505,0,UNKNOWN,00:00:00,0,0,0,ABSENCE_REQUIRES_REVIEW,0
STU1294,Data Science,1,NONE,00:00:00,0,CL_BA101_2,RM505,0,UNKNOWN,00:00:00,0,0,0,ABSENCE_REQUIRES_REVIEW,0
STU1295,Business Admin,2,GATE_SOUTH,09:11:00,1,CL_EE301_1,RM303,1,Academic Block Corridor,12:01:00,170,3,1,PRESENT,0
STU1296,Data Science,2,NONE,00:00:00,0,CL_DS201_2,RM202,0,UNKNOWN,00:00:00,0,0,0,ABSENCE_REQUIRES_REVIEW,0
STU1297,Mechanical Eng,1,GATE_SOUTH,07:57:00,1,CL_ME102_1,RM404,1,Canteen Entrance,10:10:00,133,3,1,PRESENT,0
STU1298,Business Admin,2,GATE_NORTH,09:15:00,1,CL_DS201_1,RM202,1,Main Building Entrance,11:50:00,155,3,1,PRESENT,0
STU1299,Mechanical Eng,3,NONE,00:00:00,0,CL_BA101_1,RM505,0,UNKNOWN,00:00:00,0,0,0,ABSENCE_REQUIRES_REVIEW,0
STU1300,Electrical Eng,2,GATE_SOUTH,08:33:00,1,CL_ME102_2,RM404,1,Library Entrance,10:08:00,95,3,1,PRESENT,0
STU1301,Business Admin,1,GATE_SOUTH,08:11:00,1,CL_ME102_2,RM404,0,Academic Block Corridor,09:14:00,63,2,1,NOT_YET_VERIFIED,1
STU1302,Data Science,3,GATE_NORTH,08:13:00,1,CL_EE301_1,RM303,1,Computer Laboratory Corridor,08:57:00,44,1,1,PRESENT,0
STU1303,Computer Science,1,GATE_SOUTH,08:42:00,1,CL_CS101_1,RM101,1,Main Building Entrance,11:33:00,171,3,1,PRESENT,0
STU1304,Electrical Eng,4,GATE_SOUTH,09:10:00,1,CL_CS101_2,RM101,1,Computer Laboratory Corridor,10:05:00,55,2,1,PRESENT,0
STU1305,Mechanical Eng,2,NONE,00:00:00,0,CL_DS201_1,RM202,0,UNKNOWN,00:00:00,0,0,0,ABSENCE_REQUIRES_REVIEW,0
STU1306,Computer Science,2,GATE_NORTH,09:24:00,1,CL_DS201_1,RM202,1,Canteen Entrance,12:43:00,199,4,1,PRESENT,0
STU1307,Computer Science,3,NONE,00:00:00,0,CL_ME102_1,RM404,0,UNKNOWN,00:00:00,0,0,0,ABSENCE_REQUIRES_REVIEW,0
STU1308,Business Admin,1,GATE_NORTH,07:35:00,1,CL_BA101_1,RM505,1,Computer Laboratory Corridor,07:54:00,19,1,1,PRESENT,0
STU1309,Business Admin,1,GATE_SOUTH,08:50:00,1,CL_EE301_2,RM303,1,Computer Laboratory Corridor,12:55:00,245,4,1,PRESENT,0
STU1310,Electrical Eng,4,GATE_NORTH,07:32:00,1,CL_CS101_2,RM101,1,Main Building Entrance,11:39:00,247,4,1,PRESENT,0
STU1311,Electrical Eng,1,GATE_NORTH,09:28:00,1,CL_EE301_1,RM303,1,Canteen Entrance,13:07:00,219,3,1,PRESENT,0
STU1312,Business Admin,3,GATE_SOUTH,08:26:00,1,CL_BA101_2,RM505,1,Main Building Entrance,10:05:00,99,2,1,PRESENT,0
STU1313,Computer Science,4,GATE_SOUTH,07:30:00,1,CL_EE301_1,RM303,1,Computer Laboratory Corridor,09:33:00,123,3,1,PRESENT,0
STU1314,Mechanical Eng,1,GATE_NORTH,07:55:00,1,CL_DS201_2,RM202,1,Academic Block Corridor,12:14:00,259,4,0,PRESENT,0
STU1315,Mechanical Eng,3,GATE_SOUTH,09:22:00,1,CL_BA101_2,RM505,1,Canteen Entrance,11:22:00,120,2,1,PRESENT,0
STU1316,Mechanical Eng,2,GATE_SOUTH,07:50:00,1,CL_ME102_1,RM404,1,Library Entrance,11:34:00,224,4,1,PRESENT,0
STU1317,Mechanical Eng,2,GATE_SOUTH,07:41:00,1,CL_BA101_2,RM505,1,Computer Laboratory Corridor,11:15:00,214,3,1,PRESENT,0
STU1318,Business Admin,3,NONE,00:00:00,0,CL_CS101_1,RM101,0,UNKNOWN,00:00:00,0,0,0,ABSENCE_REQUIRES_REVIEW,0
STU1319,Business Admin,4,GATE_NORTH,08:02:00,1,CL_CS101_1,RM101,1,Computer Laboratory Corridor,09:01:00,59,2,1,PRESENT,0
STU1320,Mechanical Eng,4,GATE_NORTH,08:17:00,1,CL_ME102_2,RM404,1,Computer Laboratory Corridor,12:49:00,272,4,1,PRESENT,0
STU1321,Business Admin,3,GATE_SOUTH,07:36:00,0,CL_CS101_2,RM101,0,UNKNOWN,00:00:00,0,0,0,ABSENCE_REQUIRES_REVIEW,0
STU1322,Electrical Eng,2,GATE_SOUTH,08:50:00,1,CL_BA101_2,RM505,1,Library Entrance,10:06:00,76,2,1,PRESENT,0
STU1323,Computer Science,3,GATE_NORTH,09:02:00,1,CL_ME102_1,RM404,1,Main Building Entrance,11:57:00,175,3,1,PRESENT,0
STU1324,Mechanical Eng,2,GATE_NORTH,08:24:00,1,CL_ME102_2,RM404,1,Canteen Entrance,09:09:00,45,2,1,PRESENT,0
STU1325,Mechanical Eng,4,GATE_NORTH,09:00:00,1,CL_BA101_2,RM505,1,Computer Laboratory Corridor,12:03:00,183,4,1,PRESENT,0
STU1326,Electrical Eng,1,GATE_NORTH,07:30:00,1,CL_EE301_2,RM303,1,Canteen Entrance,08:25:00,55,1,1,PRESENT,0
STU1327,Mechanical Eng,3,GATE_NORTH,08:31:00,1,CL_EE301_2,RM303,1,Canteen Entrance,10:22:00,111,2,1,PRESENT,0
STU1328,Data Science,4,NONE,00:00:00,0,CL_CS101_2,RM101,0,UNKNOWN,00:00:00,0,0,0,ABSENCE_REQUIRES_REVIEW,0
STU1329,Data Science,3,GATE_NORTH,07:46:00,1,CL_CS101_1,RM101,1,Academic Block Corridor,09:03:00,77,1,1,PRESENT,0
STU1330,Electrical Eng,3,GATE_SOUTH,08:36:00,1,CL_DS201_2,RM202,1,Main Building Entrance,11:44:00,188,3,1,PRESENT,0
STU1331,Electrical Eng,3,GATE_NORTH,07:31:00,1,CL_BA101_1,RM505,1,Canteen Entrance,08:16:00,45,1,1,PRESENT,0
STU1332,Business Admin,1,GATE_SOUTH,08:59:00,1,CL_BA101_1,RM505,1,Canteen Entrance,11:20:00,141,3,1,PRESENT,0
STU1333,Business Admin,2,GATE_NORTH,09:14:00,1,CL_CS101_2,RM101,1,Computer Laboratory Corridor,12:19:00,185,3,1,PRESENT,0
STU1334,Computer Science,2,GATE_SOUTH,09:20:00,1,CL_CS101_2,RM101,1,Computer Laboratory Corridor,11:44:00,144,4,0,PRESENT,0
STU1335,Mechanical Eng,4,GATE_NORTH,08:58:00,1,CL_EE301_1,RM303,1,Library Entrance,10:04:00,66,1,1,PRESENT,0
STU1336,Business Admin,2,GATE_NORTH,08:31:00,1,CL_EE301_1,RM303,1,Library Entrance,09:00:00,29,1,1,PRESENT,0
STU1337,Mechanical Eng,4,GATE_SOUTH,07:59:00,1,CL_BA101_2,RM505,1,Computer Laboratory Corridor,11:11:00,192,4,1,PRESENT,0
STU1338,Mechanical Eng,1,GATE_NORTH,07:41:00,1,CL_DS201_2,RM202,1,Academic Block Corridor,07:58:00,17,1,0,PRESENT,0
STU1339,Computer Science,3,NONE,00:00:00,0,CL_DS201_2,RM202,0,UNKNOWN,00:00:00,0,0,0,ABSENCE_REQUIRES_REVIEW,0
STU1340,Data Science,4,GATE_SOUTH,07:43:00,1,CL_EE301_1,RM303,1,Library Entrance,08:57:00,74,1,1,PRESENT,0
STU1341,Data Science,3,GATE_SOUTH,08:17:00,1,CL_CS101_2,RM101,1,Academic Block Corridor,09:23:00,66,1,1,PRESENT,0
STU1342,Business Admin,3,GATE_SOUTH,07:47:00,1,CL_BA101_1,RM505,0,Academic Block Corridor,08:29:00,42,2,1,NOT_YET_VERIFIED,1
STU1343,Mechanical Eng,3,GATE_NORTH,09:09:00,1,CL_BA101_2,RM505,0,Library Entrance,11:50:00,161,4,1,NOT_YET_VERIFIED,1
STU1344,Mechanical Eng,3,GATE_NORTH,08:52:00,1,CL_EE301_1,RM303,1,Library Entrance,10:22:00,90,2,1,PRESENT,0
STU1345,Electrical Eng,4,GATE_NORTH,07:38:00,1,CL_DS201_1,RM202,1,Computer Laboratory Corridor,07:54:00,16,1,1,PRESENT,0
STU1346,Electrical Eng,3,GATE_NORTH,08:48:00,1,CL_EE301_1,RM303,1,Main Building Entrance,11:11:00,143,4,1,PRESENT,0
STU1347,Electrical Eng,2,GATE_SOUTH,08:26:00,1,CL_CS101_2,RM101,1,Canteen Entrance,12:18:00,232,3,1,PRESENT,0
STU1348,Computer Science,2,GATE_NORTH,09:02:00,1,CL_CS101_1,RM101,1,Academic Block Corridor,09:57:00,55,1,1,PRESENT,0
STU1349,Electrical Eng,1,GATE_NORTH,08:50:00,1,CL_ME102_2,RM404,1,Main Building Entrance,09:45:00,55,1,1,PRESENT,0
STU1350,Business Admin,2,GATE_SOUTH,09:27:00,1,CL_DS201_2,RM202,1,Computer Laboratory Corridor,12:11:00,164,3,1,PRESENT,0
STU1351,Data Science,2,GATE_SOUTH,08:48:00,1,CL_EE301_1,RM303,1,Computer Laboratory Corridor,11:21:00,153,4,1,PRESENT,0
STU1352,Mechanical Eng,3,GATE_NORTH,09:20:00,1,CL_ME102_2,RM404,1,Academic Block Corridor,13:13:00,233,4,1,PRESENT,0
STU1353,Business Admin,3,GATE_NORTH,07:41:00,1,CL_EE301_2,RM303,1,Canteen Entrance,09:16:00,95,2,1,PRESENT,0
STU1354,Computer Science,2,GATE_NORTH,07:47:00,1,CL_DS201_1,RM202,0,Canteen Entrance,11:16:00,209,4,1,NOT_YET_VERIFIED,1
STU1355,Electrical Eng,2,GATE_SOUTH,08:45:00,1,CL_ME102_2,RM404,1,Academic Block Corridor,12:28:00,223,3,1,PRESENT,0
STU1356,Electrical Eng,2,GATE_SOUTH,08:14:00,1,CL_ME102_2,RM404,1,Computer Laboratory Corridor,10:21:00,127,3,1,PRESENT,0
STU1357,Electrical Eng,1,GATE_NORTH,08:10:00,1,CL_BA101_1,RM505,0,Computer Laboratory Corridor,09:03:00,53,1,1,NOT_YET_VERIFIED,1
STU1358,Business Admin,2,GATE_SOUTH,08:01:00,1,CL_CS101_1,RM101,1,Computer Laboratory Corridor,09:41:00,100,2,1,PRESENT,0
STU1359,Electrical Eng,1,GATE_NORTH,08:52:00,1,CL_BA101_2,RM505,1,Library Entrance,13:13:00,261,4,0,PRESENT,0
STU1360,Computer Science,3,GATE_SOUTH,08:01:00,1,CL_EE301_2,RM303,1,Academic Block Corridor,12:12:00,251,4,1,PRESENT,0
STU1361,Data Science,4,GATE_NORTH,09:09:00,1,CL_BA101_2,RM505,1,Academic Block Corridor,09:29:00,20,1,1,PRESENT,0
STU1362,Computer Science,1,GATE_SOUTH,09:18:00,0,CL_CS101_1,RM101,0,UNKNOWN,00:00:00,0,0,0,ABSENCE_REQUIRES_REVIEW,0
STU1363,Business Admin,3,GATE_NORTH,07:56:00,1,CL_EE301_1,RM303,1,Library Entrance,10:17:00,141,4,1,PRESENT,0
STU1364,Mechanical Eng,4,GATE_SOUTH,09:05:00,1,CL_DS201_2,RM202,1,Canteen Entrance,10:13:00,68,1,1,PRESENT,0
STU1365,Mechanical Eng,3,GATE_NORTH,08:07:00,1,CL_DS201_2,RM202,1,Main Building Entrance,11:10:00,183,4,1,PRESENT,0
STU1366,Data Science,1,GATE_NORTH,09:10:00,1,CL_CS101_1,RM101,1,Library Entrance,12:05:00,175,4,1,PRESENT,0
STU1367,Electrical Eng,4,GATE_SOUTH,08:33:00,1,CL_DS201_1,RM202,0,Library Entrance,10:54:00,141,4,0,NOT_YET_VERIFIED,1
STU1368,Computer Science,1,GATE_NORTH,07:44:00,1,CL_CS101_2,RM101,1,Computer Laboratory Corridor,11:08:00,204,4,1,PRESENT,0
STU1369,Mechanical Eng,4,GATE_NORTH,08:33:00,0,CL_CS101_1,RM101,0,UNKNOWN,00:00:00,0,0,0,ABSENCE_REQUIRES_REVIEW,0
STU1370,Computer Science,1,GATE_NORTH,08:37:00,1,CL_DS201_1,RM202,1,Computer Laboratory Corridor,09:54:00,77,1,1,PRESENT,0
STU1371,Data Science,2,NONE,00:00:00,0,CL_ME102_1,RM404,0,UNKNOWN,00:00:00,0,0,0,ABSENCE_REQUIRES_REVIEW,0
STU1372,Business Admin,3,NONE,00:00:00,0,CL_ME102_1,RM404,0,UNKNOWN,00:00:00,0,0,0,ABSENCE_REQUIRES_REVIEW,0
STU1373,Computer Science,2,GATE_SOUTH,08:16:00,1,CL_CS101_1,RM101,1,Main Building Entrance,10:03:00,107,2,1,PRESENT,0
STU1374,Computer Science,4,GATE_SOUTH,07:46:00,1,CL_CS101_2,RM101,1,Library Entrance,11:25:00,219,4,1,PRESENT,0
STU1375,Business Admin,2,NONE,00:00:00,0,CL_EE301_1,RM303,0,UNKNOWN,00:00:00,0,0,0,ABSENCE_REQUIRES_REVIEW,0
STU1376,Business Admin,4,GATE_SOUTH,09:20:00,1,CL_ME102_1,RM404,1,Library Entrance,12:56:00,216,4,1,PRESENT,0
STU1377,Mechanical Eng,4,GATE_NORTH,08:16:00,1,CL_CS101_1,RM101,1,Library Entrance,10:28:00,132,4,1,PRESENT,0
STU1378,Electrical Eng,4,GATE_SOUTH,09:07:00,1,CL_CS101_1,RM101,1,Canteen Entrance,09:30:00,23,1,1,PRESENT,0
STU1379,Electrical Eng,1,GATE_NORTH,09:08:00,1,CL_EE301_1,RM303,1,Library Entrance,10:34:00,86,1,1,PRESENT,0
STU1380,Business Admin,1,GATE_NORTH,07:32:00,1,CL_BA101_1,RM505,0,Computer Laboratory Corridor,10:23:00,171,3,1,NOT_YET_VERIFIED,1
STU1381,Data Science,2,GATE_SOUTH,07:31:00,1,CL_DS201_2,RM202,1,Academic Block Corridor,07:59:00,28,1,1,PRESENT,0
STU1382,Electrical Eng,1,GATE_NORTH,07:57:00,1,CL_ME102_2,RM404,1,Computer Laboratory Corridor,09:19:00,82,2,1,PRESENT,0
STU1383,Data Science,2,GATE_NORTH,09:28:00,1,CL_EE301_2,RM303,1,Canteen Entrance,10:02:00,34,1,1,PRESENT,0
STU1384,Data Science,1,GATE_SOUTH,09:11:00,1,CL_CS101_2,RM101,1,Computer Laboratory Corridor,09:51:00,40,1,1,PRESENT,0
STU1385,Data Science,1,GATE_SOUTH,08:34:00,1,CL_EE301_1,RM303,0,Canteen Entrance,10:14:00,100,2,1,NOT_YET_VERIFIED,1
STU1386,Mechanical Eng,4,NONE,00:00:00,0,CL_CS101_2,RM101,0,UNKNOWN,00:00:00,0,0,0,ABSENCE_REQUIRES_REVIEW,0
STU1387,Business Admin,4,GATE_SOUTH,08:50:00,1,CL_BA101_1,RM505,1,Computer Laboratory Corridor,11:51:00,181,3,1,PRESENT,0
STU1388,Electrical Eng,1,GATE_SOUTH,08:24:00,1,CL_BA101_1,RM505,1,Library Entrance,11:09:00,165,3,1,PRESENT,0
STU1389,Data Science,3,GATE_NORTH,07:40:00,1,CL_BA101_1,RM505,1,Academic Block Corridor,08:14:00,34,1,1,PRESENT,0
STU1390,Electrical Eng,4,GATE_NORTH,08:05:00,1,CL_DS201_2,RM202,1,Academic Block Corridor,11:30:00,205,3,1,PRESENT,0
STU1391,Computer Science,2,GATE_NORTH,08:09:00,1,CL_EE301_1,RM303,1,Academic Block Corridor,10:45:00,156,4,1,PRESENT,0
STU1392,Electrical Eng,2,GATE_NORTH,08:35:00,1,CL_ME102_1,RM404,1,Library Entrance,09:59:00,84,2,1,PRESENT,0
STU1393,Mechanical Eng,1,GATE_NORTH,09:13:00,1,CL_DS201_1,RM202,1,Canteen Entrance,11:46:00,153,3,1,PRESENT,0
STU1394,Business Admin,2,NONE,00:00:00,0,CL_CS101_2,RM101,0,UNKNOWN,00:00:00,0,0,0,EXCUSED,0
STU1395,Data Science,3,GATE_SOUTH,08:38:00,1,CL_EE301_2,RM303,1,Academic Block Corridor,12:16:00,218,4,1,PRESENT,0
STU1396,Data Science,1,GATE_NORTH,08:20:00,1,CL_ME102_1,RM404,1,Main Building Entrance,12:01:00,221,3,1,PRESENT,0
STU1397,Computer Science,2,GATE_SOUTH,08:09:00,1,CL_EE301_2,RM303,1,Computer Laboratory Corridor,10:46:00,157,2,1,PRESENT,0
STU1398,Electrical Eng,3,GATE_NORTH,09:03:00,1,CL_DS201_1,RM202,0,Library Entrance,12:50:00,227,4,1,NOT_YET_VERIFIED,1
STU1399,Mechanical Eng,1,GATE_NORTH,07:37:00,1,CL_EE301_2,RM303,1,Computer Laboratory Corridor,08:19:00,42,1,1,PRESENT,0
STU1400,Mechanical Eng,3,GATE_SOUTH,07:41:00,1,CL_DS201_2,RM202,1,Library Entrance,10:02:00,141,3,1,PRESENT,0
STU1401,Mechanical Eng,3,GATE_SOUTH,07:44:00,1,CL_ME102_1,RM404,1,Library Entrance,10:01:00,137,3,0,PRESENT,0
STU1402,Business Admin,4,NONE,00:00:00,0,CL_BA101_1,RM505,0,UNKNOWN,00:00:00,0,0,0,ABSENCE_REQUIRES_REVIEW,0
STU1403,Mechanical Eng,1,GATE_NORTH,08:48:00,1,CL_DS201_1,RM202,1,Academic Block Corridor,09:18:00,30,1,1,PRESENT,0
STU1404,Business Admin,1,GATE_NORTH,08:09:00,1,CL_CS101_1,RM101,1,Library Entrance,12:07:00,238,4,1,PRESENT,0
STU1405,Mechanical Eng,3,GATE_NORTH,07:45:00,1,CL_BA101_2,RM505,1,Computer Laboratory Corridor,08:52:00,67,1,1,PRESENT,0
STU1406,Business Admin,3,GATE_NORTH,09:00:00,1,CL_ME102_1,RM404,1,Canteen Entrance,12:42:00,222,3,1,PRESENT,0
STU1407,Computer Science,1,GATE_NORTH,08:59:00,1,CL_CS101_1,RM101,1,Academic Block Corridor,09:38:00,39,1,1,PRESENT,0
STU1408,Data Science,1,GATE_SOUTH,07:50:00,1,CL_ME102_2,RM404,1,Library Entrance,10:28:00,158,2,0,PRESENT,0
STU1409,Electrical Eng,1,NONE,00:00:00,0,CL_DS201_1,RM202,0,UNKNOWN,00:00:00,0,0,0,ABSENCE_REQUIRES_REVIEW,0
STU1410,Data Science,4,GATE_SOUTH,08:14:00,1,CL_DS201_2,RM202,1,Computer Laboratory Corridor,09:56:00,102,2,1,PRESENT,0
STU1411,Business Admin,4,NONE,00:00:00,0,CL_EE301_2,RM303,0,UNKNOWN,00:00:00,0,0,0,ABSENCE_REQUIRES_REVIEW,0
STU1412,Electrical Eng,2,GATE_SOUTH,07:51:00,1,CL_BA101_2,RM505,0,Computer Laboratory Corridor,08:49:00,58,1,1,NOT_YET_VERIFIED,1
STU1413,Business Admin,4,GATE_SOUTH,07:46:00,1,CL_BA101_2,RM505,1,Main Building Entrance,11:00:00,194,3,1,PRESENT,0
STU1414,Mechanical Eng,1,GATE_NORTH,09:03:00,1,CL_ME102_1,RM404,1,Main Building Entrance,09:43:00,40,2,1,PRESENT,0
STU1415,Mechanical Eng,3,NONE,00:00:00,0,CL_BA101_2,RM505,0,UNKNOWN,00:00:00,0,0,0,EXCUSED,0
STU1416,Mechanical Eng,3,GATE_NORTH,09:08:00,1,CL_EE301_1,RM303,0,Library Entrance,12:14:00,186,3,1,NOT_YET_VERIFIED,1
STU1417,Electrical Eng,1,GATE_SOUTH,08:12:00,1,CL_DS201_1,RM202,1,Academic Block Corridor,12:02:00,230,4,1,PRESENT,0
STU1418,Data Science,3,GATE_NORTH,08:04:00,1,CL_BA101_1,RM505,0,Main Building Entrance,10:42:00,158,2,1,NOT_YET_VERIFIED,1
STU1419,Mechanical Eng,4,GATE_NORTH,08:03:00,1,CL_EE301_1,RM303,1,Academic Block Corridor,09:22:00,79,2,1,PRESENT,0
STU1420,Electrical Eng,4,NONE,00:00:00,0,CL_ME102_2,RM404,0,UNKNOWN,00:00:00,0,0,0,ABSENCE_REQUIRES_REVIEW,0
STU1421,Business Admin,1,GATE_SOUTH,08:33:00,1,CL_CS101_1,RM101,0,Computer Laboratory Corridor,08:48:00,15,1,1,NOT_YET_VERIFIED,1
STU1422,Mechanical Eng,1,GATE_SOUTH,08:35:00,1,CL_EE301_1,RM303,1,Academic Block Corridor,09:39:00,64,2,1,PRESENT,0
STU1423,Electrical Eng,3,GATE_SOUTH,07:37:00,1,CL_CS101_2,RM101,1,Main Building Entrance,09:32:00,115,3,1,PRESENT,0
STU1424,Electrical Eng,1,GATE_NORTH,09:19:00,1,CL_CS101_2,RM101,1,Canteen Entrance,12:04:00,165,2,1,PRESENT,0
STU1425,Mechanical Eng,1,GATE_NORTH,08:17:00,1,CL_BA101_2,RM505,1,Library Entrance,10:44:00,147,3,1,PRESENT,0
STU1426,Business Admin,4,GATE_NORTH,08:02:00,1,CL_EE301_1,RM303,0,Canteen Entrance,10:38:00,156,4,1,NOT_YET_VERIFIED,1
STU1427,Mechanical Eng,1,GATE_NORTH,09:24:00,1,CL_ME102_1,RM404,1,Main Building Entrance,12:09:00,165,3,1,PRESENT,0
STU1428,Data Science,3,GATE_NORTH,07:59:00,1,CL_ME102_2,RM404,1,Canteen Entrance,10:01:00,122,3,1,PRESENT,0
STU1429,Business Admin,4,GATE_NORTH,07:35:00,1,CL_EE301_1,RM303,1,Computer Laboratory Corridor,08:15:00,40,1,1,PRESENT,0
STU1430,Mechanical Eng,1,GATE_NORTH,08:01:00,1,CL_BA101_1,RM505,1,Canteen Entrance,10:52:00,171,4,1,PRESENT,0
STU1431,Data Science,3,GATE_SOUTH,08:30:00,1,CL_BA101_2,RM505,1,Main Building Entrance,11:07:00,157,3,1,PRESENT,0
STU1432,Business Admin,2,GATE_NORTH,08:19:00,1,CL_BA101_1,RM505,1,Main Building Entrance,11:50:00,211,4,1,PRESENT,0
STU1433,Electrical Eng,4,GATE_NORTH,07:52:00,1,CL_EE301_2,RM303,1,Canteen Entrance,09:37:00,105,2,1,PRESENT,0
STU1434,Mechanical Eng,1,GATE_SOUTH,08:40:00,1,CL_CS101_1,RM101,0,Computer Laboratory Corridor,09:56:00,76,1,1,NOT_YET_VERIFIED,1
STU1435,Computer Science,2,NONE,00:00:00,0,CL_DS201_1,RM202,0,UNKNOWN,00:00:00,0,0,0,ABSENCE_REQUIRES_REVIEW,0
STU1436,Data Science,3,GATE_SOUTH,07:58:00,1,CL_DS201_2,RM202,1,Academic Block Corridor,09:29:00,91,3,1,PRESENT,0
STU1437,Business Admin,1,NONE,00:00:00,0,CL_DS201_2,RM202,0,UNKNOWN,00:00:00,0,0,0,ABSENCE_REQUIRES_REVIEW,0
STU1438,Business Admin,4,GATE_SOUTH,08:01:00,1,CL_BA101_2,RM505,1,Canteen Entrance,10:42:00,161,4,1,PRESENT,0
STU1439,Computer Science,2,GATE_SOUTH,09:27:00,1,CL_BA101_2,RM505,1,Main Building Entrance,09:55:00,28,1,1,PRESENT,0
STU1440,Computer Science,4,GATE_NORTH,08:04:00,1,CL_DS201_1,RM202,1,Canteen Entrance,11:34:00,210,4,1,PRESENT,0
STU1441,Computer Science,2,NONE,00:00:00,0,CL_ME102_1,RM404,0,UNKNOWN,00:00:00,0,0,0,ABSENCE_REQUIRES_REVIEW,0
STU1442,Mechanical Eng,3,NONE,00:00:00,0,CL_ME102_1,RM404,0,UNKNOWN,00:00:00,0,0,0,EXCUSED,0
STU1443,Business Admin,3,GATE_SOUTH,08:43:00,1,CL_EE301_1,RM303,0,Canteen Entrance,13:22:00,279,4,1,NOT_YET_VERIFIED,1
STU1444,Mechanical Eng,4,NONE,00:00:00,0,CL_EE301_1,RM303,0,UNKNOWN,00:00:00,0,0,0,EXCUSED,0
STU1445,Mechanical Eng,2,GATE_NORTH,07:45:00,1,CL_BA101_1,RM505,1,Library Entrance,10:38:00,173,4,1,PRESENT,0
STU1446,Mechanical Eng,2,NONE,00:00:00,0,CL_EE301_2,RM303,0,UNKNOWN,00:00:00,0,0,0,ABSENCE_REQUIRES_REVIEW,0
STU1447,Mechanical Eng,2,NONE,00:00:00,0,CL_ME102_1,RM404,0,UNKNOWN,00:00:00,0,0,0,ABSENCE_REQUIRES_REVIEW,0
STU1448,Business Admin,2,GATE_NORTH,07:52:00,1,CL_BA101_2,RM505,1,Canteen Entrance,10:25:00,153,3,1,PRESENT,0
STU1449,Computer Science,3,GATE_NORTH,09:12:00,1,CL_CS101_2,RM101,1,Academic Block Corridor,10:49:00,97,2,1,PRESENT,0
STU1450,Mechanical Eng,3,GATE_NORTH,08:21:00,1,CL_BA101_1,RM505,1,Library Entrance,10:32:00,131,3,1,PRESENT,0
STU1451,Business Admin,3,GATE_SOUTH,09:22:00,1,CL_ME102_1,RM404,1,Computer Laboratory Corridor,11:19:00,117,2,1,PRESENT,0
STU1452,Computer Science,3,GATE_SOUTH,09:20:00,1,CL_BA101_2,RM505,1,Main Building Entrance,10:29:00,69,3,1,PRESENT,0
STU1453,Electrical Eng,4,NONE,00:00:00,0,CL_EE301_1,RM303,0,UNKNOWN,00:00:00,0,0,0,EXCUSED,0
STU1454,Data Science,4,GATE_SOUTH,09:09:00,1,CL_DS201_2,RM202,1,Library Entrance,11:17:00,128,2,1,PRESENT,0
STU1455,Business Admin,4,GATE_NORTH,08:11:00,1,CL_ME102_1,RM404,1,Main Building Entrance,10:02:00,111,2,1,PRESENT,0
STU1456,Electrical Eng,3,GATE_SOUTH,08:40:00,1,CL_DS201_2,RM202,1,Main Building Entrance,10:52:00,132,3,1,PRESENT,0
STU1457,Business Admin,4,GATE_SOUTH,07:31:00,1,CL_CS101_1,RM101,1,Academic Block Corridor,09:05:00,94,2,1,PRESENT,0
STU1458,Mechanical Eng,3,GATE_SOUTH,07:55:00,1,CL_EE301_1,RM303,1,Library Entrance,09:25:00,90,1,1,PRESENT,0
STU1459,Data Science,2,NONE,00:00:00,0,CL_DS201_2,RM202,0,UNKNOWN,00:00:00,0,0,0,ABSENCE_REQUIRES_REVIEW,0
STU1460,Business Admin,4,GATE_SOUTH,08:42:00,1,CL_CS101_1,RM101,0,Academic Block Corridor,10:09:00,87,2,1,NOT_YET_VERIFIED,1
STU1461,Data Science,4,GATE_NORTH,09:04:00,1,CL_ME102_1,RM404,1,Academic Block Corridor,10:05:00,61,2,1,PRESENT,0
STU1462,Computer Science,3,GATE_SOUTH,08:29:00,1,CL_CS101_2,RM101,1,Canteen Entrance,12:04:00,215,3,1,PRESENT,0
STU1463,Mechanical Eng,4,NONE,00:00:00,0,CL_ME102_1,RM404,0,UNKNOWN,00:00:00,0,0,0,ABSENCE_REQUIRES_REVIEW,0
STU1464,Mechanical Eng,2,GATE_SOUTH,08:45:00,1,CL_CS101_1,RM101,1,Library Entrance,10:33:00,108,2,1,PRESENT,0
STU1465,Mechanical Eng,1,GATE_NORTH,09:08:00,0,CL_CS101_1,RM101,0,UNKNOWN,00:00:00,0,0,0,ABSENCE_REQUIRES_REVIEW,0
STU1466,Data Science,3,GATE_NORTH,09:03:00,1,CL_BA101_1,RM505,1,Canteen Entrance,10:30:00,87,2,1,PRESENT,0
STU1467,Computer Science,4,GATE_NORTH,07:49:00,1,CL_CS101_2,RM101,1,Computer Laboratory Corridor,10:27:00,158,2,1,PRESENT,0
STU1468,Computer Science,4,GATE_SOUTH,09:29:00,1,CL_BA101_2,RM505,1,Main Building Entrance,12:24:00,175,3,1,PRESENT,0
STU1469,Computer Science,2,GATE_NORTH,07:33:00,1,CL_CS101_1,RM101,1,Library Entrance,08:23:00,50,1,1,PRESENT,0
STU1470,Mechanical Eng,2,GATE_SOUTH,08:39:00,1,CL_EE301_2,RM303,1,Academic Block Corridor,10:34:00,115,3,1,PRESENT,0
STU1471,Computer Science,4,GATE_NORTH,08:51:00,1,CL_ME102_1,RM404,1,Academic Block Corridor,11:28:00,157,3,1,PRESENT,0
STU1472,Electrical Eng,3,GATE_NORTH,08:12:00,1,CL_BA101_2,RM505,1,Computer Laboratory Corridor,12:04:00,232,4,0,PRESENT,0
STU1473,Business Admin,4,GATE_SOUTH,09:07:00,1,CL_DS201_2,RM202,0,Library Entrance,11:20:00,133,2,1,NOT_YET_VERIFIED,1
STU1474,Computer Science,3,GATE_SOUTH,09:18:00,1,CL_DS201_2,RM202,1,Canteen Entrance,11:55:00,157,3,1,PRESENT,0
STU1475,Business Admin,4,GATE_NORTH,07:43:00,1,CL_CS101_2,RM101,1,Library Entrance,08:15:00,32,1,1,PRESENT,0
STU1476,Electrical Eng,4,NONE,00:00:00,0,CL_ME102_2,RM404,0,UNKNOWN,00:00:00,0,0,0,ABSENCE_REQUIRES_REVIEW,0
STU1477,Business Admin,1,NONE,00:00:00,0,CL_DS201_2,RM202,0,UNKNOWN,00:00:00,0,0,0,ABSENCE_REQUIRES_REVIEW,0
STU1478,Business Admin,1,GATE_NORTH,08:37:00,1,CL_DS201_2,RM202,1,Library Entrance,12:26:00,229,4,1,PRESENT,0
STU1479,Data Science,3,GATE_SOUTH,08:23:00,1,CL_DS201_2,RM202,1,Main Building Entrance,09:40:00,77,1,1,PRESENT,0
STU1480,Data Science,1,GATE_NORTH,07:37:00,1,CL_CS101_2,RM101,1,Library Entrance,10:12:00,155,4,1,PRESENT,0
STU1481,Mechanical Eng,1,GATE_SOUTH,09:01:00,1,CL_ME102_1,RM404,1,Library Entrance,12:53:00,232,4,1,PRESENT,0
STU1482,Computer Science,4,GATE_NORTH,07:41:00,1,CL_DS201_2,RM202,1,Canteen Entrance,10:06:00,145,3,1,PRESENT,0
STU1483,Data Science,3,GATE_NORTH,09:27:00,1,CL_CS101_2,RM101,1,Library Entrance,13:45:00,258,4,1,PRESENT,0
STU1484,Computer Science,1,GATE_SOUTH,09:24:00,1,CL_CS101_1,RM101,0,Computer Laboratory Corridor,13:05:00,221,4,1,NOT_YET_VERIFIED,1
STU1485,Electrical Eng,1,GATE_SOUTH,08:59:00,1,CL_DS201_1,RM202,1,Main Building Entrance,11:49:00,170,3,1,PRESENT,0
STU1486,Electrical Eng,3,GATE_NORTH,08:28:00,1,CL_CS101_2,RM101,1,Computer Laboratory Corridor,12:25:00,237,4,1,PRESENT,0
STU1487,Electrical Eng,4,GATE_NORTH,08:44:00,1,CL_EE301_1,RM303,1,Library Entrance,10:30:00,106,2,1,PRESENT,0
STU1488,Data Science,2,GATE_NORTH,08:34:00,1,CL_EE301_1,RM303,1,Main Building Entrance,10:02:00,88,2,1,PRESENT,0
STU1489,Business Admin,4,GATE_SOUTH,08:51:00,1,CL_ME102_2,RM404,1,Main Building Entrance,11:05:00,134,3,1,PRESENT,0
STU1490,Business Admin,2,GATE_NORTH,07:39:00,1,CL_CS101_1,RM101,1,Canteen Entrance,09:36:00,117,4,1,PRESENT,0
STU1491,Data Science,2,GATE_NORTH,08:25:00,1,CL_CS101_1,RM101,1,Academic Block Corridor,10:00:00,95,2,1,PRESENT,0
STU1492,Computer Science,4,GATE_SOUTH,08:00:00,1,CL_CS101_1,RM101,1,Canteen Entrance,10:59:00,179,3,1,PRESENT,0
STU1493,Business Admin,2,GATE_SOUTH,08:03:00,1,CL_DS201_1,RM202,1,Canteen Entrance,11:50:00,227,4,1,PRESENT,0
STU1494,Mechanical Eng,2,GATE_SOUTH,09:28:00,1,CL_BA101_1,RM505,1,Academic Block Corridor,10:51:00,83,1,1,PRESENT,0
STU1495,Data Science,4,GATE_SOUTH,08:59:00,1,CL_ME102_2,RM404,1,Academic Block Corridor,12:22:00,203,3,1,PRESENT,0
STU1496,Electrical Eng,4,GATE_SOUTH,08:10:00,1,CL_ME102_1,RM404,1,Main Building Entrance,08:54:00,44,1,1,PRESENT,0
STU1497,Electrical Eng,1,GATE_NORTH,08:04:00,1,CL_DS201_1,RM202,0,Library Entrance,09:51:00,107,3,1,NOT_YET_VERIFIED,1
STU1498,Mechanical Eng,3,GATE_NORTH,07:39:00,1,CL_BA101_2,RM505,1,Academic Block Corridor,09:10:00,91,2,1,PRESENT,0
STU1499,Business Admin,2,GATE_NORTH,07:47:00,1,CL_EE301_1,RM303,1,Library Entrance,09:49:00,122,3,1,PRESENT,0
STU1500,Computer Science,4,GATE_NORTH,07:49:00,1,CL_BA101_1,RM505,1,Library Entrance,10:17:00,148,3,1,PRESENT,0
STU1501,Electrical Eng,3,GATE_SOUTH,07:51:00,1,CL_DS201_2,RM202,1,Library Entrance,09:30:00,99,2,1,PRESENT,0
STU1502,Mechanical Eng,3,GATE_SOUTH,08:29:00,1,CL_BA101_1,RM505,1,Computer Laboratory Corridor,12:28:00,239,4,1,PRESENT,0
STU1503,Mechanical Eng,3,NONE,00:00:00,0,CL_ME102_2,RM404,0,UNKNOWN,00:00:00,0,0,0,EXCUSED,0
STU1504,Data Science,4,GATE_NORTH,08:22:00,1,CL_CS101_2,RM101,1,Library Entrance,12:47:00,265,4,1,PRESENT,0
STU1505,Mechanical Eng,1,GATE_SOUTH,08:38:00,1,CL_DS201_1,RM202,1,Library Entrance,10:55:00,137,3,1,PRESENT,0
STU1506,Data Science,4,GATE_NORTH,09:08:00,1,CL_ME102_1,RM404,1,Canteen Entrance,10:27:00,79,1,1,PRESENT,0
STU1507,Business Admin,3,GATE_SOUTH,08:27:00,1,CL_DS201_2,RM202,1,Canteen Entrance,12:27:00,240,4,1,PRESENT,0
STU1508,Business Admin,3,GATE_SOUTH,08:29:00,1,CL_BA101_1,RM505,1,Library Entrance,09:55:00,86,3,1,PRESENT,0
STU1509,Electrical Eng,1,GATE_NORTH,09:19:00,0,CL_CS101_1,RM101,0,UNKNOWN,00:00:00,0,0,0,EXCUSED,0
STU1510,Mechanical Eng,3,GATE_NORTH,07:41:00,1,CL_CS101_1,RM101,1,Main Building Entrance,08:44:00,63,2,1,PRESENT,0
STU1511,Computer Science,1,GATE_SOUTH,09:13:00,1,CL_CS101_2,RM101,0,Canteen Entrance,14:15:00,302,4,1,NOT_YET_VERIFIED,1
STU1512,Business Admin,4,NONE,00:00:00,0,CL_BA101_1,RM505,0,UNKNOWN,00:00:00,0,0,0,ABSENCE_REQUIRES_REVIEW,0
STU1513,Electrical Eng,2,GATE_NORTH,09:15:00,1,CL_BA101_2,RM505,0,Canteen Entrance,10:43:00,88,1,1,NOT_YET_VERIFIED,1
STU1514,Business Admin,3,GATE_SOUTH,07:57:00,1,CL_BA101_1,RM505,1,Main Building Entrance,10:19:00,142,2,1,PRESENT,0
STU1515,Data Science,2,GATE_NORTH,07:48:00,1,CL_ME102_1,RM404,1,Library Entrance,11:14:00,206,4,1,PRESENT,0
STU1516,Business Admin,3,GATE_NORTH,09:01:00,1,CL_CS101_2,RM101,0,Main Building Entrance,10:25:00,84,2,0,NOT_YET_VERIFIED,1
STU1517,Data Science,1,GATE_SOUTH,08:15:00,1,CL_ME102_2,RM404,1,Main Building Entrance,09:05:00,50,1,1,PRESENT,0
STU1518,Computer Science,3,NONE,00:00:00,0,CL_DS201_1,RM202,0,UNKNOWN,00:00:00,0,0,0,ABSENCE_REQUIRES_REVIEW,0
STU1519,Mechanical Eng,1,GATE_NORTH,08:35:00,1,CL_ME102_2,RM404,0,Academic Block Corridor,11:37:00,182,4,1,NOT_YET_VERIFIED,1
STU1520,Business Admin,3,GATE_SOUTH,08:56:00,1,CL_CS101_2,RM101,1,Canteen Entrance,13:14:00,258,4,1,PRESENT,0
STU1521,Data Science,1,NONE,00:00:00,0,CL_CS101_2,RM101,0,UNKNOWN,00:00:00,0,0,0,EXCUSED,0
STU1522,Electrical Eng,3,GATE_NORTH,08:03:00,1,CL_DS201_1,RM202,1,Computer Laboratory Corridor,12:53:00,290,4,1,PRESENT,0
STU1523,Mechanical Eng,2,GATE_SOUTH,07:33:00,1,CL_CS101_1,RM101,1,Canteen Entrance,09:26:00,113,3,1,PRESENT,0
STU1524,Data Science,2,GATE_SOUTH,09:19:00,1,CL_ME102_1,RM404,1,Canteen Entrance,10:23:00,64,1,1,PRESENT,0
STU1525,Business Admin,3,GATE_NORTH,08:41:00,1,CL_DS201_1,RM202,1,Computer Laboratory Corridor,09:12:00,31,1,1,PRESENT,0
STU1526,Business Admin,3,GATE_SOUTH,07:42:00,1,CL_EE301_1,RM303,1,Canteen Entrance,10:43:00,181,4,1,PRESENT,0
STU1527,Data Science,3,GATE_NORTH,07:43:00,1,CL_CS101_2,RM101,1,Academic Block Corridor,09:02:00,79,2,1,PRESENT,0
STU1528,Mechanical Eng,3,GATE_NORTH,07:45:00,1,CL_CS101_2,RM101,1,Library Entrance,08:42:00,57,1,1,PRESENT,0
STU1529,Electrical Eng,1,GATE_NORTH,07:37:00,1,CL_CS101_2,RM101,1,Main Building Entrance,09:50:00,133,3,1,PRESENT,0
STU1530,Mechanical Eng,1,GATE_NORTH,07:46:00,1,CL_BA101_1,RM505,1,Canteen Entrance,09:14:00,88,1,1,PRESENT,0
STU1531,Data Science,2,GATE_SOUTH,09:15:00,1,CL_BA101_1,RM505,1,Computer Laboratory Corridor,12:51:00,216,4,1,PRESENT,0
STU1532,Mechanical Eng,3,GATE_NORTH,08:17:00,1,CL_BA101_2,RM505,1,Academic Block Corridor,10:22:00,125,3,1,PRESENT,0
STU1533,Computer Science,4,GATE_SOUTH,08:44:00,1,CL_BA101_2,RM505,1,Academic Block Corridor,09:34:00,50,1,1,PRESENT,0
STU1534,Computer Science,3,GATE_NORTH,09:27:00,1,CL_BA101_2,RM505,1,Library Entrance,12:07:00,160,4,1,PRESENT,0
STU1535,Business Admin,1,GATE_NORTH,07:32:00,1,CL_DS201_2,RM202,1,Main Building Entrance,11:31:00,239,4,1,PRESENT,0
STU1536,Mechanical Eng,3,GATE_SOUTH,07:55:00,1,CL_BA101_1,RM505,0,Library Entrance,11:06:00,191,3,1,NOT_YET_VERIFIED,1
STU1537,Electrical Eng,4,GATE_NORTH,09:13:00,1,CL_DS201_2,RM202,1,Main Building Entrance,12:06:00,173,3,1,PRESENT,0
STU1538,Electrical Eng,1,GATE_SOUTH,07:41:00,1,CL_CS101_2,RM101,1,Computer Laboratory Corridor,09:32:00,111,2,1,PRESENT,0
STU1539,Data Science,4,GATE_NORTH,07:45:00,1,CL_BA101_2,RM505,1,Academic Block Corridor,08:57:00,72,2,1,PRESENT,0
STU1540,Computer Science,3,GATE_SOUTH,09:30:00,1,CL_DS201_2,RM202,1,Computer Laboratory Corridor,10:44:00,74,1,1,PRESENT,0
STU1541,Business Admin,2,GATE_NORTH,07:36:00,1,CL_BA101_1,RM505,0,Main Building Entrance,09:59:00,143,3,1,NOT_YET_VERIFIED,1
STU1542,Computer Science,4,GATE_SOUTH,09:28:00,1,CL_EE301_2,RM303,0,Academic Block Corridor,12:54:00,206,4,1,NOT_YET_VERIFIED,1
STU1543,Electrical Eng,4,NONE,00:00:00,0,CL_BA101_1,RM505,0,UNKNOWN,00:00:00,0,0,0,ABSENCE_REQUIRES_REVIEW,0
STU1544,Computer Science,2,GATE_SOUTH,09:15:00,1,CL_ME102_2,RM404,1,Computer Laboratory Corridor,12:12:00,177,4,1,PRESENT,0
STU1545,Computer Science,1,GATE_NORTH,08:33:00,1,CL_DS201_2,RM202,0,Academic Block Corridor,09:04:00,31,1,1,NOT_YET_VERIFIED,1
STU1546,Electrical Eng,4,GATE_SOUTH,08:18:00,1,CL_ME102_2,RM404,0,Canteen Entrance,09:44:00,86,1,1,NOT_YET_VERIFIED,1
STU1547,Computer Science,1,GATE_SOUTH,07:52:00,1,CL_DS201_1,RM202,1,Academic Block Corridor,08:22:00,30,1,1,PRESENT,0
STU1548,Data Science,2,GATE_NORTH,07:57:00,1,CL_BA101_2,RM505,1,Canteen Entrance,10:27:00,150,2,1,PRESENT,0
STU1549,Mechanical Eng,4,GATE_SOUTH,08:05:00,1,CL_ME102_1,RM404,1,Academic Block Corridor,10:33:00,148,2,1,PRESENT,0
STU1550,Electrical Eng,4,GATE_NORTH,08:27:00,1,CL_ME102_2,RM404,0,Library Entrance,08:47:00,20,1,1,NOT_YET_VERIFIED,1
STU1551,Business Admin,2,NONE,00:00:00,0,CL_ME102_2,RM404,0,UNKNOWN,00:00:00,0,0,0,EXCUSED,0
STU1552,Mechanical Eng,1,NONE,00:00:00,0,CL_BA101_1,RM505,0,UNKNOWN,00:00:00,0,0,0,ABSENCE_REQUIRES_REVIEW,0
STU1553,Mechanical Eng,4,GATE_NORTH,07:34:00,1,CL_DS201_1,RM202,1,Academic Block Corridor,10:10:00,156,3,1,PRESENT,0
STU1554,Electrical Eng,1,NONE,00:00:00,0,CL_ME102_2,RM404,0,UNKNOWN,00:00:00,0,0,0,EXCUSED,0
STU1555,Electrical Eng,2,GATE_SOUTH,08:52:00,1,CL_BA101_2,RM505,1,Library Entrance,11:07:00,135,2,1,PRESENT,0
STU1556,Mechanical Eng,4,NONE,00:00:00,0,CL_DS201_2,RM202,0,UNKNOWN,00:00:00,0,0,0,ABSENCE_REQUIRES_REVIEW,0
STU1557,Data Science,3,GATE_SOUTH,08:33:00,1,CL_CS101_1,RM101,1,Computer Laboratory Corridor,10:57:00,144,3,1,PRESENT,0
STU1558,Computer Science,3,GATE_SOUTH,09:22:00,1,CL_EE301_2,RM303,1,Main Building Entrance,10:11:00,49,1,1,PRESENT,0
STU1559,Business Admin,3,NONE,00:00:00,0,CL_BA101_2,RM505,0,UNKNOWN,00:00:00,0,0,0,EXCUSED,0
STU1560,Computer Science,4,NONE,00:00:00,0,CL_BA101_1,RM505,0,UNKNOWN,00:00:00,0,0,0,EXCUSED,0
STU1561,Electrical Eng,2,GATE_NORTH,07:37:00,1,CL_CS101_2,RM101,1,Main Building Entrance,10:50:00,193,4,1,PRESENT,0
STU1562,Computer Science,4,GATE_SOUTH,08:05:00,1,CL_BA101_2,RM505,1,Academic Block Corridor,09:54:00,109,2,1,PRESENT,0
STU1563,Computer Science,2,GATE_SOUTH,07:47:00,1,CL_EE301_2,RM303,1,Academic Block Corridor,10:17:00,150,3,1,PRESENT,0
STU1564,Business Admin,1,GATE_NORTH,07:55:00,1,CL_DS201_2,RM202,1,Computer Laboratory Corridor,11:28:00,213,4,1,PRESENT,0
STU1565,Computer Science,3,GATE_NORTH,08:50:00,1,CL_BA101_1,RM505,1,Main Building Entrance,12:49:00,239,4,0,PRESENT,0
STU1566,Data Science,2,GATE_SOUTH,08:18:00,1,CL_DS201_2,RM202,1,Computer Laboratory Corridor,11:11:00,173,2,1,PRESENT,0
STU1567,Business Admin,2,GATE_SOUTH,08:31:00,1,CL_DS201_1,RM202,0,Academic Block Corridor,12:15:00,224,4,1,NOT_YET_VERIFIED,1
STU1568,Computer Science,2,GATE_SOUTH,08:14:00,1,CL_BA101_2,RM505,0,Canteen Entrance,10:50:00,156,4,1,NOT_YET_VERIFIED,1
STU1569,Business Admin,2,GATE_SOUTH,08:19:00,1,CL_DS201_1,RM202,1,Canteen Entrance,10:35:00,136,2,1,PRESENT,0
STU1570,Data Science,3,GATE_NORTH,07:53:00,1,CL_EE301_1,RM303,1,Academic Block Corridor,10:01:00,128,2,1,PRESENT,0
STU1571,Data Science,1,GATE_NORTH,08:10:00,1,CL_EE301_2,RM303,0,Canteen Entrance,10:31:00,141,3,1,NOT_YET_VERIFIED,1
STU1572,Electrical Eng,2,GATE_SOUTH,07:33:00,1,CL_DS201_2,RM202,1,Canteen Entrance,10:56:00,203,4,1,PRESENT,0
STU1573,Data Science,3,GATE_SOUTH,07:37:00,1,CL_DS201_2,RM202,1,Canteen Entrance,08:55:00,78,3,1,PRESENT,0
STU1574,Data Science,1,GATE_SOUTH,08:37:00,1,CL_DS201_2,RM202,0,Canteen Entrance,09:16:00,39,1,1,NOT_YET_VERIFIED,1
STU1575,Computer Science,2,GATE_NORTH,09:08:00,0,CL_BA101_1,RM505,0,UNKNOWN,00:00:00,0,0,0,EXCUSED,0
STU1576,Computer Science,3,GATE_NORTH,07:50:00,1,CL_EE301_1,RM303,1,Computer Laboratory Corridor,12:24:00,274,4,0,PRESENT,0
STU1577,Data Science,3,GATE_NORTH,08:01:00,1,CL_DS201_2,RM202,0,Canteen Entrance,09:04:00,63,2,1,NOT_YET_VERIFIED,1
STU1578,Computer Science,2,GATE_NORTH,08:04:00,1,CL_EE301_1,RM303,1,Computer Laboratory Corridor,09:02:00,58,1,1,PRESENT,0
STU1579,Electrical Eng,1,NONE,00:00:00,0,CL_ME102_2,RM404,0,UNKNOWN,00:00:00,0,0,0,EXCUSED,0
STU1580,Data Science,4,GATE_NORTH,09:07:00,1,CL_BA101_1,RM505,1,Library Entrance,12:58:00,231,4,1,PRESENT,0
STU1581,Business Admin,1,GATE_SOUTH,08:43:00,1,CL_BA101_2,RM505,1,Library Entrance,10:36:00,113,2,1,PRESENT,0
STU1582,Computer Science,4,GATE_NORTH,08:15:00,1,CL_EE301_1,RM303,1,Library Entrance,09:24:00,69,2,1,PRESENT,0
STU1583,Mechanical Eng,3,GATE_NORTH,07:52:00,1,CL_CS101_2,RM101,1,Computer Laboratory Corridor,08:13:00,21,1,0,PRESENT,0
STU1584,Business Admin,1,GATE_SOUTH,08:45:00,1,CL_BA101_1,RM505,0,Computer Laboratory Corridor,10:48:00,123,2,1,NOT_YET_VERIFIED,1
STU1585,Mechanical Eng,2,GATE_SOUTH,09:13:00,1,CL_CS101_2,RM101,1,Canteen Entrance,10:02:00,49,1,1,PRESENT,0
STU1586,Business Admin,1,NONE,00:00:00,0,CL_DS201_1,RM202,0,UNKNOWN,00:00:00,0,0,0,ABSENCE_REQUIRES_REVIEW,0
STU1587,Business Admin,3,GATE_NORTH,09:26:00,1,CL_BA101_1,RM505,1,Library Entrance,12:24:00,178,4,1,PRESENT,0
STU1588,Mechanical Eng,1,GATE_SOUTH,09:00:00,1,CL_EE301_1,RM303,1,Academic Block Corridor,12:52:00,232,3,1,PRESENT,0
STU1589,Computer Science,4,NONE,00:00:00,0,CL_EE301_2,RM303,0,UNKNOWN,00:00:00,0,0,0,EXCUSED,0
STU1590,Mechanical Eng,4,GATE_NORTH,08:42:00,1,CL_EE301_2,RM303,0,Computer Laboratory Corridor,10:33:00,111,3,1,NOT_YET_VERIFIED,1
STU1591,Computer Science,4,GATE_NORTH,08:42:00,1,CL_EE301_1,RM303,1,Academic Block Corridor,12:06:00,204,3,1,PRESENT,0
STU1592,Mechanical Eng,1,NONE,00:00:00,0,CL_EE301_1,RM303,0,UNKNOWN,00:00:00,0,0,0,ABSENCE_REQUIRES_REVIEW,0
STU1593,Computer Science,3,GATE_SOUTH,09:17:00,1,CL_CS101_1,RM101,1,Library Entrance,12:02:00,165,3,1,PRESENT,0
STU1594,Business Admin,2,GATE_SOUTH,08:39:00,0,CL_EE301_2,RM303,0,UNKNOWN,00:00:00,0,0,0,EXCUSED,0
STU1595,Computer Science,2,GATE_SOUTH,07:52:00,1,CL_ME102_1,RM404,1,Library Entrance,09:41:00,109,3,1,PRESENT,0
STU1596,Electrical Eng,3,GATE_NORTH,07:34:00,1,CL_ME102_2,RM404,1,Academic Block Corridor,12:24:00,290,4,1,PRESENT,0
STU1597,Mechanical Eng,3,GATE_NORTH,07:37:00,1,CL_CS101_2,RM101,1,Library Entrance,11:18:00,221,3,1,PRESENT,0
STU1598,Mechanical Eng,4,GATE_NORTH,08:47:00,1,CL_DS201_2,RM202,0,Academic Block Corridor,11:04:00,137,3,1,NOT_YET_VERIFIED,1
STU1599,Computer Science,1,GATE_SOUTH,07:32:00,1,CL_CS101_2,RM101,1,Canteen Entrance,08:57:00,85,1,0,PRESENT,0
STU1600,Business Admin,2,GATE_SOUTH,07:30:00,1,CL_DS201_2,RM202,1,Canteen Entrance,10:03:00,153,3,1,PRESENT,0
STU1601,Mechanical Eng,4,NONE,00:00:00,0,CL_BA101_2,RM505,0,UNKNOWN,00:00:00,0,0,0,ABSENCE_REQUIRES_REVIEW,0
STU1602,Data Science,4,NONE,00:00:00,0,CL_BA101_1,RM505,0,UNKNOWN,00:00:00,0,0,0,EXCUSED,0
STU1603,Electrical Eng,4,NONE,00:00:00,0,CL_ME102_2,RM404,0,UNKNOWN,00:00:00,0,0,0,ABSENCE_REQUIRES_REVIEW,0
STU1604,Mechanical Eng,4,NONE,00:00:00,0,CL_EE301_1,RM303,0,UNKNOWN,00:00:00,0,0,0,ABSENCE_REQUIRES_REVIEW,0
STU1605,Computer Science,3,GATE_NORTH,09:27:00,1,CL_BA101_2,RM505,1,Canteen Entrance,10:30:00,63,1,1,PRESENT,0
STU1606,Mechanical Eng,3,GATE_NORTH,09:13:00,1,CL_DS201_2,RM202,1,Library Entrance,12:50:00,217,4,1,PRESENT,0
STU1607,Electrical Eng,3,GATE_NORTH,08:13:00,1,CL_BA101_2,RM505,1,Main Building Entrance,10:31:00,138,2,1,PRESENT,0
STU1608,Data Science,4,GATE_SOUTH,09:27:00,1,CL_CS101_2,RM101,1,Computer Laboratory Corridor,11:46:00,139,4,1,PRESENT,0
STU1609,Computer Science,1,GATE_NORTH,07:37:00,1,CL_ME102_2,RM404,1,Library Entrance,07:57:00,20,1,1,PRESENT,0
STU1610,Computer Science,1,GATE_NORTH,07:48:00,1,CL_EE301_1,RM303,1,Library Entrance,09:14:00,86,3,1,PRESENT,0
STU1611,Mechanical Eng,1,NONE,00:00:00,0,CL_ME102_2,RM404,0,UNKNOWN,00:00:00,0,0,0,ABSENCE_REQUIRES_REVIEW,0
STU1612,Electrical Eng,2,GATE_NORTH,09:09:00,1,CL_EE301_2,RM303,1,Academic Block Corridor,10:25:00,76,2,1,PRESENT,0
STU1613,Business Admin,1,NONE,00:00:00,0,CL_EE301_2,RM303,0,UNKNOWN,00:00:00,0,0,0,EXCUSED,0
STU1614,Business Admin,3,NONE,00:00:00,0,CL_DS201_2,RM202,0,UNKNOWN,00:00:00,0,0,0,ABSENCE_REQUIRES_REVIEW,0
STU1615,Computer Science,4,NONE,00:00:00,0,CL_BA101_1,RM505,0,UNKNOWN,00:00:00,0,0,0,EXCUSED,0
STU1616,Electrical Eng,4,GATE_SOUTH,09:18:00,1,CL_ME102_1,RM404,1,Main Building Entrance,09:35:00,17,1,1,PRESENT,0
STU1617,Computer Science,3,GATE_SOUTH,07:39:00,1,CL_DS201_1,RM202,1,Computer Laboratory Corridor,08:59:00,80,1,1,PRESENT,0
STU1618,Business Admin,3,GATE_SOUTH,09:00:00,1,CL_CS101_2,RM101,1,Computer Laboratory Corridor,09:44:00,44,1,1,PRESENT,0
STU1619,Electrical Eng,1,GATE_NORTH,08:45:00,1,CL_EE301_1,RM303,1,Canteen Entrance,11:13:00,148,3,0,PRESENT,0
STU1620,Business Admin,2,GATE_SOUTH,08:13:00,1,CL_CS101_1,RM101,0,Main Building Entrance,09:14:00,61,1,1,NOT_YET_VERIFIED,1
STU1621,Data Science,4,GATE_NORTH,08:11:00,1,CL_CS101_2,RM101,1,Library Entrance,10:29:00,138,2,1,PRESENT,0
STU1622,Data Science,1,GATE_SOUTH,07:50:00,1,CL_CS101_1,RM101,1,Library Entrance,10:06:00,136,3,1,PRESENT,0
STU1623,Electrical Eng,3,GATE_SOUTH,09:11:00,1,CL_EE301_2,RM303,1,Main Building Entrance,10:40:00,89,3,1,PRESENT,0
STU1624,Computer Science,3,GATE_SOUTH,08:53:00,1,CL_CS101_2,RM101,1,Computer Laboratory Corridor,11:13:00,140,2,1,PRESENT,0
STU1625,Business Admin,2,GATE_SOUTH,07:52:00,1,CL_BA101_1,RM505,1,Academic Block Corridor,10:01:00,129,2,1,PRESENT,0
STU1626,Mechanical Eng,1,GATE_NORTH,07:58:00,1,CL_EE301_2,RM303,1,Academic Block Corridor,10:24:00,146,2,1,PRESENT,0
STU1627,Business Admin,3,NONE,00:00:00,0,CL_BA101_2,RM505,0,UNKNOWN,00:00:00,0,0,0,ABSENCE_REQUIRES_REVIEW,0
STU1628,Computer Science,2,GATE_SOUTH,08:18:00,1,CL_BA101_1,RM505,1,Canteen Entrance,09:03:00,45,1,1,PRESENT,0
STU1629,Electrical Eng,3,NONE,00:00:00,0,CL_ME102_2,RM404,0,UNKNOWN,00:00:00,0,0,0,EXCUSED,0
STU1630,Electrical Eng,3,NONE,00:00:00,0,CL_ME102_2,RM404,0,UNKNOWN,00:00:00,0,0,0,ABSENCE_REQUIRES_REVIEW,0
STU1631,Computer Science,2,GATE_SOUTH,09:03:00,1,CL_ME102_1,RM404,1,Computer Laboratory Corridor,11:43:00,160,3,1,PRESENT,0
STU1632,Data Science,4,GATE_NORTH,07:46:00,1,CL_DS201_1,RM202,1,Library Entrance,08:57:00,71,2,1,PRESENT,0
STU1633,Computer Science,2,GATE_NORTH,09:03:00,1,CL_EE301_1,RM303,1,Main Building Entrance,12:18:00,195,4,1,PRESENT,0
STU1634,Computer Science,1,GATE_SOUTH,08:59:00,1,CL_CS101_1,RM101,0,Computer Laboratory Corridor,10:30:00,91,2,1,NOT_YET_VERIFIED,1
STU1635,Business Admin,2,NONE,00:00:00,0,CL_BA101_1,RM505,0,UNKNOWN,00:00:00,0,0,0,ABSENCE_REQUIRES_REVIEW,0
STU1636,Mechanical Eng,4,GATE_NORTH,09:18:00,1,CL_DS201_1,RM202,1,Academic Block Corridor,11:41:00,143,4,1,PRESENT,0
STU1637,Mechanical Eng,3,GATE_SOUTH,07:53:00,1,CL_DS201_1,RM202,1,Computer Laboratory Corridor,09:45:00,112,3,1,PRESENT,0
STU1638,Data Science,3,GATE_NORTH,09:27:00,1,CL_EE301_1,RM303,0,Library Entrance,13:31:00,244,4,1,NOT_YET_VERIFIED,1
STU1639,Electrical Eng,3,GATE_NORTH,08:51:00,1,CL_ME102_1,RM404,0,Academic Block Corridor,09:52:00,61,1,1,NOT_YET_VERIFIED,1
STU1640,Business Admin,1,GATE_SOUTH,09:29:00,1,CL_BA101_2,RM505,1,Canteen Entrance,10:14:00,45,1,1,PRESENT,0
STU1641,Computer Science,2,GATE_SOUTH,07:48:00,1,CL_EE301_1,RM303,1,Academic Block Corridor,08:30:00,42,1,1,PRESENT,0
STU1642,Data Science,1,NONE,00:00:00,0,CL_DS201_2,RM202,0,UNKNOWN,00:00:00,0,0,0,ABSENCE_REQUIRES_REVIEW,0
STU1643,Computer Science,3,GATE_NORTH,09:05:00,1,CL_CS101_2,RM101,1,Canteen Entrance,11:15:00,130,2,1,PRESENT,0
STU1644,Mechanical Eng,4,GATE_SOUTH,08:00:00,1,CL_ME102_2,RM404,1,Library Entrance,10:55:00,175,4,1,PRESENT,0
STU1645,Mechanical Eng,4,GATE_NORTH,08:10:00,1,CL_DS201_2,RM202,1,Main Building Entrance,11:05:00,175,3,1,PRESENT,0
STU1646,Mechanical Eng,3,GATE_NORTH,08:51:00,1,CL_ME102_2,RM404,1,Computer Laboratory Corridor,12:15:00,204,4,1,PRESENT,0
STU1647,Data Science,1,NONE,00:00:00,0,CL_EE301_2,RM303,0,UNKNOWN,00:00:00,0,0,0,EXCUSED,0
STU1648,Electrical Eng,4,GATE_SOUTH,09:15:00,1,CL_ME102_2,RM404,1,Academic Block Corridor,11:10:00,115,3,1,PRESENT,0
STU1649,Computer Science,3,NONE,00:00:00,0,CL_DS201_2,RM202,0,UNKNOWN,00:00:00,0,0,0,ABSENCE_REQUIRES_REVIEW,0
STU1650,Business Admin,4,GATE_NORTH,08:27:00,1,CL_DS201_2,RM202,1,Library Entrance,08:43:00,16,1,1,PRESENT,0
STU1651,Business Admin,3,GATE_NORTH,08:03:00,1,CL_ME102_1,RM404,1,Main Building Entrance,09:21:00,78,1,1,PRESENT,0
STU1652,Computer Science,2,GATE_NORTH,08:01:00,1,CL_ME102_1,RM404,1,Computer Laboratory Corridor,10:24:00,143,3,1,PRESENT,0
STU1653,Mechanical Eng,1,GATE_SOUTH,08:14:00,1,CL_ME102_2,RM404,1,Computer Laboratory Corridor,09:35:00,81,2,1,PRESENT,0
STU1654,Computer Science,2,GATE_NORTH,09:10:00,1,CL_DS201_2,RM202,1,Library Entrance,12:47:00,217,4,1,PRESENT,0
STU1655,Electrical Eng,2,GATE_NORTH,09:02:00,1,CL_DS201_2,RM202,0,Library Entrance,09:54:00,52,2,1,NOT_YET_VERIFIED,1
STU1656,Data Science,3,NONE,00:00:00,0,CL_DS201_1,RM202,0,UNKNOWN,00:00:00,0,0,0,ABSENCE_REQUIRES_REVIEW,0
STU1657,Electrical Eng,3,NONE,00:00:00,0,CL_EE301_1,RM303,0,UNKNOWN,00:00:00,0,0,0,ABSENCE_REQUIRES_REVIEW,0
STU1658,Computer Science,1,GATE_SOUTH,07:36:00,1,CL_DS201_2,RM202,1,Computer Laboratory Corridor,08:35:00,59,1,0,PRESENT,0
STU1659,Mechanical Eng,4,GATE_SOUTH,08:26:00,1,CL_DS201_2,RM202,0,Computer Laboratory Corridor,11:04:00,158,4,1,NOT_YET_VERIFIED,1
STU1660,Data Science,2,GATE_SOUTH,07:51:00,1,CL_EE301_2,RM303,1,Library Entrance,09:15:00,84,1,1,PRESENT,0
STU1661,Mechanical Eng,2,GATE_SOUTH,08:33:00,1,CL_DS201_1,RM202,1,Canteen Entrance,09:50:00,77,2,1,PRESENT,0
STU1662,Business Admin,3,GATE_SOUTH,08:14:00,1,CL_DS201_2,RM202,1,Canteen Entrance,09:24:00,70,2,1,PRESENT,0
STU1663,Computer Science,4,GATE_SOUTH,07:42:00,0,CL_DS201_2,RM202,0,UNKNOWN,00:00:00,0,0,0,ABSENCE_REQUIRES_REVIEW,0
STU1664,Computer Science,4,GATE_NORTH,09:10:00,1,CL_BA101_2,RM505,1,Computer Laboratory Corridor,10:45:00,95,2,1,PRESENT,0
STU1665,Computer Science,4,GATE_SOUTH,07:50:00,1,CL_ME102_2,RM404,1,Canteen Entrance,09:09:00,79,2,1,PRESENT,0
STU1666,Computer Science,3,GATE_NORTH,07:39:00,1,CL_ME102_1,RM404,1,Academic Block Corridor,10:45:00,186,4,0,PRESENT,0
STU1667,Business Admin,4,GATE_NORTH,08:07:00,1,CL_DS201_2,RM202,1,Academic Block Corridor,10:29:00,142,3,1,PRESENT,0
STU1668,Business Admin,4,GATE_SOUTH,08:10:00,1,CL_DS201_2,RM202,1,Computer Laboratory Corridor,10:01:00,111,2,1,PRESENT,0
STU1669,Mechanical Eng,3,NONE,00:00:00,0,CL_EE301_2,RM303,0,UNKNOWN,00:00:00,0,0,0,EXCUSED,0
STU1670,Computer Science,4,GATE_NORTH,07:43:00,1,CL_BA101_1,RM505,1,Computer Laboratory Corridor,10:40:00,177,4,1,PRESENT,0
STU1671,Computer Science,3,NONE,00:00:00,0,CL_ME102_1,RM404,0,UNKNOWN,00:00:00,0,0,0,EXCUSED,0
STU1672,Data Science,4,GATE_NORTH,08:13:00,1,CL_DS201_2,RM202,1,Academic Block Corridor,11:35:00,202,4,1,PRESENT,0
STU1673,Electrical Eng,1,GATE_SOUTH,09:23:00,1,CL_CS101_1,RM101,1,Main Building Entrance,12:50:00,207,4,1,PRESENT,0
STU1674,Mechanical Eng,1,NONE,00:00:00,0,CL_EE301_2,RM303,0,UNKNOWN,00:00:00,0,0,0,EXCUSED,0
STU1675,Data Science,4,GATE_NORTH,07:50:00,1,CL_BA101_1,RM505,1,Academic Block Corridor,09:01:00,71,1,1,PRESENT,0
STU1676,Business Admin,4,GATE_NORTH,08:40:00,1,CL_DS201_2,RM202,0,Canteen Entrance,11:43:00,183,3,1,NOT_YET_VERIFIED,1
STU1677,Business Admin,1,GATE_SOUTH,08:13:00,1,CL_DS201_1,RM202,1,Main Building Entrance,12:39:00,266,4,1,PRESENT,0
STU1678,Mechanical Eng,3,GATE_NORTH,09:00:00,1,CL_DS201_1,RM202,1,Academic Block Corridor,12:28:00,208,3,1,PRESENT,0
STU1679,Electrical Eng,2,GATE_NORTH,08:25:00,1,CL_DS201_2,RM202,1,Main Building Entrance,12:05:00,220,4,1,PRESENT,0
STU1680,Electrical Eng,2,GATE_SOUTH,08:47:00,1,CL_CS101_1,RM101,1,Library Entrance,12:08:00,201,3,1,PRESENT,0
STU1681,Computer Science,1,GATE_NORTH,07:50:00,1,CL_CS101_2,RM101,1,Computer Laboratory Corridor,09:18:00,88,1,1,PRESENT,0
STU1682,Business Admin,2,GATE_SOUTH,07:42:00,1,CL_BA101_2,RM505,1,Library Entrance,11:03:00,201,4,1,PRESENT,0
STU1683,Electrical Eng,3,GATE_NORTH,07:56:00,1,CL_BA101_2,RM505,1,Academic Block Corridor,09:09:00,73,1,1,PRESENT,0
STU1684,Data Science,2,GATE_SOUTH,08:22:00,1,CL_DS201_2,RM202,1,Computer Laboratory Corridor,10:28:00,126,3,1,PRESENT,0
STU1685,Computer Science,2,GATE_SOUTH,08:54:00,1,CL_DS201_2,RM202,1,Library Entrance,10:37:00,103,2,1,PRESENT,0
STU1686,Electrical Eng,2,GATE_NORTH,08:08:00,1,CL_CS101_1,RM101,1,Canteen Entrance,08:38:00,30,1,1,PRESENT,0
STU1687,Data Science,2,GATE_NORTH,07:42:00,1,CL_CS101_2,RM101,1,Academic Block Corridor,08:17:00,35,1,1,PRESENT,0
STU1688,Computer Science,2,GATE_SOUTH,08:20:00,1,CL_DS201_1,RM202,1,Library Entrance,09:12:00,52,2,1,PRESENT,0
STU1689,Mechanical Eng,4,GATE_NORTH,07:49:00,1,CL_BA101_1,RM505,1,Canteen Entrance,08:38:00,49,2,1,PRESENT,0
STU1690,Business Admin,4,GATE_NORTH,08:16:00,1,CL_ME102_2,RM404,1,Academic Block Corridor,09:15:00,59,1,1,PRESENT,0
STU1691,Business Admin,3,GATE_NORTH,08:24:00,1,CL_DS201_1,RM202,0,Library Entrance,12:02:00,218,4,1,NOT_YET_VERIFIED,1
STU1692,Electrical Eng,2,GATE_SOUTH,08:07:00,1,CL_CS101_1,RM101,0,Computer Laboratory Corridor,11:46:00,219,4,1,NOT_YET_VERIFIED,1
STU1693,Mechanical Eng,1,GATE_NORTH,07:55:00,1,CL_BA101_1,RM505,1,Computer Laboratory Corridor,11:21:00,206,3,1,PRESENT,0
STU1694,Mechanical Eng,4,GATE_NORTH,07:33:00,1,CL_CS101_1,RM101,1,Canteen Entrance,08:30:00,57,2,1,PRESENT,0
STU1695,Electrical Eng,3,GATE_SOUTH,07:51:00,1,CL_ME102_1,RM404,1,Library Entrance,08:48:00,57,1,1,PRESENT,0
STU1696,Business Admin,1,NONE,00:00:00,0,CL_CS101_1,RM101,0,UNKNOWN,00:00:00,0,0,0,ABSENCE_REQUIRES_REVIEW,0
STU1697,Electrical Eng,1,GATE_SOUTH,07:40:00,1,CL_BA101_2,RM505,1,Library Entrance,10:28:00,168,2,1,PRESENT,0
STU1698,Electrical Eng,4,GATE_NORTH,09:18:00,1,CL_CS101_2,RM101,1,Computer Laboratory Corridor,10:46:00,88,1,1,PRESENT,0
STU1699,Mechanical Eng,1,GATE_SOUTH,08:09:00,0,CL_CS101_1,RM101,0,UNKNOWN,00:00:00,0,0,0,ABSENCE_REQUIRES_REVIEW,0
STU1700,Computer Science,3,GATE_SOUTH,08:30:00,1,CL_ME102_1,RM404,1,Main Building Entrance,11:13:00,163,3,1,PRESENT,0
STU1701,Electrical Eng,1,GATE_SOUTH,09:24:00,1,CL_DS201_1,RM202,1,Main Building Entrance,13:30:00,246,4,1,PRESENT,0
STU1702,Computer Science,4,GATE_SOUTH,07:41:00,1,CL_DS201_2,RM202,1,Main Building Entrance,08:56:00,75,1,1,PRESENT,0
STU1703,Mechanical Eng,1,GATE_SOUTH,07:53:00,1,CL_ME102_1,RM404,1,Computer Laboratory Corridor,09:29:00,96,3,1,PRESENT,0
STU1704,Mechanical Eng,2,GATE_SOUTH,09:23:00,1,CL_CS101_1,RM101,1,Library Entrance,11:26:00,123,4,1,PRESENT,0
STU1705,Electrical Eng,4,GATE_NORTH,08:17:00,1,CL_CS101_2,RM101,1,Canteen Entrance,08:38:00,21,1,1,PRESENT,0
STU1706,Business Admin,2,GATE_NORTH,08:27:00,1,CL_ME102_1,RM404,1,Canteen Entrance,08:48:00,21,1,1,PRESENT,0
STU1707,Computer Science,4,GATE_SOUTH,08:03:00,1,CL_DS201_1,RM202,1,Academic Block Corridor,12:12:00,249,4,1,PRESENT,0
STU1708,Computer Science,3,GATE_SOUTH,08:29:00,1,CL_BA101_2,RM505,1,Main Building Entrance,11:08:00,159,4,1,PRESENT,0
STU1709,Computer Science,2,GATE_SOUTH,07:58:00,1,CL_DS201_2,RM202,1,Main Building Entrance,08:40:00,42,1,1,PRESENT,0
STU1710,Computer Science,2,GATE_NORTH,08:42:00,1,CL_DS201_1,RM202,1,Library Entrance,12:13:00,211,4,1,PRESENT,0
STU1711,Mechanical Eng,4,GATE_NORTH,07:49:00,1,CL_CS101_1,RM101,1,Main Building Entrance,11:48:00,239,4,1,PRESENT,0
STU1712,Business Admin,2,GATE_SOUTH,07:40:00,1,CL_ME102_2,RM404,1,Library Entrance,08:53:00,73,1,1,PRESENT,0
STU1713,Electrical Eng,3,GATE_SOUTH,09:13:00,1,CL_DS201_1,RM202,1,Canteen Entrance,13:43:00,270,4,1,PRESENT,0
STU1714,Electrical Eng,4,GATE_NORTH,09:06:00,1,CL_ME102_1,RM404,1,Main Building Entrance,12:59:00,233,4,1,PRESENT,0
STU1715,Mechanical Eng,3,GATE_NORTH,08:40:00,1,CL_DS201_1,RM202,1,Canteen Entrance,10:08:00,88,1,1,PRESENT,0
STU1716,Business Admin,1,GATE_SOUTH,09:17:00,1,CL_CS101_2,RM101,1,Library Entrance,10:07:00,50,1,1,PRESENT,0
STU1717,Electrical Eng,1,GATE_SOUTH,09:14:00,1,CL_CS101_1,RM101,1,Main Building Entrance,12:51:00,217,4,0,PRESENT,0
STU1718,Electrical Eng,1,GATE_SOUTH,08:38:00,1,CL_EE301_2,RM303,0,Main Building Entrance,10:32:00,114,3,1,NOT_YET_VERIFIED,1
STU1719,Business Admin,4,GATE_NORTH,08:43:00,1,CL_DS201_2,RM202,1,Main Building Entrance,11:05:00,142,3,1,PRESENT,0
STU1720,Electrical Eng,3,GATE_SOUTH,08:30:00,1,CL_ME102_1,RM404,1,Computer Laboratory Corridor,11:22:00,172,4,1,PRESENT,0
STU1721,Business Admin,2,GATE_SOUTH,07:40:00,1,CL_BA101_2,RM505,1,Main Building Entrance,11:13:00,213,3,1,PRESENT,0
STU1722,Electrical Eng,1,NONE,00:00:00,0,CL_EE301_1,RM303,0,UNKNOWN,00:00:00,0,0,0,ABSENCE_REQUIRES_REVIEW,0
STU1723,Business Admin,2,GATE_NORTH,09:25:00,0,CL_CS101_2,RM101,0,UNKNOWN,00:00:00,0,0,0,EXCUSED,0
STU1724,Electrical Eng,3,GATE_NORTH,08:34:00,1,CL_DS201_1,RM202,1,Computer Laboratory Corridor,09:07:00,33,1,1,PRESENT,0
STU1725,Mechanical Eng,2,GATE_SOUTH,07:45:00,1,CL_CS101_2,RM101,1,Main Building Entrance,11:07:00,202,3,1,PRESENT,0
STU1726,Business Admin,1,GATE_NORTH,07:52:00,1,CL_CS101_2,RM101,1,Academic Block Corridor,12:03:00,251,4,1,PRESENT,0
STU1727,Electrical Eng,4,GATE_NORTH,07:57:00,1,CL_DS201_2,RM202,1,Academic Block Corridor,10:13:00,136,3,1,PRESENT,0
STU1728,Electrical Eng,2,NONE,00:00:00,0,CL_BA101_2,RM505,0,UNKNOWN,00:00:00,0,0,0,ABSENCE_REQUIRES_REVIEW,0
STU1729,Business Admin,1,NONE,00:00:00,0,CL_ME102_1,RM404,0,UNKNOWN,00:00:00,0,0,0,ABSENCE_REQUIRES_REVIEW,0
STU1730,Mechanical Eng,3,GATE_NORTH,07:46:00,1,CL_DS201_2,RM202,0,Main Building Entrance,10:49:00,183,3,1,NOT_YET_VERIFIED,1
STU1731,Computer Science,3,GATE_NORTH,08:24:00,1,CL_CS101_1,RM101,1,Canteen Entrance,09:34:00,70,1,1,PRESENT,0
STU1732,Electrical Eng,2,GATE_SOUTH,08:57:00,1,CL_DS201_1,RM202,1,Library Entrance,09:44:00,47,1,1,PRESENT,0
STU1733,Data Science,3,GATE_NORTH,07:55:00,1,CL_ME102_2,RM404,1,Academic Block Corridor,09:31:00,96,2,1,PRESENT,0
STU1734,Mechanical Eng,2,GATE_SOUTH,09:16:00,1,CL_BA101_2,RM505,1,Computer Laboratory Corridor,10:39:00,83,2,1,PRESENT,0
STU1735,Data Science,2,GATE_NORTH,08:10:00,1,CL_DS201_2,RM202,1,Library Entrance,10:46:00,156,3,1,PRESENT,0
STU1736,Data Science,1,GATE_SOUTH,07:41:00,0,CL_CS101_1,RM101,0,UNKNOWN,00:00:00,0,0,0,ABSENCE_REQUIRES_REVIEW,0
STU1737,Electrical Eng,1,GATE_SOUTH,08:41:00,1,CL_ME102_2,RM404,1,Library Entrance,11:26:00,165,3,1,PRESENT,0
STU1738,Business Admin,1,GATE_SOUTH,08:40:00,1,CL_ME102_2,RM404,1,Main Building Entrance,12:09:00,209,3,1,PRESENT,0
STU1739,Electrical Eng,2,GATE_SOUTH,09:19:00,1,CL_DS201_1,RM202,1,Canteen Entrance,12:15:00,176,2,1,PRESENT,0
STU1740,Business Admin,4,NONE,00:00:00,0,CL_EE301_2,RM303,0,UNKNOWN,00:00:00,0,0,0,ABSENCE_REQUIRES_REVIEW,0
STU1741,Data Science,2,NONE,00:00:00,0,CL_EE301_1,RM303,0,UNKNOWN,00:00:00,0,0,0,EXCUSED,0
STU1742,Data Science,2,GATE_SOUTH,08:36:00,1,CL_CS101_2,RM101,1,Main Building Entrance,10:55:00,139,2,1,PRESENT,0
STU1743,Mechanical Eng,1,GATE_NORTH,09:27:00,1,CL_CS101_1,RM101,1,Academic Block Corridor,10:24:00,57,1,1,PRESENT,0
STU1744,Mechanical Eng,3,GATE_SOUTH,09:10:00,1,CL_CS101_2,RM101,0,Canteen Entrance,11:53:00,163,4,1,NOT_YET_VERIFIED,1
STU1745,Data Science,4,GATE_SOUTH,07:44:00,1,CL_ME102_2,RM404,1,Computer Laboratory Corridor,10:33:00,169,4,1,PRESENT,0
STU1746,Business Admin,3,GATE_NORTH,07:49:00,1,CL_EE301_2,RM303,1,Computer Laboratory Corridor,10:49:00,180,3,1,PRESENT,0
STU1747,Mechanical Eng,2,NONE,00:00:00,0,CL_BA101_2,RM505,0,UNKNOWN,00:00:00,0,0,0,EXCUSED,0
STU1748,Business Admin,2,GATE_NORTH,08:42:00,1,CL_ME102_2,RM404,1,Computer Laboratory Corridor,09:55:00,73,2,1,PRESENT,0
STU1749,Electrical Eng,4,NONE,00:00:00,0,CL_EE301_1,RM303,0,UNKNOWN,00:00:00,0,0,0,ABSENCE_REQUIRES_REVIEW,0
STU1750,Data Science,3,GATE_NORTH,09:28:00,1,CL_DS201_2,RM202,1,Computer Laboratory Corridor,10:58:00,90,1,1,PRESENT,0
STU1751,Business Admin,4,GATE_NORTH,08:42:00,1,CL_CS101_2,RM101,1,Academic Block Corridor,12:05:00,203,4,1,PRESENT,0
STU1752,Mechanical Eng,3,NONE,00:00:00,0,CL_ME102_1,RM404,0,UNKNOWN,00:00:00,0,0,0,ABSENCE_REQUIRES_REVIEW,0
STU1753,Mechanical Eng,4,GATE_SOUTH,09:10:00,1,CL_CS101_1,RM101,1,Academic Block Corridor,11:24:00,134,2,1,PRESENT,0
STU1754,Data Science,2,GATE_SOUTH,09:21:00,1,CL_CS101_1,RM101,1,Library Entrance,10:57:00,96,2,1,PRESENT,0
STU1755,Business Admin,2,GATE_SOUTH,09:22:00,1,CL_DS201_2,RM202,1,Academic Block Corridor,13:30:00,248,4,1,PRESENT,0
STU1756,Electrical Eng,1,NONE,00:00:00,0,CL_BA101_1,RM505,0,UNKNOWN,00:00:00,0,0,0,ABSENCE_REQUIRES_REVIEW,0
STU1757,Mechanical Eng,3,GATE_SOUTH,08:03:00,1,CL_ME102_2,RM404,1,Main Building Entrance,10:23:00,140,3,1,PRESENT,0
STU1758,Business Admin,1,GATE_SOUTH,08:53:00,1,CL_CS101_1,RM101,1,Library Entrance,10:16:00,83,2,1,PRESENT,0
STU1759,Business Admin,1,GATE_SOUTH,08:43:00,1,CL_ME102_1,RM404,1,Computer Laboratory Corridor,09:20:00,37,1,1,PRESENT,0
STU1760,Electrical Eng,1,GATE_NORTH,07:34:00,1,CL_BA101_2,RM505,1,Academic Block Corridor,07:56:00,22,1,0,PRESENT,0
STU1761,Data Science,3,GATE_SOUTH,08:05:00,1,CL_ME102_1,RM404,1,Canteen Entrance,09:16:00,71,1,1,PRESENT,0
STU1762,Mechanical Eng,2,GATE_SOUTH,07:48:00,1,CL_BA101_1,RM505,1,Academic Block Corridor,09:16:00,88,2,1,PRESENT,0
STU1763,Mechanical Eng,1,GATE_SOUTH,07:34:00,1,CL_EE301_2,RM303,1,Main Building Entrance,10:10:00,156,3,1,PRESENT,0
STU1764,Data Science,4,GATE_SOUTH,09:23:00,1,CL_CS101_1,RM101,1,Academic Block Corridor,10:49:00,86,2,1,PRESENT,0
STU1765,Electrical Eng,1,GATE_NORTH,08:58:00,1,CL_ME102_1,RM404,1,Library Entrance,12:30:00,212,3,1,PRESENT,0
STU1766,Mechanical Eng,1,GATE_SOUTH,07:36:00,1,CL_DS201_2,RM202,1,Library Entrance,11:01:00,205,4,1,PRESENT,0
STU1767,Mechanical Eng,3,GATE_SOUTH,09:27:00,1,CL_DS201_1,RM202,1,Academic Block Corridor,12:43:00,196,3,1,PRESENT,0
STU1768,Data Science,4,GATE_SOUTH,09:24:00,1,CL_CS101_2,RM101,1,Main Building Entrance,10:48:00,84,1,1,PRESENT,0
STU1769,Computer Science,3,GATE_SOUTH,07:32:00,1,CL_BA101_2,RM505,1,Canteen Entrance,07:51:00,19,1,1,PRESENT,0
STU1770,Data Science,1,NONE,00:00:00,0,CL_EE301_2,RM303,0,UNKNOWN,00:00:00,0,0,0,ABSENCE_REQUIRES_REVIEW,0
STU1771,Electrical Eng,1,GATE_SOUTH,09:14:00,1,CL_DS201_1,RM202,1,Main Building Entrance,10:57:00,103,3,1,PRESENT,0
STU1772,Electrical Eng,2,GATE_SOUTH,08:09:00,1,CL_CS101_2,RM101,1,Main Building Entrance,10:26:00,137,4,1,PRESENT,0
STU1773,Data Science,1,GATE_SOUTH,09:17:00,1,CL_DS201_2,RM202,1,Canteen Entrance,13:04:00,227,4,1,PRESENT,0
STU1774,Electrical Eng,4,GATE_NORTH,09:19:00,1,CL_ME102_2,RM404,1,Library Entrance,10:04:00,45,1,1,PRESENT,0
STU1775,Data Science,4,GATE_NORTH,09:21:00,1,CL_BA101_2,RM505,1,Main Building Entrance,11:14:00,113,2,1,PRESENT,0
STU1776,Mechanical Eng,1,GATE_SOUTH,07:47:00,1,CL_CS101_1,RM101,1,Academic Block Corridor,11:14:00,207,4,1,PRESENT,0
STU1777,Computer Science,1,GATE_SOUTH,09:05:00,1,CL_BA101_2,RM505,1,Academic Block Corridor,11:02:00,117,2,1,PRESENT,0
STU1778,Electrical Eng,2,NONE,00:00:00,0,CL_DS201_2,RM202,0,UNKNOWN,00:00:00,0,0,0,EXCUSED,0
STU1779,Data Science,4,NONE,00:00:00,0,CL_DS201_2,RM202,0,UNKNOWN,00:00:00,0,0,0,EXCUSED,0
STU1780,Computer Science,3,GATE_SOUTH,09:09:00,1,CL_ME102_2,RM404,1,Canteen Entrance,09:30:00,21,1,1,PRESENT,0
STU1781,Data Science,3,GATE_SOUTH,08:04:00,1,CL_DS201_2,RM202,1,Canteen Entrance,09:43:00,99,3,1,PRESENT,0
STU1782,Computer Science,1,GATE_NORTH,08:47:00,1,CL_BA101_1,RM505,1,Computer Laboratory Corridor,09:32:00,45,1,1,PRESENT,0
STU1783,Data Science,4,GATE_SOUTH,07:54:00,1,CL_DS201_1,RM202,1,Computer Laboratory Corridor,08:11:00,17,1,1,PRESENT,0
STU1784,Business Admin,4,GATE_SOUTH,07:57:00,1,CL_CS101_2,RM101,1,Main Building Entrance,11:07:00,190,3,1,PRESENT,0
STU1785,Computer Science,1,GATE_SOUTH,09:04:00,1,CL_ME102_2,RM404,0,Canteen Entrance,11:51:00,167,4,1,NOT_YET_VERIFIED,1
STU1786,Mechanical Eng,1,GATE_SOUTH,09:07:00,1,CL_CS101_2,RM101,1,Academic Block Corridor,10:05:00,58,1,1,PRESENT,0
STU1787,Business Admin,2,NONE,00:00:00,0,CL_BA101_1,RM505,0,UNKNOWN,00:00:00,0,0,0,ABSENCE_REQUIRES_REVIEW,0
STU1788,Data Science,3,GATE_NORTH,09:15:00,1,CL_CS101_2,RM101,1,Academic Block Corridor,09:43:00,28,1,1,PRESENT,0
STU1789,Mechanical Eng,1,GATE_NORTH,08:35:00,1,CL_BA101_2,RM505,1,Main Building Entrance,12:07:00,212,4,1,PRESENT,0
STU1790,Business Admin,3,GATE_SOUTH,07:38:00,1,CL_CS101_1,RM101,1,Canteen Entrance,10:07:00,149,3,1,PRESENT,0
STU1791,Data Science,4,GATE_SOUTH,09:00:00,1,CL_CS101_1,RM101,1,Academic Block Corridor,11:09:00,129,3,1,PRESENT,0
STU1792,Data Science,1,GATE_NORTH,07:47:00,1,CL_BA101_2,RM505,1,Academic Block Corridor,08:37:00,50,1,1,PRESENT,0
STU1793,Business Admin,3,GATE_NORTH,07:52:00,1,CL_BA101_2,RM505,1,Main Building Entrance,10:20:00,148,4,1,PRESENT,0
STU1794,Computer Science,1,GATE_NORTH,09:22:00,1,CL_DS201_2,RM202,0,Main Building Entrance,13:12:00,230,4,1,NOT_YET_VERIFIED,1
STU1795,Mechanical Eng,4,NONE,00:00:00,0,CL_DS201_2,RM202,0,UNKNOWN,00:00:00,0,0,0,EXCUSED,0
STU1796,Computer Science,4,GATE_NORTH,09:17:00,1,CL_BA101_2,RM505,1,Main Building Entrance,10:37:00,80,1,1,PRESENT,0
STU1797,Electrical Eng,3,GATE_NORTH,08:01:00,1,CL_BA101_2,RM505,0,Computer Laboratory Corridor,10:39:00,158,3,1,NOT_YET_VERIFIED,1
STU1798,Computer Science,3,GATE_NORTH,08:28:00,1,CL_BA101_1,RM505,1,Academic Block Corridor,11:28:00,180,4,1,PRESENT,0
STU1799,Computer Science,3,GATE_SOUTH,09:27:00,1,CL_CS101_2,RM101,1,Main Building Entrance,11:33:00,126,2,1,PRESENT,0
STU1800,Data Science,1,NONE,00:00:00,0,CL_BA101_1,RM505,0,UNKNOWN,00:00:00,0,0,0,ABSENCE_REQUIRES_REVIEW,0
STU1801,Business Admin,3,GATE_NORTH,09:00:00,0,CL_ME102_2,RM404,0,UNKNOWN,00:00:00,0,0,0,ABSENCE_REQUIRES_REVIEW,0
STU1802,Data Science,1,GATE_SOUTH,08:05:00,1,CL_CS101_2,RM101,0,Canteen Entrance,12:38:00,273,4,1,NOT_YET_VERIFIED,1
STU1803,Electrical Eng,3,GATE_SOUTH,09:15:00,1,CL_CS101_1,RM101,0,Computer Laboratory Corridor,11:01:00,106,2,1,NOT_YET_VERIFIED,1
STU1804,Data Science,4,GATE_SOUTH,08:34:00,1,CL_ME102_1,RM404,1,Library Entrance,11:08:00,154,3,0,PRESENT,0
STU1805,Mechanical Eng,2,GATE_NORTH,08:51:00,1,CL_ME102_2,RM404,1,Canteen Entrance,10:49:00,118,2,1,PRESENT,0
STU1806,Data Science,1,GATE_NORTH,08:57:00,1,CL_DS201_1,RM202,1,Library Entrance,11:48:00,171,4,1,PRESENT,0
STU1807,Mechanical Eng,1,GATE_SOUTH,08:00:00,1,CL_EE301_1,RM303,1,Main Building Entrance,08:36:00,36,1,1,PRESENT,0
STU1808,Electrical Eng,2,GATE_SOUTH,08:32:00,1,CL_DS201_1,RM202,1,Canteen Entrance,12:27:00,235,4,1,PRESENT,0
STU1809,Computer Science,2,GATE_SOUTH,07:52:00,1,CL_BA101_1,RM505,1,Computer Laboratory Corridor,11:18:00,206,4,1,PRESENT,0
STU1810,Computer Science,3,GATE_SOUTH,08:45:00,1,CL_CS101_1,RM101,0,Academic Block Corridor,11:02:00,137,3,1,NOT_YET_VERIFIED,1
STU1811,Electrical Eng,4,GATE_NORTH,08:14:00,1,CL_ME102_1,RM404,0,Academic Block Corridor,10:53:00,159,3,1,NOT_YET_VERIFIED,1
STU1812,Business Admin,4,GATE_SOUTH,09:17:00,1,CL_DS201_1,RM202,1,Canteen Entrance,10:16:00,59,1,1,PRESENT,0
STU1813,Electrical Eng,1,GATE_NORTH,09:05:00,1,CL_BA101_1,RM505,1,Canteen Entrance,11:57:00,172,3,1,PRESENT,0
STU1814,Data Science,3,GATE_NORTH,08:06:00,1,CL_CS101_2,RM101,1,Library Entrance,09:47:00,101,2,1,PRESENT,0
STU1815,Electrical Eng,1,GATE_NORTH,08:19:00,1,CL_CS101_1,RM101,1,Main Building Entrance,11:03:00,164,3,1,PRESENT,0
STU1816,Electrical Eng,3,GATE_NORTH,07:50:00,1,CL_EE301_1,RM303,1,Canteen Entrance,11:30:00,220,4,1,PRESENT,0
STU1817,Computer Science,3,GATE_NORTH,09:19:00,1,CL_DS201_2,RM202,1,Main Building Entrance,10:14:00,55,1,1,PRESENT,0
STU1818,Mechanical Eng,4,NONE,00:00:00,0,CL_DS201_1,RM202,0,UNKNOWN,00:00:00,0,0,0,EXCUSED,0
STU1819,Mechanical Eng,4,GATE_NORTH,08:52:00,1,CL_ME102_2,RM404,1,Library Entrance,10:30:00,98,3,1,PRESENT,0
STU1820,Electrical Eng,2,GATE_NORTH,08:56:00,1,CL_BA101_1,RM505,1,Main Building Entrance,10:52:00,116,4,0,PRESENT,0
STU1821,Mechanical Eng,4,GATE_SOUTH,08:04:00,1,CL_BA101_2,RM505,0,Academic Block Corridor,12:47:00,283,4,1,NOT_YET_VERIFIED,1
STU1822,Electrical Eng,3,GATE_NORTH,08:35:00,1,CL_EE301_1,RM303,1,Library Entrance,10:00:00,85,2,1,PRESENT,0
STU1823,Computer Science,4,GATE_NORTH,09:20:00,1,CL_CS101_2,RM101,1,Library Entrance,11:39:00,139,2,1,PRESENT,0
STU1824,Computer Science,4,GATE_NORTH,08:30:00,1,CL_BA101_2,RM505,1,Computer Laboratory Corridor,12:13:00,223,4,1,PRESENT,0
STU1825,Business Admin,2,NONE,00:00:00,0,CL_BA101_2,RM505,0,UNKNOWN,00:00:00,0,0,0,EXCUSED,0
STU1826,Business Admin,3,GATE_NORTH,08:52:00,1,CL_CS101_1,RM101,0,Library Entrance,13:32:00,280,4,1,NOT_YET_VERIFIED,1
STU1827,Electrical Eng,1,GATE_NORTH,08:46:00,1,CL_CS101_1,RM101,1,Academic Block Corridor,11:20:00,154,3,1,PRESENT,0
STU1828,Computer Science,3,NONE,00:00:00,0,CL_ME102_2,RM404,0,UNKNOWN,00:00:00,0,0,0,ABSENCE_REQUIRES_REVIEW,0
STU1829,Electrical Eng,3,GATE_SOUTH,07:58:00,1,CL_ME102_1,RM404,1,Computer Laboratory Corridor,10:22:00,144,2,1,PRESENT,0
STU1830,Mechanical Eng,4,GATE_SOUTH,08:47:00,1,CL_DS201_1,RM202,1,Academic Block Corridor,11:04:00,137,3,1,PRESENT,0
STU1831,Data Science,4,GATE_SOUTH,09:01:00,1,CL_EE301_1,RM303,1,Main Building Entrance,11:33:00,152,4,0,PRESENT,0
STU1832,Electrical Eng,4,GATE_SOUTH,08:24:00,1,CL_CS101_2,RM101,1,Academic Block Corridor,08:40:00,16,1,1,PRESENT,0
STU1833,Computer Science,3,GATE_SOUTH,09:19:00,1,CL_BA101_1,RM505,1,Computer Laboratory Corridor,10:49:00,90,1,1,PRESENT,0
STU1834,Business Admin,4,GATE_SOUTH,08:28:00,1,CL_BA101_1,RM505,1,Computer Laboratory Corridor,11:55:00,207,3,1,PRESENT,0
STU1835,Electrical Eng,1,GATE_SOUTH,07:57:00,1,CL_ME102_2,RM404,1,Computer Laboratory Corridor,08:40:00,43,1,1,PRESENT,0
STU1836,Computer Science,4,GATE_SOUTH,08:08:00,1,CL_CS101_1,RM101,1,Computer Laboratory Corridor,11:17:00,189,3,1,PRESENT,0
STU1837,Electrical Eng,2,GATE_NORTH,08:44:00,1,CL_BA101_1,RM505,1,Library Entrance,12:19:00,215,4,1,PRESENT,0
STU1838,Computer Science,2,GATE_SOUTH,07:30:00,1,CL_CS101_1,RM101,1,Canteen Entrance,10:58:00,208,4,1,PRESENT,0
STU1839,Business Admin,4,GATE_SOUTH,08:41:00,1,CL_BA101_1,RM505,1,Main Building Entrance,11:55:00,194,4,1,PRESENT,0
STU1840,Computer Science,2,GATE_NORTH,08:08:00,1,CL_EE301_1,RM303,0,Computer Laboratory Corridor,09:07:00,59,2,1,NOT_YET_VERIFIED,1
STU1841,Computer Science,2,GATE_NORTH,08:31:00,1,CL_ME102_1,RM404,1,Library Entrance,12:11:00,220,4,1,PRESENT,0
STU1842,Electrical Eng,3,NONE,00:00:00,0,CL_ME102_1,RM404,0,UNKNOWN,00:00:00,0,0,0,ABSENCE_REQUIRES_REVIEW,0
STU1843,Mechanical Eng,1,GATE_SOUTH,08:13:00,1,CL_EE301_2,RM303,1,Library Entrance,10:29:00,136,2,1,PRESENT,0
STU1844,Business Admin,2,GATE_SOUTH,08:51:00,1,CL_CS101_2,RM101,1,Library Entrance,10:50:00,119,2,1,PRESENT,0
STU1845,Mechanical Eng,3,GATE_SOUTH,09:20:00,1,CL_DS201_1,RM202,1,Main Building Entrance,11:47:00,147,3,1,PRESENT,0
STU1846,Electrical Eng,4,GATE_SOUTH,08:03:00,1,CL_BA101_2,RM505,1,Academic Block Corridor,10:35:00,152,3,1,PRESENT,0
STU1847,Computer Science,2,NONE,00:00:00,0,CL_BA101_2,RM505,0,UNKNOWN,00:00:00,0,0,0,ABSENCE_REQUIRES_REVIEW,0
STU1848,Business Admin,3,GATE_NORTH,07:54:00,1,CL_BA101_2,RM505,1,Library Entrance,09:24:00,90,1,1,PRESENT,0
STU1849,Mechanical Eng,3,GATE_NORTH,08:36:00,1,CL_BA101_1,RM505,1,Academic Block Corridor,11:31:00,175,3,1,PRESENT,0
STU1850,Electrical Eng,2,GATE_NORTH,09:25:00,1,CL_EE301_2,RM303,1,Main Building Entrance,12:17:00,172,4,1,PRESENT,0
STU1851,Computer Science,1,GATE_SOUTH,09:13:00,1,CL_DS201_2,RM202,1,Canteen Entrance,11:29:00,136,2,1,PRESENT,0
STU1852,Data Science,4,GATE_SOUTH,08:54:00,1,CL_CS101_2,RM101,1,Canteen Entrance,11:35:00,161,2,1,PRESENT,0
STU1853,Business Admin,4,GATE_NORTH,08:57:00,1,CL_CS101_1,RM101,1,Computer Laboratory Corridor,12:21:00,204,3,1,PRESENT,0
STU1854,Business Admin,1,GATE_NORTH,09:02:00,1,CL_DS201_1,RM202,0,Computer Laboratory Corridor,10:28:00,86,1,1,NOT_YET_VERIFIED,1
STU1855,Electrical Eng,3,GATE_SOUTH,08:53:00,1,CL_ME102_1,RM404,1,Computer Laboratory Corridor,09:54:00,61,1,1,PRESENT,0
STU1856,Mechanical Eng,2,GATE_SOUTH,08:07:00,1,CL_CS101_2,RM101,1,Academic Block Corridor,10:47:00,160,4,1,PRESENT,0
STU1857,Business Admin,3,GATE_SOUTH,09:26:00,1,CL_BA101_1,RM505,1,Canteen Entrance,10:52:00,86,3,1,PRESENT,0
STU1858,Mechanical Eng,2,GATE_SOUTH,08:21:00,1,CL_BA101_2,RM505,1,Academic Block Corridor,09:36:00,75,1,1,PRESENT,0
STU1859,Computer Science,2,GATE_NORTH,09:04:00,1,CL_DS201_2,RM202,1,Main Building Entrance,11:21:00,137,2,1,PRESENT,0
STU1860,Computer Science,4,GATE_NORTH,08:44:00,1,CL_ME102_2,RM404,1,Computer Laboratory Corridor,09:37:00,53,2,1,PRESENT,0
STU1861,Data Science,4,GATE_NORTH,08:13:00,1,CL_BA101_2,RM505,1,Academic Block Corridor,09:33:00,80,3,1,PRESENT,0
STU1862,Computer Science,3,GATE_SOUTH,08:57:00,1,CL_CS101_1,RM101,1,Computer Laboratory Corridor,10:03:00,66,1,1,PRESENT,0
STU1863,Electrical Eng,1,NONE,00:00:00,0,CL_EE301_1,RM303,0,UNKNOWN,00:00:00,0,0,0,ABSENCE_REQUIRES_REVIEW,0
STU1864,Business Admin,3,GATE_SOUTH,09:26:00,1,CL_CS101_2,RM101,1,Academic Block Corridor,10:05:00,39,1,1,PRESENT,0
STU1865,Electrical Eng,2,GATE_SOUTH,08:34:00,1,CL_BA101_1,RM505,1,Computer Laboratory Corridor,09:11:00,37,1,1,PRESENT,0
STU1866,Data Science,3,GATE_NORTH,09:18:00,1,CL_ME102_1,RM404,1,Main Building Entrance,12:30:00,192,4,1,PRESENT,0
STU1867,Business Admin,2,NONE,00:00:00,0,CL_DS201_2,RM202,0,UNKNOWN,00:00:00,0,0,0,EXCUSED,0
STU1868,Computer Science,2,GATE_NORTH,09:17:00,1,CL_CS101_1,RM101,1,Library Entrance,09:58:00,41,2,1,PRESENT,0
STU1869,Data Science,2,GATE_NORTH,08:07:00,1,CL_DS201_2,RM202,1,Canteen Entrance,09:38:00,91,2,1,PRESENT,0
STU1870,Mechanical Eng,1,GATE_NORTH,08:30:00,1,CL_EE301_2,RM303,1,Academic Block Corridor,11:37:00,187,4,0,PRESENT,0
STU1871,Electrical Eng,3,GATE_SOUTH,09:04:00,1,CL_EE301_1,RM303,1,Computer Laboratory Corridor,10:33:00,89,1,1,PRESENT,0
STU1872,Mechanical Eng,2,GATE_NORTH,09:02:00,1,CL_EE301_2,RM303,1,Academic Block Corridor,12:43:00,221,4,1,PRESENT,0
STU1873,Business Admin,1,GATE_SOUTH,08:57:00,1,CL_ME102_2,RM404,1,Computer Laboratory Corridor,12:27:00,210,4,1,PRESENT,0
STU1874,Computer Science,3,GATE_NORTH,08:53:00,1,CL_CS101_2,RM101,1,Canteen Entrance,09:31:00,38,1,1,PRESENT,0
STU1875,Mechanical Eng,4,GATE_SOUTH,07:58:00,1,CL_EE301_1,RM303,1,Academic Block Corridor,09:45:00,107,2,1,PRESENT,0
STU1876,Business Admin,4,GATE_SOUTH,07:58:00,1,CL_EE301_1,RM303,1,Computer Laboratory Corridor,12:47:00,289,4,1,PRESENT,0
STU1877,Mechanical Eng,1,NONE,00:00:00,0,CL_BA101_2,RM505,0,UNKNOWN,00:00:00,0,0,0,ABSENCE_REQUIRES_REVIEW,0
STU1878,Data Science,3,GATE_SOUTH,08:23:00,1,CL_CS101_2,RM101,1,Academic Block Corridor,09:56:00,93,2,1,PRESENT,0
STU1879,Computer Science,4,GATE_SOUTH,08:17:00,1,CL_CS101_2,RM101,1,Library Entrance,09:52:00,95,3,1,PRESENT,0
STU1880,Mechanical Eng,3,GATE_SOUTH,08:44:00,0,CL_BA101_1,RM505,0,UNKNOWN,00:00:00,0,0,0,ABSENCE_REQUIRES_REVIEW,0
STU1881,Data Science,2,GATE_NORTH,08:29:00,1,CL_ME102_1,RM404,1,Canteen Entrance,11:59:00,210,3,1,PRESENT,0
STU1882,Data Science,4,GATE_NORTH,08:30:00,1,CL_CS101_1,RM101,1,Main Building Entrance,10:25:00,115,3,1,PRESENT,0
STU1883,Business Admin,1,GATE_NORTH,09:20:00,1,CL_ME102_2,RM404,1,Academic Block Corridor,11:31:00,131,2,1,PRESENT,0
STU1884,Computer Science,2,NONE,00:00:00,0,CL_BA101_1,RM505,0,UNKNOWN,00:00:00,0,0,0,ABSENCE_REQUIRES_REVIEW,0
STU1885,Electrical Eng,2,GATE_NORTH,08:30:00,1,CL_EE301_2,RM303,1,Academic Block Corridor,09:13:00,43,1,1,PRESENT,0
STU1886,Data Science,3,GATE_NORTH,08:34:00,1,CL_ME102_2,RM404,1,Library Entrance,11:58:00,204,3,1,PRESENT,0
STU1887,Data Science,3,GATE_SOUTH,09:21:00,1,CL_BA101_2,RM505,1,Library Entrance,12:49:00,208,4,1,PRESENT,0
STU1888,Business Admin,3,GATE_SOUTH,08:37:00,1,CL_BA101_2,RM505,1,Main Building Entrance,09:51:00,74,1,1,PRESENT,0
STU1889,Computer Science,3,GATE_NORTH,08:22:00,1,CL_BA101_2,RM505,1,Academic Block Corridor,11:20:00,178,4,1,PRESENT,0
STU1890,Data Science,3,NONE,00:00:00,0,CL_CS101_2,RM101,0,UNKNOWN,00:00:00,0,0,0,ABSENCE_REQUIRES_REVIEW,0
STU1891,Data Science,3,GATE_NORTH,09:21:00,1,CL_BA101_2,RM505,0,Main Building Entrance,12:09:00,168,3,1,NOT_YET_VERIFIED,1
STU1892,Business Admin,1,GATE_NORTH,07:47:00,0,CL_CS101_1,RM101,0,UNKNOWN,00:00:00,0,0,0,ABSENCE_REQUIRES_REVIEW,0
STU1893,Business Admin,2,NONE,00:00:00,0,CL_BA101_1,RM505,0,UNKNOWN,00:00:00,0,0,0,EXCUSED,0
STU1894,Business Admin,2,GATE_SOUTH,08:13:00,1,CL_CS101_2,RM101,1,Computer Laboratory Corridor,10:33:00,140,3,1,PRESENT,0
STU1895,Data Science,3,GATE_SOUTH,08:42:00,1,CL_DS201_1,RM202,1,Computer Laboratory Corridor,10:47:00,125,3,1,PRESENT,0
STU1896,Business Admin,1,GATE_SOUTH,07:48:00,1,CL_EE301_1,RM303,1,Main Building Entrance,10:53:00,185,3,1,PRESENT,0
STU1897,Computer Science,1,GATE_NORTH,09:20:00,1,CL_ME102_2,RM404,1,Computer Laboratory Corridor,12:07:00,167,4,1,PRESENT,0
STU1898,Computer Science,3,GATE_NORTH,09:09:00,1,CL_CS101_2,RM101,1,Library Entrance,11:18:00,129,3,1,PRESENT,0
STU1899,Data Science,4,GATE_SOUTH,08:32:00,1,CL_DS201_2,RM202,1,Canteen Entrance,10:03:00,91,2,1,PRESENT,0
STU1900,Business Admin,1,GATE_NORTH,08:50:00,1,CL_DS201_1,RM202,1,Computer Laboratory Corridor,11:17:00,147,3,1,PRESENT,0
STU1901,Mechanical Eng,3,GATE_NORTH,08:10:00,1,CL_CS101_2,RM101,1,Main Building Entrance,10:34:00,144,3,1,PRESENT,0
STU1902,Electrical Eng,4,GATE_SOUTH,07:30:00,1,CL_EE301_2,RM303,1,Academic Block Corridor,10:40:00,190,4,1,PRESENT,0
STU1903,Data Science,4,GATE_NORTH,08:05:00,1,CL_ME102_1,RM404,1,Academic Block Corridor,11:09:00,184,3,1,PRESENT,0
STU1904,Electrical Eng,4,GATE_NORTH,09:07:00,1,CL_CS101_1,RM101,1,Academic Block Corridor,12:10:00,183,3,1,PRESENT,0
STU1905,Computer Science,1,NONE,00:00:00,0,CL_EE301_1,RM303,0,UNKNOWN,00:00:00,0,0,0,ABSENCE_REQUIRES_REVIEW,0
STU1906,Data Science,4,GATE_NORTH,08:43:00,0,CL_CS101_2,RM101,0,UNKNOWN,00:00:00,0,0,0,ABSENCE_REQUIRES_REVIEW,0
STU1907,Mechanical Eng,4,NONE,00:00:00,0,CL_ME102_2,RM404,0,UNKNOWN,00:00:00,0,0,0,ABSENCE_REQUIRES_REVIEW,0
STU1908,Mechanical Eng,2,GATE_NORTH,08:32:00,1,CL_ME102_2,RM404,1,Academic Block Corridor,12:56:00,264,4,1,PRESENT,0
STU1909,Electrical Eng,2,GATE_SOUTH,07:46:00,1,CL_CS101_2,RM101,1,Computer Laboratory Corridor,11:05:00,199,4,1,PRESENT,0
STU1910,Electrical Eng,3,GATE_SOUTH,08:51:00,1,CL_EE301_1,RM303,1,Library Entrance,13:07:00,256,4,1,PRESENT,0
STU1911,Electrical Eng,4,NONE,00:00:00,0,CL_EE301_2,RM303,0,UNKNOWN,00:00:00,0,0,0,ABSENCE_REQUIRES_REVIEW,0
STU1912,Data Science,3,GATE_SOUTH,08:21:00,1,CL_EE301_2,RM303,1,Canteen Entrance,09:57:00,96,2,1,PRESENT,0
STU1913,Business Admin,1,GATE_SOUTH,08:31:00,1,CL_EE301_2,RM303,1,Computer Laboratory Corridor,12:12:00,221,4,1,PRESENT,0
STU1914,Electrical Eng,2,GATE_NORTH,07:30:00,1,CL_EE301_1,RM303,1,Library Entrance,09:53:00,143,3,1,PRESENT,0
STU1915,Mechanical Eng,1,GATE_NORTH,08:38:00,1,CL_DS201_2,RM202,0,Library Entrance,09:35:00,57,1,1,NOT_YET_VERIFIED,1
STU1916,Electrical Eng,4,NONE,00:00:00,0,CL_DS201_2,RM202,0,UNKNOWN,00:00:00,0,0,0,EXCUSED,0
STU1917,Data Science,2,GATE_SOUTH,09:03:00,1,CL_EE301_2,RM303,1,Computer Laboratory Corridor,09:22:00,19,1,1,PRESENT,0
STU1918,Computer Science,1,GATE_SOUTH,07:31:00,1,CL_DS201_2,RM202,1,Computer Laboratory Corridor,09:35:00,124,4,1,PRESENT,0
STU1919,Electrical Eng,4,NONE,00:00:00,0,CL_EE301_1,RM303,0,UNKNOWN,00:00:00,0,0,0,ABSENCE_REQUIRES_REVIEW,0
STU1920,Business Admin,4,GATE_NORTH,09:06:00,1,CL_CS101_2,RM101,0,Main Building Entrance,12:50:00,224,3,1,NOT_YET_VERIFIED,1
STU1921,Data Science,2,GATE_NORTH,07:32:00,1,CL_BA101_1,RM505,1,Canteen Entrance,11:22:00,230,4,1,PRESENT,0
STU1922,Electrical Eng,3,GATE_NORTH,08:50:00,1,CL_CS101_2,RM101,1,Library Entrance,11:47:00,177,4,1,PRESENT,0
STU1923,Data Science,2,GATE_SOUTH,07:58:00,1,CL_DS201_1,RM202,1,Canteen Entrance,11:58:00,240,4,1,PRESENT,0
STU1924,Mechanical Eng,4,GATE_NORTH,08:09:00,1,CL_DS201_2,RM202,1,Library Entrance,11:15:00,186,3,1,PRESENT,0
STU1925,Mechanical Eng,3,GATE_SOUTH,07:43:00,1,CL_DS201_2,RM202,1,Main Building Entrance,10:43:00,180,3,1,PRESENT,0
STU1926,Mechanical Eng,1,GATE_SOUTH,08:34:00,1,CL_ME102_2,RM404,1,Canteen Entrance,10:47:00,133,3,1,PRESENT,0
STU1927,Computer Science,4,GATE_NORTH,07:51:00,1,CL_ME102_2,RM404,1,Canteen Entrance,08:58:00,67,2,1,PRESENT,0
STU1928,Business Admin,4,GATE_NORTH,09:15:00,1,CL_BA101_2,RM505,1,Computer Laboratory Corridor,09:37:00,22,1,1,PRESENT,0
STU1929,Data Science,2,GATE_SOUTH,08:08:00,1,CL_CS101_1,RM101,1,Computer Laboratory Corridor,09:39:00,91,2,0,PRESENT,0
STU1930,Business Admin,3,GATE_SOUTH,08:28:00,1,CL_DS201_1,RM202,1,Library Entrance,10:09:00,101,3,1,PRESENT,0
STU1931,Computer Science,1,GATE_NORTH,08:25:00,1,CL_CS101_2,RM101,0,Academic Block Corridor,12:22:00,237,4,1,NOT_YET_VERIFIED,1
STU1932,Electrical Eng,4,GATE_SOUTH,08:13:00,1,CL_BA101_1,RM505,1,Canteen Entrance,11:06:00,173,3,1,PRESENT,0
STU1933,Business Admin,4,GATE_NORTH,08:15:00,1,CL_CS101_1,RM101,1,Computer Laboratory Corridor,11:23:00,188,4,1,PRESENT,0
STU1934,Electrical Eng,1,NONE,00:00:00,0,CL_ME102_2,RM404,0,UNKNOWN,00:00:00,0,0,0,ABSENCE_REQUIRES_REVIEW,0
STU1935,Computer Science,4,GATE_SOUTH,07:51:00,1,CL_ME102_1,RM404,1,Academic Block Corridor,11:29:00,218,4,1,PRESENT,0
STU1936,Data Science,3,NONE,00:00:00,0,CL_CS101_2,RM101,0,UNKNOWN,00:00:00,0,0,0,EXCUSED,0
STU1937,Electrical Eng,4,GATE_NORTH,07:32:00,1,CL_ME102_2,RM404,0,Library Entrance,08:16:00,44,1,1,NOT_YET_VERIFIED,1
STU1938,Electrical Eng,1,GATE_NORTH,07:58:00,1,CL_ME102_2,RM404,1,Library Entrance,10:36:00,158,3,1,PRESENT,0
STU1939,Mechanical Eng,1,GATE_NORTH,07:57:00,1,CL_EE301_2,RM303,0,Canteen Entrance,09:40:00,103,2,1,NOT_YET_VERIFIED,1
STU1940,Business Admin,2,GATE_NORTH,08:45:00,1,CL_CS101_1,RM101,1,Main Building Entrance,13:11:00,266,4,1,PRESENT,0
STU1941,Electrical Eng,3,NONE,00:00:00,0,CL_DS201_1,RM202,0,UNKNOWN,00:00:00,0,0,0,ABSENCE_REQUIRES_REVIEW,0
STU1942,Computer Science,4,GATE_SOUTH,07:45:00,1,CL_BA101_1,RM505,0,Canteen Entrance,09:39:00,114,2,1,NOT_YET_VERIFIED,1
STU1943,Business Admin,4,GATE_NORTH,09:01:00,1,CL_ME102_1,RM404,1,Computer Laboratory Corridor,09:57:00,56,1,1,PRESENT,0
STU1944,Business Admin,3,GATE_SOUTH,08:18:00,1,CL_ME102_2,RM404,0,Main Building Entrance,09:28:00,70,2,1,NOT_YET_VERIFIED,1
STU1945,Business Admin,1,GATE_NORTH,09:08:00,1,CL_BA101_2,RM505,1,Academic Block Corridor,12:54:00,226,4,1,PRESENT,0
STU1946,Data Science,1,GATE_NORTH,08:46:00,1,CL_BA101_1,RM505,0,Library Entrance,10:01:00,75,1,1,NOT_YET_VERIFIED,1
STU1947,Mechanical Eng,3,GATE_NORTH,08:54:00,1,CL_EE301_1,RM303,1,Canteen Entrance,12:15:00,201,3,1,PRESENT,0
STU1948,Electrical Eng,3,GATE_NORTH,08:53:00,1,CL_EE301_1,RM303,1,Library Entrance,10:47:00,114,3,1,PRESENT,0
STU1949,Data Science,2,GATE_NORTH,07:36:00,1,CL_BA101_2,RM505,1,Computer Laboratory Corridor,11:01:00,205,4,1,PRESENT,0
STU1950,Business Admin,4,GATE_SOUTH,08:23:00,1,CL_EE301_2,RM303,1,Canteen Entrance,09:43:00,80,1,1,PRESENT,0
STU1951,Business Admin,1,GATE_NORTH,08:18:00,1,CL_CS101_2,RM101,1,Canteen Entrance,09:37:00,79,1,1,PRESENT,0
STU1952,Computer Science,1,GATE_SOUTH,08:40:00,1,CL_EE301_2,RM303,1,Library Entrance,12:58:00,258,3,1,PRESENT,0
STU1953,Data Science,3,GATE_NORTH,08:30:00,1,CL_EE301_2,RM303,1,Academic Block Corridor,12:09:00,219,4,1,PRESENT,0
STU1954,Mechanical Eng,4,GATE_NORTH,07:56:00,1,CL_DS201_1,RM202,1,Academic Block Corridor,09:02:00,66,1,1,PRESENT,0
STU1955,Data Science,2,NONE,00:00:00,0,CL_CS101_1,RM101,0,UNKNOWN,00:00:00,0,0,0,ABSENCE_REQUIRES_REVIEW,0
STU1956,Electrical Eng,3,GATE_SOUTH,08:08:00,1,CL_DS201_2,RM202,1,Library Entrance,08:24:00,16,1,1,PRESENT,0
STU1957,Data Science,4,GATE_NORTH,08:54:00,1,CL_BA101_1,RM505,1,Canteen Entrance,12:28:00,214,3,1,PRESENT,0
STU1958,Business Admin,3,GATE_SOUTH,08:54:00,1,CL_ME102_2,RM404,1,Academic Block Corridor,09:45:00,51,2,1,PRESENT,0
STU1959,Business Admin,3,GATE_NORTH,08:49:00,1,CL_DS201_2,RM202,1,Library Entrance,11:08:00,139,2,1,PRESENT,0
STU1960,Business Admin,4,GATE_NORTH,08:23:00,1,CL_DS201_1,RM202,1,Computer Laboratory Corridor,10:10:00,107,3,1,PRESENT,0
STU1961,Business Admin,3,GATE_NORTH,08:35:00,1,CL_CS101_2,RM101,1,Library Entrance,10:33:00,118,4,1,PRESENT,0
STU1962,Mechanical Eng,1,GATE_NORTH,08:06:00,1,CL_DS201_2,RM202,0,Computer Laboratory Corridor,11:07:00,181,4,1,NOT_YET_VERIFIED,1
STU1963,Electrical Eng,3,GATE_NORTH,09:10:00,1,CL_EE301_1,RM303,1,Canteen Entrance,10:10:00,60,1,0,PRESENT,0
STU1964,Computer Science,4,GATE_NORTH,08:33:00,1,CL_CS101_1,RM101,1,Academic Block Corridor,12:03:00,210,4,1,PRESENT,0
STU1965,Business Admin,3,NONE,00:00:00,0,CL_CS101_2,RM101,0,UNKNOWN,00:00:00,0,0,0,ABSENCE_REQUIRES_REVIEW,0
STU1966,Computer Science,4,GATE_NORTH,08:47:00,1,CL_DS201_2,RM202,1,Canteen Entrance,10:00:00,73,2,1,PRESENT,0
STU1967,Electrical Eng,2,GATE_SOUTH,09:09:00,1,CL_BA101_2,RM505,1,Library Entrance,10:51:00,102,2,1,PRESENT,0
STU1968,Computer Science,4,GATE_NORTH,09:16:00,1,CL_BA101_2,RM505,1,Canteen Entrance,10:36:00,80,2,1,PRESENT,0
STU1969,Data Science,4,GATE_SOUTH,08:15:00,1,CL_BA101_2,RM505,1,Main Building Entrance,09:12:00,57,1,1,PRESENT,0
STU1970,Data Science,2,GATE_NORTH,08:07:00,1,CL_DS201_1,RM202,1,Library Entrance,09:50:00,103,2,1,PRESENT,0
STU1971,Computer Science,1,GATE_SOUTH,07:35:00,1,CL_CS101_1,RM101,1,Computer Laboratory Corridor,09:16:00,101,2,1,PRESENT,0
STU1972,Data Science,1,GATE_NORTH,09:26:00,1,CL_ME102_2,RM404,1,Computer Laboratory Corridor,11:50:00,144,4,1,PRESENT,0
STU1973,Mechanical Eng,3,GATE_SOUTH,08:58:00,1,CL_BA101_1,RM505,0,Main Building Entrance,10:24:00,86,2,1,NOT_YET_VERIFIED,1
STU1974,Mechanical Eng,2,GATE_NORTH,08:12:00,1,CL_ME102_1,RM404,1,Academic Block Corridor,11:03:00,171,3,1,PRESENT,0
STU1975,Mechanical Eng,2,GATE_NORTH,07:30:00,1,CL_EE301_2,RM303,1,Main Building Entrance,09:55:00,145,2,1,PRESENT,0
STU1976,Mechanical Eng,4,GATE_NORTH,08:55:00,1,CL_EE301_2,RM303,0,Library Entrance,09:35:00,40,1,1,NOT_YET_VERIFIED,1
STU1977,Computer Science,2,GATE_NORTH,09:26:00,1,CL_ME102_1,RM404,1,Canteen Entrance,11:17:00,111,2,1,PRESENT,0
STU1978,Business Admin,2,GATE_SOUTH,09:16:00,1,CL_BA101_1,RM505,1,Canteen Entrance,12:54:00,218,4,1,PRESENT,0
STU1979,Business Admin,3,NONE,00:00:00,0,CL_ME102_2,RM404,0,UNKNOWN,00:00:00,0,0,0,ABSENCE_REQUIRES_REVIEW,0
STU1980,Mechanical Eng,4,GATE_NORTH,07:49:00,1,CL_BA101_1,RM505,0,Main Building Entrance,10:32:00,163,4,1,NOT_YET_VERIFIED,1
STU1981,Electrical Eng,2,GATE_NORTH,09:09:00,1,CL_EE301_1,RM303,0,Library Entrance,11:27:00,138,2,1,NOT_YET_VERIFIED,1
STU1982,Mechanical Eng,3,GATE_NORTH,09:02:00,1,CL_DS201_2,RM202,1,Academic Block Corridor,10:35:00,93,2,1,PRESENT,0
STU1983,Business Admin,3,GATE_SOUTH,09:25:00,1,CL_BA101_2,RM505,1,Canteen Entrance,10:48:00,83,1,1,PRESENT,0
STU1984,Electrical Eng,4,GATE_NORTH,08:52:00,1,CL_BA101_1,RM505,1,Library Entrance,10:37:00,105,2,1,PRESENT,0
STU1985,Data Science,2,GATE_SOUTH,08:28:00,1,CL_EE301_2,RM303,1,Computer Laboratory Corridor,10:10:00,102,2,1,PRESENT,0
STU1986,Electrical Eng,3,GATE_SOUTH,08:03:00,1,CL_BA101_2,RM505,1,Computer Laboratory Corridor,10:35:00,152,4,1,PRESENT,0
STU1987,Data Science,3,NONE,00:00:00,0,CL_CS101_2,RM101,0,UNKNOWN,00:00:00,0,0,0,ABSENCE_REQUIRES_REVIEW,0
STU1988,Electrical Eng,2,GATE_NORTH,07:36:00,1,CL_DS201_2,RM202,1,Academic Block Corridor,09:27:00,111,2,1,PRESENT,0
STU1989,Mechanical Eng,3,GATE_NORTH,09:14:00,1,CL_DS201_1,RM202,1,Canteen Entrance,09:57:00,43,1,1,PRESENT,0
STU1990,Mechanical Eng,3,GATE_NORTH,09:21:00,1,CL_BA101_2,RM505,1,Library Entrance,10:50:00,89,1,1,PRESENT,0
STU1991,Business Admin,3,GATE_SOUTH,09:19:00,1,CL_DS201_1,RM202,1,Computer Laboratory Corridor,11:53:00,154,3,1,PRESENT,0
STU1992,Electrical Eng,1,GATE_SOUTH,08:16:00,1,CL_DS201_2,RM202,1,Canteen Entrance,11:25:00,189,4,1,PRESENT,0
STU1993,Business Admin,4,GATE_NORTH,08:24:00,1,CL_DS201_1,RM202,1,Library Entrance,09:25:00,61,1,1,PRESENT,0
STU1994,Mechanical Eng,3,GATE_NORTH,07:42:00,1,CL_BA101_1,RM505,0,Main Building Entrance,11:04:00,202,4,1,NOT_YET_VERIFIED,1
STU1995,Data Science,3,NONE,00:00:00,0,CL_CS101_1,RM101,0,UNKNOWN,00:00:00,0,0,0,ABSENCE_REQUIRES_REVIEW,0
STU1996,Computer Science,3,GATE_NORTH,07:31:00,1,CL_ME102_1,RM404,1,Main Building Entrance,09:49:00,138,2,1,PRESENT,0
STU1997,Computer Science,3,GATE_NORTH,08:54:00,1,CL_DS201_1,RM202,1,Main Building Entrance,13:35:00,281,4,1,PRESENT,0
STU1998,Mechanical Eng,3,GATE_SOUTH,08:12:00,1,CL_DS201_1,RM202,1,Computer Laboratory Corridor,11:26:00,194,4,0,PRESENT,0
STU1999,Mechanical Eng,2,GATE_SOUTH,09:24:00,1,CL_CS101_1,RM101,1,Canteen Entrance,12:26:00,182,3,1,PRESENT,0
STU2000,Data Science,3,GATE_SOUTH,08:49:00,1,CL_DS201_1,RM202,1,Library Entrance,11:14:00,145,2,1,PRESENT,0
STU2001,Business Admin,3,GATE_NORTH,09:22:00,1,CL_CS101_1,RM101,1,Canteen Entrance,12:23:00,181,3,1,PRESENT,0
STU2002,Data Science,1,GATE_SOUTH,08:17:00,1,CL_BA101_2,RM505,0,Academic Block Corridor,11:10:00,173,4,1,NOT_YET_VERIFIED,1
STU2003,Business Admin,2,GATE_NORTH,07:53:00,1,CL_ME102_1,RM404,1,Library Entrance,10:47:00,174,3,1,PRESENT,0
STU2004,Data Science,1,GATE_SOUTH,08:21:00,1,CL_CS101_2,RM101,1,Library Entrance,11:14:00,173,3,1,PRESENT,0
STU2005,Business Admin,2,GATE_SOUTH,08:28:00,1,CL_ME102_1,RM404,1,Computer Laboratory Corridor,10:11:00,103,2,1,PRESENT,0
STU2006,Data Science,1,GATE_SOUTH,09:16:00,1,CL_BA101_2,RM505,1,Main Building Entrance,10:32:00,76,2,1,PRESENT,0
STU2007,Computer Science,4,GATE_SOUTH,08:58:00,1,CL_DS201_2,RM202,1,Computer Laboratory Corridor,13:32:00,274,4,1,PRESENT,0
STU2008,Electrical Eng,4,GATE_SOUTH,09:12:00,1,CL_CS101_1,RM101,1,Academic Block Corridor,11:59:00,167,3,1,PRESENT,0
STU2009,Computer Science,2,GATE_NORTH,08:53:00,1,CL_DS201_2,RM202,1,Academic Block Corridor,11:59:00,186,3,1,PRESENT,0
STU2010,Computer Science,2,GATE_NORTH,07:44:00,1,CL_DS201_1,RM202,1,Main Building Entrance,08:20:00,36,1,1,PRESENT,0
STU2011,Mechanical Eng,4,GATE_NORTH,08:59:00,1,CL_ME102_2,RM404,1,Computer Laboratory Corridor,11:55:00,176,3,1,PRESENT,0
STU2012,Mechanical Eng,2,GATE_NORTH,09:30:00,0,CL_BA101_1,RM505,0,UNKNOWN,00:00:00,0,0,0,EXCUSED,0
STU2013,Electrical Eng,3,NONE,00:00:00,0,CL_EE301_2,RM303,0,UNKNOWN,00:00:00,0,0,0,ABSENCE_REQUIRES_REVIEW,0
STU2014,Electrical Eng,1,GATE_SOUTH,07:43:00,1,CL_BA101_1,RM505,1,Academic Block Corridor,10:44:00,181,4,1,PRESENT,0
STU2015,Computer Science,2,GATE_SOUTH,09:26:00,1,CL_CS101_1,RM101,1,Academic Block Corridor,09:50:00,24,1,1,PRESENT,0
STU2016,Business Admin,1,GATE_SOUTH,09:12:00,1,CL_CS101_2,RM101,1,Main Building Entrance,10:29:00,77,2,1,PRESENT,0
STU2017,Data Science,4,GATE_SOUTH,07:53:00,1,CL_DS201_2,RM202,1,Main Building Entrance,08:50:00,57,1,1,PRESENT,0
STU2018,Data Science,1,GATE_SOUTH,09:09:00,1,CL_EE301_2,RM303,0,Library Entrance,12:17:00,188,4,1,NOT_YET_VERIFIED,1
STU2019,Mechanical Eng,4,GATE_NORTH,08:48:00,1,CL_ME102_2,RM404,1,Canteen Entrance,11:09:00,141,2,1,PRESENT,0
STU2020,Data Science,3,GATE_NORTH,09:20:00,1,CL_CS101_2,RM101,1,Main Building Entrance,10:22:00,62,1,1,PRESENT,0
STU2021,Computer Science,1,GATE_SOUTH,08:31:00,1,CL_ME102_2,RM404,0,Canteen Entrance,08:46:00,15,1,1,NOT_YET_VERIFIED,1
STU2022,Electrical Eng,1,GATE_SOUTH,07:44:00,1,CL_EE301_1,RM303,1,Library Entrance,09:12:00,88,3,1,PRESENT,0
STU2023,Electrical Eng,3,GATE_NORTH,08:26:00,1,CL_CS101_2,RM101,1,Library Entrance,10:50:00,144,4,1,PRESENT,0
STU2024,Mechanical Eng,4,GATE_SOUTH,07:38:00,1,CL_EE301_1,RM303,1,Library Entrance,08:56:00,78,1,1,PRESENT,0
STU2025,Data Science,4,GATE_SOUTH,08:53:00,0,CL_DS201_1,RM202,0,UNKNOWN,00:00:00,0,0,0,ABSENCE_REQUIRES_REVIEW,0
STU2026,Electrical Eng,2,GATE_NORTH,07:31:00,1,CL_ME102_1,RM404,0,Computer Laboratory Corridor,11:33:00,242,4,1,NOT_YET_VERIFIED,1
STU2027,Computer Science,3,GATE_SOUTH,08:55:00,1,CL_ME102_2,RM404,1,Canteen Entrance,13:33:00,278,4,1,PRESENT,0
STU2028,Data Science,4,GATE_NORTH,08:36:00,1,CL_CS101_2,RM101,1,Computer Laboratory Corridor,12:28:00,232,3,1,PRESENT,0
STU2029,Electrical Eng,2,GATE_NORTH,08:25:00,1,CL_BA101_2,RM505,1,Main Building Entrance,10:50:00,145,4,1,PRESENT,0
STU2030,Computer Science,3,GATE_SOUTH,08:31:00,1,CL_ME102_2,RM404,0,Academic Block Corridor,10:51:00,140,2,1,NOT_YET_VERIFIED,1
STU2031,Electrical Eng,2,GATE_SOUTH,08:54:00,1,CL_BA101_2,RM505,0,Library Entrance,11:15:00,141,3,1,NOT_YET_VERIFIED,1
STU2032,Data Science,4,GATE_NORTH,07:49:00,1,CL_BA101_1,RM505,1,Library Entrance,08:52:00,63,1,1,PRESENT,0
STU2033,Mechanical Eng,3,GATE_NORTH,07:31:00,1,CL_ME102_1,RM404,1,Main Building Entrance,09:29:00,118,3,1,PRESENT,0
STU2034,Computer Science,4,NONE,00:00:00,0,CL_BA101_2,RM505,0,UNKNOWN,00:00:00,0,0,0,EXCUSED,0
STU2035,Computer Science,2,GATE_SOUTH,08:34:00,1,CL_BA101_2,RM505,1,Computer Laboratory Corridor,11:32:00,178,3,1,PRESENT,0
STU2036,Data Science,4,GATE_SOUTH,09:19:00,1,CL_BA101_1,RM505,1,Library Entrance,11:13:00,114,4,1,PRESENT,0
STU2037,Electrical Eng,2,NONE,00:00:00,0,CL_EE301_2,RM303,0,UNKNOWN,00:00:00,0,0,0,ABSENCE_REQUIRES_REVIEW,0
STU2038,Computer Science,3,NONE,00:00:00,0,CL_BA101_1,RM505,0,UNKNOWN,00:00:00,0,0,0,EXCUSED,0
STU2039,Mechanical Eng,2,GATE_NORTH,09:21:00,1,CL_EE301_1,RM303,1,Library Entrance,12:58:00,217,3,1,PRESENT,0
STU2040,Mechanical Eng,3,GATE_SOUTH,07:39:00,1,CL_BA101_2,RM505,0,Main Building Entrance,09:26:00,107,2,0,NOT_YET_VERIFIED,1
STU2041,Electrical Eng,3,GATE_NORTH,08:11:00,1,CL_CS101_1,RM101,1,Library Entrance,11:26:00,195,4,1,PRESENT,0
STU2042,Business Admin,1,GATE_SOUTH,08:12:00,1,CL_CS101_1,RM101,1,Main Building Entrance,09:39:00,87,1,1,PRESENT,0
STU2043,Electrical Eng,3,GATE_NORTH,07:36:00,1,CL_ME102_2,RM404,1,Main Building Entrance,10:37:00,181,3,1,PRESENT,0
STU2044,Data Science,1,GATE_SOUTH,08:40:00,1,CL_BA101_2,RM505,0,Academic Block Corridor,11:10:00,150,3,1,NOT_YET_VERIFIED,1
STU2045,Computer Science,4,GATE_NORTH,08:21:00,1,CL_CS101_1,RM101,1,Computer Laboratory Corridor,08:44:00,23,1,1,PRESENT,0
STU2046,Electrical Eng,2,GATE_SOUTH,07:40:00,1,CL_BA101_2,RM505,1,Main Building Entrance,09:20:00,100,2,1,PRESENT,0
STU2047,Mechanical Eng,3,GATE_SOUTH,08:26:00,1,CL_DS201_2,RM202,1,Library Entrance,14:00:00,334,4,1,PRESENT,0
STU2048,Computer Science,3,GATE_SOUTH,07:41:00,1,CL_EE301_2,RM303,1,Canteen Entrance,10:40:00,179,3,1,PRESENT,0
STU2049,Electrical Eng,2,GATE_SOUTH,08:27:00,1,CL_CS101_2,RM101,1,Canteen Entrance,12:02:00,215,4,1,PRESENT,0
STU2050,Data Science,2,GATE_SOUTH,07:45:00,1,CL_ME102_1,RM404,1,Library Entrance,11:49:00,244,4,1,PRESENT,0
STU2051,Mechanical Eng,2,GATE_NORTH,09:05:00,1,CL_DS201_2,RM202,0,Main Building Entrance,12:36:00,211,3,1,NOT_YET_VERIFIED,1
STU2052,Mechanical Eng,3,GATE_SOUTH,07:43:00,1,CL_ME102_1,RM404,1,Library Entrance,11:25:00,222,3,1,PRESENT,0
STU2053,Mechanical Eng,4,GATE_NORTH,08:22:00,1,CL_CS101_2,RM101,1,Library Entrance,10:53:00,151,2,1,PRESENT,0
STU2054,Business Admin,2,GATE_NORTH,08:41:00,1,CL_CS101_1,RM101,1,Canteen Entrance,11:05:00,144,2,1,PRESENT,0
STU2055,Data Science,1,GATE_NORTH,09:15:00,1,CL_ME102_1,RM404,1,Main Building Entrance,09:42:00,27,1,1,PRESENT,0
STU2056,Business Admin,4,GATE_SOUTH,09:11:00,1,CL_DS201_2,RM202,1,Main Building Entrance,10:08:00,57,1,0,PRESENT,0
STU2057,Business Admin,3,GATE_NORTH,09:23:00,1,CL_EE301_2,RM303,1,Academic Block Corridor,10:58:00,95,2,1,PRESENT,0
STU2058,Computer Science,1,GATE_SOUTH,08:53:00,1,CL_CS101_2,RM101,1,Academic Block Corridor,12:27:00,214,4,1,PRESENT,0
STU2059,Computer Science,2,GATE_SOUTH,08:13:00,0,CL_EE301_1,RM303,0,UNKNOWN,00:00:00,0,0,0,ABSENCE_REQUIRES_REVIEW,0
STU2060,Business Admin,2,NONE,00:00:00,0,CL_BA101_2,RM505,0,UNKNOWN,00:00:00,0,0,0,EXCUSED,0
STU2061,Data Science,3,GATE_NORTH,09:15:00,1,CL_EE301_1,RM303,1,Computer Laboratory Corridor,12:15:00,180,3,0,PRESENT,0
STU2062,Business Admin,4,GATE_NORTH,09:14:00,1,CL_EE301_1,RM303,1,Canteen Entrance,10:44:00,90,1,1,PRESENT,0
STU2063,Computer Science,2,GATE_SOUTH,09:18:00,1,CL_CS101_1,RM101,0,Main Building Entrance,11:44:00,146,4,1,NOT_YET_VERIFIED,1
STU2064,Business Admin,4,GATE_SOUTH,08:12:00,1,CL_EE301_1,RM303,1,Canteen Entrance,09:57:00,105,3,1,PRESENT,0
STU2065,Computer Science,4,GATE_SOUTH,09:01:00,1,CL_BA101_1,RM505,1,Computer Laboratory Corridor,11:55:00,174,3,1,PRESENT,0
STU2066,Computer Science,4,GATE_SOUTH,09:01:00,1,CL_CS101_1,RM101,1,Computer Laboratory Corridor,11:11:00,130,4,1,PRESENT,0
STU2067,Data Science,4,GATE_NORTH,07:44:00,1,CL_EE301_2,RM303,1,Academic Block Corridor,11:23:00,219,4,1,PRESENT,0
STU2068,Mechanical Eng,1,GATE_NORTH,09:07:00,1,CL_CS101_1,RM101,1,Library Entrance,09:58:00,51,2,1,PRESENT,0
STU2069,Business Admin,4,GATE_SOUTH,07:30:00,1,CL_DS201_2,RM202,0,Main Building Entrance,07:54:00,24,1,1,NOT_YET_VERIFIED,1
STU2070,Electrical Eng,1,GATE_SOUTH,08:15:00,1,CL_ME102_1,RM404,1,Academic Block Corridor,08:49:00,34,1,1,PRESENT,0
STU2071,Mechanical Eng,3,GATE_SOUTH,08:40:00,1,CL_BA101_2,RM505,1,Computer Laboratory Corridor,10:03:00,83,3,1,PRESENT,0
STU2072,Computer Science,2,NONE,00:00:00,0,CL_CS101_1,RM101,0,UNKNOWN,00:00:00,0,0,0,ABSENCE_REQUIRES_REVIEW,0
STU2073,Business Admin,1,GATE_NORTH,08:59:00,1,CL_ME102_1,RM404,1,Computer Laboratory Corridor,09:59:00,60,2,1,PRESENT,0
STU2074,Computer Science,4,GATE_NORTH,07:35:00,1,CL_EE301_1,RM303,1,Library Entrance,10:01:00,146,2,1,PRESENT,0
STU2075,Electrical Eng,1,GATE_NORTH,08:33:00,1,CL_CS101_2,RM101,1,Library Entrance,10:41:00,128,2,1,PRESENT,0
STU2076,Business Admin,1,GATE_SOUTH,09:15:00,1,CL_CS101_2,RM101,1,Computer Laboratory Corridor,10:28:00,73,2,1,PRESENT,0
STU2077,Computer Science,4,GATE_SOUTH,07:43:00,1,CL_CS101_1,RM101,1,Canteen Entrance,12:10:00,267,4,1,PRESENT,0
STU2078,Computer Science,3,GATE_NORTH,08:48:00,1,CL_CS101_1,RM101,1,Canteen Entrance,11:43:00,175,4,1,PRESENT,0
STU2079,Mechanical Eng,2,GATE_NORTH,07:54:00,1,CL_CS101_2,RM101,1,Canteen Entrance,10:56:00,182,3,1,PRESENT,0
STU2080,Data Science,4,GATE_SOUTH,09:29:00,1,CL_CS101_2,RM101,1,Main Building Entrance,12:55:00,206,3,1,PRESENT,0
STU2081,Electrical Eng,4,GATE_SOUTH,07:57:00,1,CL_CS101_2,RM101,1,Canteen Entrance,10:24:00,147,4,1,PRESENT,0
STU2082,Mechanical Eng,4,GATE_NORTH,09:15:00,1,CL_DS201_1,RM202,1,Main Building Entrance,13:31:00,256,4,1,PRESENT,0
STU2083,Mechanical Eng,1,GATE_SOUTH,09:01:00,1,CL_CS101_1,RM101,1,Computer Laboratory Corridor,09:57:00,56,1,1,PRESENT,0
STU2084,Business Admin,2,GATE_SOUTH,07:43:00,1,CL_ME102_1,RM404,0,Main Building Entrance,10:21:00,158,2,1,NOT_YET_VERIFIED,1
STU2085,Electrical Eng,1,GATE_NORTH,07:35:00,1,CL_DS201_1,RM202,1,Canteen Entrance,09:31:00,116,3,1,PRESENT,0
STU2086,Data Science,4,GATE_SOUTH,09:08:00,1,CL_ME102_2,RM404,1,Computer Laboratory Corridor,09:25:00,17,1,1,PRESENT,0
STU2087,Business Admin,2,GATE_NORTH,08:28:00,1,CL_BA101_1,RM505,1,Canteen Entrance,10:39:00,131,2,1,PRESENT,0
STU2088,Data Science,1,GATE_NORTH,08:33:00,1,CL_CS101_2,RM101,1,Academic Block Corridor,10:34:00,121,2,1,PRESENT,0
STU2089,Computer Science,3,GATE_NORTH,08:37:00,1,CL_CS101_2,RM101,1,Main Building Entrance,13:09:00,272,4,1,PRESENT,0
STU2090,Mechanical Eng,4,GATE_SOUTH,08:40:00,1,CL_EE301_1,RM303,1,Canteen Entrance,11:24:00,164,3,1,PRESENT,0
STU2091,Business Admin,4,GATE_SOUTH,09:17:00,1,CL_BA101_2,RM505,1,Library Entrance,11:29:00,132,2,1,PRESENT,0
STU2092,Data Science,2,NONE,00:00:00,0,CL_BA101_2,RM505,0,UNKNOWN,00:00:00,0,0,0,ABSENCE_REQUIRES_REVIEW,0
STU2093,Mechanical Eng,3,GATE_NORTH,09:28:00,1,CL_EE301_2,RM303,1,Main Building Entrance,10:20:00,52,1,1,PRESENT,0
STU2094,Data Science,3,NONE,00:00:00,0,CL_EE301_1,RM303,0,UNKNOWN,00:00:00,0,0,0,ABSENCE_REQUIRES_REVIEW,0
STU2095,Data Science,1,GATE_NORTH,08:58:00,1,CL_ME102_1,RM404,1,Main Building Entrance,10:55:00,117,3,1,PRESENT,0
STU2096,Computer Science,4,GATE_NORTH,09:03:00,1,CL_ME102_2,RM404,1,Computer Laboratory Corridor,10:05:00,62,1,1,PRESENT,0
STU2097,Business Admin,1,GATE_SOUTH,07:43:00,1,CL_BA101_1,RM505,1,Library Entrance,11:22:00,219,4,1,PRESENT,0
STU2098,Data Science,2,NONE,00:00:00,0,CL_CS101_2,RM101,0,UNKNOWN,00:00:00,0,0,0,ABSENCE_REQUIRES_REVIEW,0
STU2099,Computer Science,1,GATE_SOUTH,08:54:00,1,CL_EE301_1,RM303,1,Main Building Entrance,09:24:00,30,1,1,PRESENT,0
STU2100,Business Admin,1,GATE_SOUTH,08:34:00,1,CL_EE301_1,RM303,1,Library Entrance,11:37:00,183,3,1,PRESENT,0
STU2101,Mechanical Eng,1,GATE_NORTH,08:23:00,0,CL_DS201_2,RM202,0,UNKNOWN,00:00:00,0,0,0,ABSENCE_REQUIRES_REVIEW,0
STU2102,Data Science,1,GATE_SOUTH,08:05:00,1,CL_EE301_2,RM303,1,Main Building Entrance,11:39:00,214,3,1,PRESENT,0
STU2103,Mechanical Eng,4,GATE_SOUTH,08:13:00,1,CL_ME102_1,RM404,1,Canteen Entrance,09:07:00,54,2,1,PRESENT,0
STU2104,Data Science,2,GATE_NORTH,08:27:00,1,CL_EE301_2,RM303,1,Canteen Entrance,09:34:00,67,1,1,PRESENT,0
STU2105,Computer Science,2,NONE,00:00:00,0,CL_BA101_2,RM505,0,UNKNOWN,00:00:00,0,0,0,ABSENCE_REQUIRES_REVIEW,0
STU2106,Business Admin,3,GATE_SOUTH,07:47:00,1,CL_EE301_1,RM303,1,Library Entrance,11:41:00,234,4,1,PRESENT,0
STU2107,Data Science,3,GATE_SOUTH,08:47:00,1,CL_ME102_1,RM404,1,Computer Laboratory Corridor,09:30:00,43,1,1,PRESENT,0
STU2108,Business Admin,3,GATE_SOUTH,09:17:00,1,CL_BA101_2,RM505,1,Computer Laboratory Corridor,10:55:00,98,2,1,PRESENT,0
STU2109,Data Science,3,GATE_NORTH,09:01:00,1,CL_EE301_2,RM303,1,Canteen Entrance,12:57:00,236,4,1,PRESENT,0
STU2110,Data Science,2,GATE_NORTH,07:55:00,1,CL_DS201_1,RM202,1,Library Entrance,10:58:00,183,4,1,PRESENT,0
STU2111,Mechanical Eng,3,GATE_SOUTH,08:49:00,1,CL_ME102_2,RM404,1,Academic Block Corridor,11:39:00,170,4,0,PRESENT,0
STU2112,Electrical Eng,1,NONE,00:00:00,0,CL_DS201_2,RM202,0,UNKNOWN,00:00:00,0,0,0,ABSENCE_REQUIRES_REVIEW,0
STU2113,Business Admin,2,GATE_SOUTH,08:57:00,1,CL_EE301_2,RM303,1,Academic Block Corridor,11:11:00,134,2,1,PRESENT,0
STU2114,Mechanical Eng,4,GATE_NORTH,09:27:00,1,CL_ME102_1,RM404,1,Canteen Entrance,11:25:00,118,2,1,PRESENT,0
STU2115,Computer Science,3,GATE_NORTH,09:00:00,1,CL_ME102_2,RM404,1,Main Building Entrance,12:16:00,196,3,1,PRESENT,0
STU2116,Mechanical Eng,3,GATE_SOUTH,08:34:00,1,CL_BA101_2,RM505,0,Main Building Entrance,08:55:00,21,1,1,NOT_YET_VERIFIED,1
STU2117,Mechanical Eng,4,GATE_NORTH,09:00:00,1,CL_CS101_2,RM101,1,Canteen Entrance,11:47:00,167,3,1,PRESENT,0
STU2118,Data Science,3,GATE_SOUTH,09:07:00,1,CL_DS201_1,RM202,1,Main Building Entrance,10:00:00,53,1,1,PRESENT,0
STU2119,Mechanical Eng,2,GATE_SOUTH,08:41:00,1,CL_CS101_2,RM101,1,Main Building Entrance,09:59:00,78,2,1,PRESENT,0
STU2120,Business Admin,4,GATE_SOUTH,08:44:00,1,CL_EE301_1,RM303,0,Academic Block Corridor,10:13:00,89,2,1,NOT_YET_VERIFIED,1
STU2121,Data Science,2,GATE_SOUTH,08:56:00,1,CL_ME102_1,RM404,1,Main Building Entrance,10:13:00,77,3,1,PRESENT,0
STU2122,Electrical Eng,2,GATE_SOUTH,09:22:00,1,CL_BA101_1,RM505,1,Library Entrance,11:41:00,139,4,0,PRESENT,0
STU2123,Mechanical Eng,1,NONE,00:00:00,0,CL_CS101_1,RM101,0,UNKNOWN,00:00:00,0,0,0,ABSENCE_REQUIRES_REVIEW,0
STU2124,Business Admin,4,NONE,00:00:00,0,CL_ME102_1,RM404,0,UNKNOWN,00:00:00,0,0,0,ABSENCE_REQUIRES_REVIEW,0
STU2125,Mechanical Eng,2,GATE_NORTH,09:13:00,1,CL_BA101_1,RM505,1,Computer Laboratory Corridor,10:40:00,87,1,1,PRESENT,0
STU2126,Mechanical Eng,2,NONE,00:00:00,0,CL_EE301_2,RM303,0,UNKNOWN,00:00:00,0,0,0,EXCUSED,0
STU2127,Electrical Eng,2,GATE_NORTH,08:36:00,1,CL_ME102_1,RM404,1,Computer Laboratory Corridor,10:10:00,94,2,1,PRESENT,0
STU2128,Electrical Eng,1,GATE_SOUTH,07:33:00,1,CL_DS201_2,RM202,1,Canteen Entrance,11:19:00,226,3,1,PRESENT,0
STU2129,Mechanical Eng,3,NONE,00:00:00,0,CL_BA101_1,RM505,0,UNKNOWN,00:00:00,0,0,0,ABSENCE_REQUIRES_REVIEW,0
STU2130,Computer Science,2,GATE_NORTH,07:48:00,1,CL_EE301_1,RM303,1,Library Entrance,11:59:00,251,4,1,PRESENT,0
STU2131,Computer Science,3,GATE_NORTH,08:55:00,1,CL_DS201_1,RM202,0,Library Entrance,11:21:00,146,2,1,NOT_YET_VERIFIED,1
STU2132,Mechanical Eng,1,GATE_SOUTH,07:55:00,1,CL_DS201_2,RM202,1,Canteen Entrance,11:15:00,200,4,1,PRESENT,0
STU2133,Computer Science,2,GATE_NORTH,09:06:00,1,CL_EE301_1,RM303,1,Library Entrance,11:42:00,156,3,1,PRESENT,0
STU2134,Business Admin,2,GATE_SOUTH,08:06:00,1,CL_CS101_2,RM101,1,Computer Laboratory Corridor,09:13:00,67,2,1,PRESENT,0
STU2135,Mechanical Eng,2,GATE_NORTH,07:48:00,1,CL_CS101_2,RM101,1,Main Building Entrance,10:15:00,147,3,1,PRESENT,0
STU2136,Electrical Eng,3,GATE_SOUTH,08:58:00,1,CL_CS101_1,RM101,1,Computer Laboratory Corridor,10:06:00,68,2,1,PRESENT,0
STU2137,Computer Science,2,GATE_NORTH,07:56:00,1,CL_DS201_2,RM202,1,Canteen Entrance,08:49:00,53,1,0,PRESENT,0
STU2138,Data Science,1,NONE,00:00:00,0,CL_ME102_1,RM404,0,UNKNOWN,00:00:00,0,0,0,ABSENCE_REQUIRES_REVIEW,0
STU2139,Mechanical Eng,2,GATE_SOUTH,08:15:00,1,CL_ME102_1,RM404,1,Canteen Entrance,12:12:00,237,3,1,PRESENT,0
STU2140,Business Admin,2,GATE_NORTH,07:43:00,1,CL_ME102_2,RM404,1,Computer Laboratory Corridor,11:01:00,198,4,1,PRESENT,0
STU2141,Mechanical Eng,2,GATE_SOUTH,09:05:00,1,CL_DS201_2,RM202,1,Main Building Entrance,09:51:00,46,1,1,PRESENT,0
STU2142,Business Admin,3,NONE,00:00:00,0,CL_BA101_2,RM505,0,UNKNOWN,00:00:00,0,0,0,EXCUSED,0
STU2143,Electrical Eng,4,GATE_SOUTH,08:00:00,0,CL_BA101_1,RM505,0,UNKNOWN,00:00:00,0,0,0,ABSENCE_REQUIRES_REVIEW,0
STU2144,Mechanical Eng,3,GATE_NORTH,08:58:00,1,CL_DS201_1,RM202,0,Academic Block Corridor,10:55:00,117,2,1,NOT_YET_VERIFIED,1
STU2145,Electrical Eng,3,GATE_SOUTH,09:28:00,1,CL_CS101_2,RM101,1,Academic Block Corridor,11:21:00,113,2,1,PRESENT,0
STU2146,Electrical Eng,4,GATE_SOUTH,08:19:00,1,CL_BA101_2,RM505,1,Main Building Entrance,13:04:00,285,4,1,PRESENT,0
STU2147,Mechanical Eng,1,GATE_SOUTH,09:10:00,1,CL_CS101_1,RM101,1,Computer Laboratory Corridor,11:03:00,113,2,1,PRESENT,0
STU2148,Mechanical Eng,3,GATE_NORTH,08:40:00,1,CL_CS101_2,RM101,1,Main Building Entrance,10:49:00,129,2,1,PRESENT,0
STU2149,Data Science,3,GATE_SOUTH,07:31:00,1,CL_DS201_1,RM202,0,Main Building Entrance,10:08:00,157,2,1,NOT_YET_VERIFIED,1
STU2150,Electrical Eng,4,NONE,00:00:00,0,CL_ME102_2,RM404,0,UNKNOWN,00:00:00,0,0,0,ABSENCE_REQUIRES_REVIEW,0
STU2151,Computer Science,2,GATE_SOUTH,07:55:00,0,CL_CS101_2,RM101,0,UNKNOWN,00:00:00,0,0,0,EXCUSED,0
STU2152,Data Science,1,GATE_NORTH,09:16:00,1,CL_BA101_1,RM505,1,Computer Laboratory Corridor,10:24:00,68,1,1,PRESENT,0
STU2153,Electrical Eng,4,GATE_SOUTH,09:26:00,1,CL_EE301_2,RM303,1,Library Entrance,13:04:00,218,4,1,PRESENT,0
STU2154,Electrical Eng,2,GATE_NORTH,09:06:00,1,CL_EE301_2,RM303,0,Library Entrance,12:45:00,219,3,1,NOT_YET_VERIFIED,1
STU2155,Data Science,3,GATE_NORTH,09:09:00,1,CL_BA101_1,RM505,1,Library Entrance,11:05:00,116,4,1,PRESENT,0
STU2156,Data Science,4,GATE_SOUTH,08:07:00,1,CL_CS101_2,RM101,1,Computer Laboratory Corridor,09:59:00,112,2,1,PRESENT,0
STU2157,Business Admin,2,NONE,00:00:00,0,CL_CS101_1,RM101,0,UNKNOWN,00:00:00,0,0,0,EXCUSED,0
STU2158,Mechanical Eng,3,GATE_NORTH,07:52:00,1,CL_ME102_1,RM404,1,Library Entrance,08:25:00,33,1,1,PRESENT,0
STU2159,Electrical Eng,4,GATE_NORTH,07:53:00,1,CL_CS101_2,RM101,1,Academic Block Corridor,09:09:00,76,1,1,PRESENT,0
STU2160,Mechanical Eng,4,GATE_NORTH,09:04:00,1,CL_BA101_1,RM505,1,Canteen Entrance,10:33:00,89,2,1,PRESENT,0
STU2161,Data Science,3,GATE_NORTH,08:18:00,1,CL_BA101_2,RM505,1,Computer Laboratory Corridor,09:14:00,56,1,1,PRESENT,0
STU2162,Data Science,2,GATE_SOUTH,08:24:00,1,CL_ME102_1,RM404,0,Computer Laboratory Corridor,12:05:00,221,4,1,NOT_YET_VERIFIED,1
STU2163,Business Admin,4,GATE_SOUTH,08:41:00,1,CL_DS201_2,RM202,1,Main Building Entrance,09:49:00,68,1,1,PRESENT,0
STU2164,Data Science,1,GATE_NORTH,07:46:00,1,CL_DS201_1,RM202,1,Canteen Entrance,08:48:00,62,1,1,PRESENT,0
STU2165,Business Admin,1,GATE_SOUTH,08:44:00,1,CL_BA101_2,RM505,1,Canteen Entrance,12:07:00,203,3,1,PRESENT,0
STU2166,Computer Science,1,GATE_SOUTH,07:30:00,1,CL_BA101_1,RM505,0,Library Entrance,11:00:00,210,3,1,NOT_YET_VERIFIED,1
STU2167,Computer Science,4,GATE_NORTH,08:29:00,1,CL_CS101_2,RM101,1,Canteen Entrance,10:35:00,126,2,1,PRESENT,0
STU2168,Data Science,2,GATE_NORTH,07:35:00,1,CL_ME102_2,RM404,1,Academic Block Corridor,10:19:00,164,3,1,PRESENT,0
STU2169,Computer Science,2,GATE_SOUTH,09:28:00,1,CL_DS201_2,RM202,1,Library Entrance,10:56:00,88,2,1,PRESENT,0
STU2170,Computer Science,2,GATE_NORTH,08:46:00,1,CL_CS101_1,RM101,1,Academic Block Corridor,11:46:00,180,3,1,PRESENT,0
STU2171,Business Admin,4,GATE_SOUTH,09:09:00,1,CL_EE301_1,RM303,1,Computer Laboratory Corridor,13:02:00,233,4,1,PRESENT,0
STU2172,Electrical Eng,1,GATE_SOUTH,08:32:00,0,CL_ME102_2,RM404,0,UNKNOWN,00:00:00,0,0,0,EXCUSED,0
STU2173,Business Admin,4,GATE_SOUTH,07:39:00,1,CL_EE301_1,RM303,1,Computer Laboratory Corridor,08:54:00,75,1,1,PRESENT,0
STU2174,Mechanical Eng,1,GATE_NORTH,08:37:00,1,CL_ME102_2,RM404,1,Main Building Entrance,09:35:00,58,2,1,PRESENT,0
STU2175,Computer Science,4,GATE_NORTH,07:53:00,1,CL_CS101_2,RM101,1,Main Building Entrance,09:21:00,88,3,1,PRESENT,0
STU2176,Computer Science,1,GATE_NORTH,09:10:00,1,CL_DS201_1,RM202,1,Academic Block Corridor,12:02:00,172,3,1,PRESENT,0
STU2177,Business Admin,3,GATE_SOUTH,08:23:00,1,CL_BA101_1,RM505,0,Main Building Entrance,10:02:00,99,2,1,NOT_YET_VERIFIED,1
STU2178,Business Admin,3,GATE_SOUTH,07:41:00,1,CL_DS201_2,RM202,1,Canteen Entrance,10:16:00,155,4,0,PRESENT,0
STU2179,Computer Science,4,GATE_NORTH,07:58:00,1,CL_CS101_1,RM101,1,Computer Laboratory Corridor,11:31:00,213,4,1,PRESENT,0
STU2180,Data Science,1,GATE_SOUTH,08:54:00,1,CL_CS101_2,RM101,1,Academic Block Corridor,11:25:00,151,3,1,PRESENT,0
STU2181,Computer Science,2,GATE_SOUTH,08:12:00,1,CL_CS101_1,RM101,1,Canteen Entrance,10:24:00,132,2,1,PRESENT,0
STU2182,Data Science,2,GATE_NORTH,08:07:00,1,CL_CS101_2,RM101,1,Library Entrance,10:37:00,150,2,1,PRESENT,0
STU2183,Business Admin,3,NONE,00:00:00,0,CL_DS201_1,RM202,0,UNKNOWN,00:00:00,0,0,0,EXCUSED,0
STU2184,Electrical Eng,3,GATE_SOUTH,09:06:00,1,CL_CS101_2,RM101,1,Canteen Entrance,12:19:00,193,4,1,PRESENT,0
STU2185,Mechanical Eng,1,GATE_NORTH,08:41:00,1,CL_ME102_1,RM404,1,Main Building Entrance,12:14:00,213,4,1,PRESENT,0
STU2186,Electrical Eng,4,NONE,00:00:00,0,CL_DS201_2,RM202,0,UNKNOWN,00:00:00,0,0,0,ABSENCE_REQUIRES_REVIEW,0
STU2187,Mechanical Eng,2,GATE_SOUTH,07:44:00,1,CL_EE301_2,RM303,1,Library Entrance,09:33:00,109,3,1,PRESENT,0
STU2188,Data Science,3,GATE_NORTH,08:27:00,1,CL_BA101_2,RM505,1,Academic Block Corridor,10:09:00,102,2,1,PRESENT,0
STU2189,Computer Science,1,GATE_NORTH,09:25:00,1,CL_BA101_1,RM505,1,Main Building Entrance,11:59:00,154,3,1,PRESENT,0
STU2190,Computer Science,4,GATE_SOUTH,07:35:00,1,CL_DS201_2,RM202,1,Library Entrance,09:35:00,120,2,1,PRESENT,0
STU2191,Mechanical Eng,4,NONE,00:00:00,0,CL_DS201_1,RM202,0,UNKNOWN,00:00:00,0,0,0,ABSENCE_REQUIRES_REVIEW,0
STU2192,Business Admin,4,GATE_NORTH,08:18:00,1,CL_DS201_2,RM202,1,Main Building Entrance,09:54:00,96,2,1,PRESENT,0
STU2193,Computer Science,1,GATE_SOUTH,08:19:00,1,CL_DS201_1,RM202,1,Main Building Entrance,11:27:00,188,4,1,PRESENT,0
STU2194,Data Science,1,NONE,00:00:00,0,CL_ME102_2,RM404,0,UNKNOWN,00:00:00,0,0,0,ABSENCE_REQUIRES_REVIEW,0
STU2195,Mechanical Eng,4,GATE_SOUTH,08:39:00,1,CL_BA101_1,RM505,1,Computer Laboratory Corridor,09:02:00,23,1,1,PRESENT,0
STU2196,Electrical Eng,1,GATE_SOUTH,07:33:00,1,CL_EE301_2,RM303,1,Academic Block Corridor,12:21:00,288,4,1,PRESENT,0
STU2197,Business Admin,1,GATE_SOUTH,08:35:00,1,CL_CS101_1,RM101,1,Computer Laboratory Corridor,11:57:00,202,4,0,PRESENT,0
STU2198,Data Science,2,GATE_NORTH,08:32:00,1,CL_ME102_1,RM404,0,Computer Laboratory Corridor,10:35:00,123,2,1,NOT_YET_VERIFIED,1
STU2199,Business Admin,4,GATE_NORTH,08:07:00,1,CL_EE301_1,RM303,0,Canteen Entrance,10:32:00,145,2,0,NOT_YET_VERIFIED,1
STU2200,Electrical Eng,1,GATE_NORTH,08:11:00,1,CL_BA101_1,RM505,1,Canteen Entrance,09:46:00,95,2,1,PRESENT,0
